data_model,sigma,repeats,seed,method,mean_squared_error,p90_squared_error,selected_temperature,csm_oracle_relative_difference,gaussian_unregularized_expected_risk
linear_gaussian,0.1,1,0,csm,0.05320638545103319,0.09412101768483538,nan,2.334644148703058e-16,0.04000000000000001
linear_gaussian,0.1,1,0,simple_average,0.05320638546288642,0.09412101769512131,nan,nan,0.04000000000000001
linear_gaussian,0.1,1,0,hebbian,0.05320638546288642,0.09412101769512131,nan,nan,0.04000000000000001
linear_gaussian,0.1,1,0,softmax,0.05316459615603407,0.09407045995411474,0.1,nan,0.04000000000000001
linear_gaussian,0.1,1,0,oracle_ridge,0.05320638545103319,0.09412101768483537,nan,nan,0.04000000000000001
linear_gaussian,0.1,1,1,csm,0.032846884625063626,0.048790173660567794,nan,2.326321126716891e-16,0.04000000000000001
linear_gaussian,0.1,1,1,simple_average,0.03284688463263244,0.048790173670796654,nan,nan,0.04000000000000001
linear_gaussian,0.1,1,1,hebbian,0.03284688463263245,0.04879017367079668,nan,nan,0.04000000000000001
linear_gaussian,0.1,1,1,softmax,0.032825120633044685,0.048748548073776925,0.1,nan,0.04000000000000001
linear_gaussian,0.1,1,1,oracle_ridge,0.032846884625063626,0.0487901736605678,nan,nan,0.04000000000000001
linear_gaussian,0.1,1,2,csm,0.05129864719287739,0.10167744096632908,nan,3.1384411632887134e-16,0.04000000000000001
linear_gaussian,0.1,1,2,simple_average,0.051298647200390644,0.10167744098844748,nan,nan,0.04000000000000001
linear_gaussian,0.1,1,2,hebbian,0.05129864720039065,0.10167744098844753,nan,nan,0.04000000000000001
linear_gaussian,0.1,1,2,softmax,0.051279255883937835,0.10162933398760489,0.1,nan,0.04000000000000001
linear_gaussian,0.1,1,2,oracle_ridge,0.05129864719287736,0.10167744096632905,nan,nan,0.04000000000000001
linear_gaussian,0.1,1,3,csm,0.03253711985303302,0.04864835801372142,nan,3.2034888171747456e-16,0.04000000000000001
linear_gaussian,0.1,1,3,simple_average,0.03253711986140265,0.048648358027293004,nan,nan,0.04000000000000001
linear_gaussian,0.1,1,3,hebbian,0.03253711986140264,0.048648358027293025,nan,nan,0.04000000000000001
linear_gaussian,0.1,1,3,softmax,0.03250846534783221,0.04859140507791412,0.1,nan,0.04000000000000001
linear_gaussian,0.1,1,3,oracle_ridge,0.03253711985303302,0.04864835801372142,nan,nan,0.04000000000000001
linear_gaussian,0.1,1,4,csm,0.03186494471792598,0.060572086457649624,nan,3.458040273582467e-16,0.04000000000000001
linear_gaussian,0.1,1,4,simple_average,0.03186494471947244,0.06057208647343827,nan,nan,0.04000000000000001
linear_gaussian,0.1,1,4,hebbian,0.031864944719472446,0.06057208647343827,nan,nan,0.04000000000000001
linear_gaussian,0.1,1,4,softmax,0.03186144991047821,0.060521630568550595,0.1,nan,0.04000000000000001
linear_gaussian,0.1,1,4,oracle_ridge,0.03186494471792598,0.06057208645764966,nan,nan,0.04000000000000001
linear_gaussian,0.1,1,5,csm,0.043929381217204126,0.06642414835906452,nan,2.6743304783194343e-16,0.04000000000000001
linear_gaussian,0.1,1,5,simple_average,0.04392938122832947,0.06642414837599146,nan,nan,0.04000000000000001
linear_gaussian,0.1,1,5,hebbian,0.04392938122832947,0.06642414837599146,nan,nan,0.04000000000000001
linear_gaussian,0.1,1,5,softmax,0.04389077574931415,0.0663607267225812,0.1,nan,0.04000000000000001
linear_gaussian,0.1,1,5,oracle_ridge,0.04392938121720412,0.06642414835906454,nan,nan,0.04000000000000001
linear_gaussian,0.1,1,6,csm,0.029933660737452336,0.042331471458683136,nan,3.1118980378390033e-16,0.04000000000000001
linear_gaussian,0.1,1,6,simple_average,0.029933660742810116,0.042331471475542205,nan,nan,0.04000000000000001
linear_gaussian,0.1,1,6,hebbian,0.02993366074281012,0.04233147147554218,nan,nan,0.04000000000000001
linear_gaussian,0.1,1,6,softmax,0.02992100669986069,0.04227840657236786,0.1,nan,0.04000000000000001
linear_gaussian,0.1,1,6,oracle_ridge,0.02993366073745234,0.04233147145868313,nan,nan,0.04000000000000001
linear_gaussian,0.1,1,7,csm,0.03884123297510761,0.05707525763857684,nan,2.9606017097359955e-16,0.04000000000000001
linear_gaussian,0.1,1,7,simple_average,0.03884123298170383,0.05707525766101726,nan,nan,0.04000000000000001
linear_gaussian,0.1,1,7,hebbian,0.038841232981703826,0.057075257661017245,nan,nan,0.04000000000000001
linear_gaussian,0.1,1,7,softmax,0.03881525572170398,0.057005922641431214,0.1,nan,0.04000000000000001
linear_gaussian,0.1,1,7,oracle_ridge,0.0388412329751076,0.05707525763857682,nan,nan,0.04000000000000001
linear_gaussian,0.1,1,8,csm,0.04877362059704407,0.09037250698260206,nan,2.36669160408771e-16,0.04000000000000001
linear_gaussian,0.1,1,8,simple_average,0.04877362060806921,0.09037250699051282,nan,nan,0.04000000000000001
linear_gaussian,0.1,1,8,hebbian,0.04877362060806922,0.09037250699051283,nan,nan,0.04000000000000001
linear_gaussian,0.1,1,8,softmax,0.04873604405537783,0.09034365733588014,0.1,nan,0.04000000000000001
linear_gaussian,0.1,1,8,oracle_ridge,0.04877362059704408,0.09037250698260205,nan,nan,0.04000000000000001
linear_gaussian,0.1,1,9,csm,0.03350650796775259,0.046210222620692167,nan,3.8291224643905075e-16,0.04000000000000001
linear_gaussian,0.1,1,9,simple_average,0.03350650797747813,0.046210222619406285,nan,nan,0.04000000000000001
linear_gaussian,0.1,1,9,hebbian,0.0335065079774781,0.04621022261940621,nan,nan,0.04000000000000001
linear_gaussian,0.1,1,9,softmax,0.03347167766825861,0.04621686422350802,0.1,nan,0.04000000000000001
linear_gaussian,0.1,1,9,oracle_ridge,0.03350650796775259,0.04621022262069215,nan,nan,0.04000000000000001
linear_gaussian,0.1,1,10,csm,0.04460198466311717,0.06569708114523405,nan,3.2583046458666324e-16,0.04000000000000001
linear_gaussian,0.1,1,10,simple_average,0.044601984665866165,0.06569708115288853,nan,nan,0.04000000000000001
linear_gaussian,0.1,1,10,hebbian,0.04460198466586619,0.06569708115288858,nan,nan,0.04000000000000001
linear_gaussian,0.1,1,10,softmax,0.044601984665866165,0.06569708115288853,0.001,nan,0.04000000000000001
linear_gaussian,0.1,1,10,oracle_ridge,0.04460198466311718,0.06569708114523405,nan,nan,0.04000000000000001
linear_gaussian,0.1,1,11,csm,0.034820347220252255,0.061243363943624875,nan,2.608291506657104e-16,0.04000000000000001
linear_gaussian,0.1,1,11,simple_average,0.03482034722614192,0.06124336396178981,nan,nan,0.04000000000000001
linear_gaussian,0.1,1,11,hebbian,0.03482034722614191,0.06124336396178978,nan,nan,0.04000000000000001
linear_gaussian,0.1,1,11,softmax,0.03480031792076298,0.061182242581634495,0.1,nan,0.04000000000000001
linear_gaussian,0.1,1,11,oracle_ridge,0.03482034722025226,0.06124336394362487,nan,nan,0.04000000000000001
linear_gaussian,0.1,1,12,csm,0.03336920684958887,0.05354218251558809,nan,2.8551752361686173e-16,0.04000000000000001
linear_gaussian,0.1,1,12,simple_average,0.033369206854556376,0.05354218252081085,nan,nan,0.04000000000000001
linear_gaussian,0.1,1,12,hebbian,0.033369206854556376,0.053542182520810874,nan,nan,0.04000000000000001
linear_gaussian,0.1,1,12,softmax,0.03335541986926802,0.0535304558523258,0.1,nan,0.04000000000000001
linear_gaussian,0.1,1,12,oracle_ridge,0.03336920684958887,0.053542182515588115,nan,nan,0.04000000000000001
linear_gaussian,0.1,1,13,csm,0.038679267659433095,0.08891749332285859,nan,2.5074072411635374e-16,0.04000000000000001
linear_gaussian,0.1,1,13,simple_average,0.03867926766289857,0.08891749332690574,nan,nan,0.04000000000000001
linear_gaussian,0.1,1,13,hebbian,0.03867926766289857,0.08891749332690572,nan,nan,0.04000000000000001
linear_gaussian,0.1,1,13,softmax,0.03866624388622716,0.08889613205777246,0.1,nan,0.04000000000000001
linear_gaussian,0.1,1,13,oracle_ridge,0.03867926765943311,0.08891749332285862,nan,nan,0.04000000000000001
linear_gaussian,0.1,1,14,csm,0.049352036689742154,0.101555740644364,nan,2.9370851878587677e-16,0.04000000000000001
linear_gaussian,0.1,1,14,simple_average,0.04935203670458179,0.10155574067612459,nan,nan,0.04000000000000001
linear_gaussian,0.1,1,14,hebbian,0.049352036704581756,0.10155574067612458,nan,nan,0.04000000000000001
linear_gaussian,0.1,1,14,softmax,0.049294270181924754,0.10143697741475505,0.1,nan,0.04000000000000001
linear_gaussian,0.1,1,14,oracle_ridge,0.04935203668974217,0.10155574064436404,nan,nan,0.04000000000000001
linear_gaussian,0.1,1,15,csm,0.042580427327815584,0.07339986934148741,nan,2.0166022613544218e-16,0.04000000000000001
linear_gaussian,0.1,1,15,simple_average,0.04258042733774664,0.07339986934892045,nan,nan,0.04000000000000001
linear_gaussian,0.1,1,15,hebbian,0.04258042733774664,0.07339986934892048,nan,nan,0.04000000000000001
linear_gaussian,0.1,1,15,softmax,0.04254584128223275,0.07337643833059448,0.1,nan,0.04000000000000001
linear_gaussian,0.1,1,15,oracle_ridge,0.04258042732781559,0.0733998693414874,nan,nan,0.04000000000000001
linear_gaussian,0.1,2,0,csm,0.018975413051634346,0.03168318214644278,nan,2.652588903133112e-16,0.020000000000000004
linear_gaussian,0.1,2,0,simple_average,0.018975413054703082,0.03168318215056907,nan,nan,0.020000000000000004
linear_gaussian,0.1,2,0,hebbian,0.3515072725750086,0.7793061713307106,nan,nan,0.020000000000000004
linear_gaussian,0.1,2,0,softmax,0.018958422780377345,0.03165546456094177,0.1,nan,0.020000000000000004
linear_gaussian,0.1,2,0,oracle_ridge,0.018975413051634325,0.03168318214644278,nan,nan,0.020000000000000004
linear_gaussian,0.1,2,1,csm,0.018387648964697297,0.02534756949636226,nan,3.069871028918714e-16,0.020000000000000004
linear_gaussian,0.1,2,1,simple_average,0.018387648966170296,0.025347569500634416,nan,nan,0.020000000000000004
linear_gaussian,0.1,2,1,hebbian,0.3069291822066341,0.4336037474196224,nan,nan,0.020000000000000004
linear_gaussian,0.1,2,1,softmax,0.018379028833124346,0.025312377007500417,0.1,nan,0.020000000000000004
linear_gaussian,0.1,2,1,oracle_ridge,0.018387648964697308,0.025347569496362278,nan,nan,0.020000000000000004
linear_gaussian,0.1,2,2,csm,0.01781364031908291,0.03894127346221842,nan,3.350065814829487e-16,0.020000000000000004
linear_gaussian,0.1,2,2,simple_average,0.01781364031824626,0.038941273461182174,nan,nan,0.020000000000000004
linear_gaussian,0.1,2,2,hebbian,0.24530348693663367,0.4208775263782768,nan,nan,0.020000000000000004
linear_gaussian,0.1,2,2,softmax,0.01781364031824626,0.038941273461182174,0.001,nan,0.020000000000000004
linear_gaussian,0.1,2,2,oracle_ridge,0.017813640319082898,0.03894127346221837,nan,nan,0.020000000000000004
linear_gaussian,0.1,2,3,csm,0.01348101209161803,0.023830516722207356,nan,3.958633319185046e-16,0.020000000000000004
linear_gaussian,0.1,2,3,simple_average,0.013481012094538407,0.023830516724895744,nan,nan,0.020000000000000004
linear_gaussian,0.1,2,3,hebbian,0.3452821044154849,0.6196796706614929,nan,nan,0.020000000000000004
linear_gaussian,0.1,2,3,softmax,0.013458897674436403,0.02379611762665826,0.1,nan,0.020000000000000004
linear_gaussian,0.1,2,3,oracle_ridge,0.013481012091618044,0.02383051672220736,nan,nan,0.020000000000000004
linear_gaussian,0.1,2,4,csm,0.014004138569674234,0.02655077336261276,nan,3.1543776923650823e-16,0.020000000000000004
linear_gaussian,0.1,2,4,simple_average,0.01400413857200328,0.02655077336843653,nan,nan,0.020000000000000004
linear_gaussian,0.1,2,4,hebbian,0.3524856711908983,0.6062462201107833,nan,nan,0.020000000000000004
linear_gaussian,0.1,2,4,softmax,0.013986862825303634,0.02651452573472229,0.1,nan,0.020000000000000004
linear_gaussian,0.1,2,4,oracle_ridge,0.014004138569674234,0.02655077336261274,nan,nan,0.020000000000000004
linear_gaussian,0.1,2,5,csm,0.01892038434529035,0.03481672634478869,nan,3.252190874743254e-16,0.020000000000000004
linear_gaussian,0.1,2,5,simple_average,0.01892038434833904,0.0348167263500311,nan,nan,0.020000000000000004
linear_gaussian,0.1,2,5,hebbian,0.420333964325548,0.6264353002881214,nan,nan,0.020000000000000004
linear_gaussian,0.1,2,5,softmax,0.018898315556572343,0.03478503764252899,0.1,nan,0.020000000000000004
linear_gaussian,0.1,2,5,oracle_ridge,0.018920384345290333,0.034816726344788655,nan,nan,0.020000000000000004
linear_gaussian,0.1,2,6,csm,0.01515591102925541,0.029559418207693377,nan,2.7714622570566385e-16,0.020000000000000004
linear_gaussian,0.1,2,6,simple_average,0.01515591103101012,0.029559418209309567,nan,nan,0.020000000000000004
linear_gaussian,0.1,2,6,hebbian,0.3390705235501155,0.43980454964660853,nan,nan,0.020000000000000004
linear_gaussian,0.1,2,6,softmax,0.015141077354314202,0.02954093162289911,0.1,nan,0.020000000000000004
linear_gaussian,0.1,2,6,oracle_ridge,0.015155911029255403,0.029559418207693363,nan,nan,0.020000000000000004
linear_gaussian,0.1,2,7,csm,0.02433431717395193,0.039627338308716585,nan,2.758479632611042e-16,0.020000000000000004
linear_gaussian,0.1,2,7,simple_average,0.02433431717689008,0.03962733831476324,nan,nan,0.020000000000000004
linear_gaussian,0.1,2,7,hebbian,0.30914812695663385,0.5407014995008335,nan,nan,0.020000000000000004
linear_gaussian,0.1,2,7,softmax,0.024311153950008803,0.039580824478729106,0.1,nan,0.020000000000000004
linear_gaussian,0.1,2,7,oracle_ridge,0.02433431717395193,0.039627338308716585,nan,nan,0.020000000000000004
linear_gaussian,0.1,2,8,csm,0.015413937621531423,0.03015913055480953,nan,3.250230379837462e-16,0.020000000000000004
linear_gaussian,0.1,2,8,simple_average,0.01541393762431733,0.030159130557629647,nan,nan,0.020000000000000004
linear_gaussian,0.1,2,8,hebbian,0.48539055754400884,0.8633526231229027,nan,nan,0.020000000000000004
linear_gaussian,0.1,2,8,softmax,0.015393597858239075,0.03012535750290399,0.1,nan,0.020000000000000004
linear_gaussian,0.1,2,8,oracle_ridge,0.015413937621531416,0.0301591305548095,nan,nan,0.020000000000000004
linear_gaussian,0.1,2,9,csm,0.02068920602749373,0.033792635364328506,nan,2.741292333520343e-16,0.020000000000000004
linear_gaussian,0.1,2,9,simple_average,0.020689206030138706,0.0337926353657803,nan,nan,0.020000000000000004
linear_gaussian,0.1,2,9,hebbian,0.30541001440884086,0.4055537831010027,nan,nan,0.020000000000000004
linear_gaussian,0.1,2,9,softmax,0.020669770563257854,0.03378437793748276,0.1,nan,0.020000000000000004
linear_gaussian,0.1,2,9,oracle_ridge,0.020689206027493724,0.033792635364328485,nan,nan,0.020000000000000004
linear_gaussian,0.1,2,10,csm,0.025962782096064736,0.04587790282196393,nan,2.9236934139109727e-16,0.020000000000000004
linear_gaussian,0.1,2,10,simple_average,0.025962782099072115,0.045877902832005185,nan,nan,0.020000000000000004
linear_gaussian,0.1,2,10,hebbian,0.34585313876838164,0.656431927818544,nan,nan,0.020000000000000004
linear_gaussian,0.1,2,10,softmax,0.025944549476808906,0.04581089186441489,0.1,nan,0.020000000000000004
linear_gaussian,0.1,2,10,oracle_ridge,0.025962782096064736,0.045877902821963926,nan,nan,0.020000000000000004
linear_gaussian,0.1,2,11,csm,0.018105050251734027,0.03473220708045539,nan,2.6092397353670304e-16,0.020000000000000004
linear_gaussian,0.1,2,11,simple_average,0.01810505025466485,0.03473220708861987,nan,nan,0.020000000000000004
linear_gaussian,0.1,2,11,hebbian,0.4431702577852847,0.6351586517139155,nan,nan,0.020000000000000004
linear_gaussian,0.1,2,11,softmax,0.018089129095246667,0.034683928272454465,0.1,nan,0.020000000000000004
linear_gaussian,0.1,2,11,oracle_ridge,0.018105050251734024,0.03473220708045541,nan,nan,0.020000000000000004
linear_gaussian,0.1,2,12,csm,0.013210324100122534,0.021868994535995695,nan,2.7412536951638914e-16,0.020000000000000004
linear_gaussian,0.1,2,12,simple_average,0.013210324100976091,0.021868994541218316,nan,nan,0.020000000000000004
linear_gaussian,0.1,2,12,hebbian,0.4162475808760965,0.7752544942900809,nan,nan,0.020000000000000004
linear_gaussian,0.1,2,12,softmax,0.01320602680103182,0.021837943580383698,0.1,nan,0.020000000000000004
linear_gaussian,0.1,2,12,oracle_ridge,0.013210324100122533,0.0218689945359957,nan,nan,0.020000000000000004
linear_gaussian,0.1,2,13,csm,0.023896971040783744,0.03847110073623405,nan,2.215712561719224e-16,0.020000000000000004
linear_gaussian,0.1,2,13,simple_average,0.02389697104267028,0.038471100742662585,nan,nan,0.020000000000000004
linear_gaussian,0.1,2,13,hebbian,0.2559061359449588,0.4536782981920966,nan,nan,0.020000000000000004
linear_gaussian,0.1,2,13,softmax,0.02388280058961353,0.03842049341875104,0.1,nan,0.020000000000000004
linear_gaussian,0.1,2,13,oracle_ridge,0.02389697104078374,0.03847110073623405,nan,nan,0.020000000000000004
linear_gaussian,0.1,2,14,csm,0.017881565083808223,0.03156393042642314,nan,2.5412184657646825e-16,0.020000000000000004
linear_gaussian,0.1,2,14,simple_average,0.017881565087041223,0.03156393043229181,nan,nan,0.020000000000000004
linear_gaussian,0.1,2,14,hebbian,0.46610359255352113,0.8701004941038627,nan,nan,0.020000000000000004
linear_gaussian,0.1,2,14,softmax,0.017862250215980428,0.03152143665043693,0.1,nan,0.020000000000000004
linear_gaussian,0.1,2,14,oracle_ridge,0.017881565083808226,0.031563930426423165,nan,nan,0.020000000000000004
linear_gaussian,0.1,2,15,csm,0.01664358431733144,0.031007636244740146,nan,3.2029182258037673e-16,0.020000000000000004
linear_gaussian,0.1,2,15,simple_average,0.01664358431826888,0.031007636246502643,nan,nan,0.020000000000000004
linear_gaussian,0.1,2,15,hebbian,0.34334246012919223,0.8116251245856674,nan,nan,0.020000000000000004
linear_gaussian,0.1,2,15,softmax,0.01663775868209515,0.0309997732231555,0.1,nan,0.020000000000000004
linear_gaussian,0.1,2,15,oracle_ridge,0.016643584317331442,0.031007636244740136,nan,nan,0.020000000000000004
linear_gaussian,0.1,4,0,csm,0.015441283274784091,0.026427341952581177,nan,2.3551215026815217e-16,0.010000000000000002
linear_gaussian,0.1,4,0,simple_average,0.01544128327599844,0.026427341954201516,nan,nan,0.010000000000000002
linear_gaussian,0.1,4,0,hebbian,2.131607727536256,3.461619368125333,nan,nan,0.010000000000000002
linear_gaussian,0.1,4,0,softmax,0.015426144173476382,0.026407249567439246,0.1,nan,0.010000000000000002
linear_gaussian,0.1,4,0,oracle_ridge,0.015441283274784095,0.026427341952581198,nan,nan,0.010000000000000002
linear_gaussian,0.1,4,1,csm,0.009961980204239112,0.019795994484466343,nan,2.3362625145771876e-16,0.010000000000000002
linear_gaussian,0.1,4,1,simple_average,0.009961980205216776,0.019795994487490125,nan,nan,0.010000000000000002
linear_gaussian,0.1,4,1,hebbian,2.172260666637765,3.9564231688340956,nan,nan,0.010000000000000002
linear_gaussian,0.1,4,1,softmax,0.00994985739084937,0.01975622766492185,0.1,nan,0.010000000000000002
linear_gaussian,0.1,4,1,oracle_ridge,0.009961980204239104,0.019795994484466308,nan,nan,0.010000000000000002
linear_gaussian,0.1,4,2,csm,0.007003641553274004,0.011429094743681175,nan,2.743901929653244e-16,0.010000000000000002
linear_gaussian,0.1,4,2,simple_average,0.007003641553422544,0.011429094743326857,nan,nan,0.010000000000000002
linear_gaussian,0.1,4,2,hebbian,1.8468604815964702,2.8390767669845816,nan,nan,0.010000000000000002
linear_gaussian,0.1,4,2,softmax,0.007003641553422544,0.011429094743326857,0.001,nan,0.010000000000000002
linear_gaussian,0.1,4,2,oracle_ridge,0.0070036415532740036,0.011429094743681163,nan,nan,0.010000000000000002
linear_gaussian,0.1,4,3,csm,0.012643425598063562,0.02069477571275597,nan,3.2247148738937086e-16,0.010000000000000002
linear_gaussian,0.1,4,3,simple_average,0.012643425598783602,0.02069477571342481,nan,nan,0.010000000000000002
linear_gaussian,0.1,4,3,hebbian,1.663590787952237,2.479981410898116,nan,nan,0.010000000000000002
linear_gaussian,0.1,4,3,softmax,0.012632944651787655,0.02068845573027094,0.1,nan,0.010000000000000002
linear_gaussian,0.1,4,3,oracle_ridge,0.012643425598063555,0.020694775712755964,nan,nan,0.010000000000000002
linear_gaussian,0.1,4,4,csm,0.011421324887402811,0.019630207441286764,nan,3.250321228102197e-16,0.010000000000000002
linear_gaussian,0.1,4,4,simple_average,0.011421324887693037,0.019630207442055986,nan,nan,0.010000000000000002
linear_gaussian,0.1,4,4,hebbian,2.0930273877827954,3.3137572243985516,nan,nan,0.010000000000000002
linear_gaussian,0.1,4,4,softmax,0.011420556238959531,0.019628441631366695,0.1,nan,0.010000000000000002
linear_gaussian,0.1,4,4,oracle_ridge,0.01142132488740281,0.019630207441286754,nan,nan,0.010000000000000002
linear_gaussian,0.1,4,5,csm,0.009385164025688383,0.016998851365041513,nan,3.2215354334477455e-16,0.010000000000000002
linear_gaussian,0.1,4,5,simple_average,0.009385164026215262,0.01699885136602363,nan,nan,0.010000000000000002
linear_gaussian,0.1,4,5,hebbian,1.7969160205763357,3.1770837263960736,nan,nan,0.010000000000000002
linear_gaussian,0.1,4,5,softmax,0.009378304795287146,0.016988290253813508,0.1,nan,0.010000000000000002
linear_gaussian,0.1,4,5,oracle_ridge,0.009385164025688383,0.016998851365041517,nan,nan,0.010000000000000002
linear_gaussian,0.1,4,6,csm,0.006927191488095811,0.010442056528355661,nan,2.5414252151197904e-16,0.010000000000000002
linear_gaussian,0.1,4,6,simple_average,0.006927191488655135,0.010442056530534413,nan,nan,0.010000000000000002
linear_gaussian,0.1,4,6,hebbian,2.0204398751382167,3.912215556904602,nan,nan,0.010000000000000002
linear_gaussian,0.1,4,6,softmax,0.006921530415674514,0.010417791057388695,0.1,nan,0.010000000000000002
linear_gaussian,0.1,4,6,oracle_ridge,0.0069271914880958095,0.010442056528355653,nan,nan,0.010000000000000002
linear_gaussian,0.1,4,7,csm,0.008582376480535165,0.012138690513823665,nan,3.252838381774626e-16,0.010000000000000002
linear_gaussian,0.1,4,7,simple_average,0.008582376481086729,0.012138690515399148,nan,nan,0.010000000000000002
linear_gaussian,0.1,4,7,hebbian,1.2540257142048992,2.240448757509511,nan,nan,0.010000000000000002
linear_gaussian,0.1,4,7,softmax,0.008574259535785042,0.012118203270037868,0.1,nan,0.010000000000000002
linear_gaussian,0.1,4,7,oracle_ridge,0.00858237648053516,0.012138690513823656,nan,nan,0.010000000000000002
linear_gaussian,0.1,4,8,csm,0.013932596685233117,0.03127003425433405,nan,2.9773892871524237e-16,0.010000000000000002
linear_gaussian,0.1,4,8,simple_average,0.013932596684864372,0.03127003425377062,nan,nan,0.010000000000000002
linear_gaussian,0.1,4,8,hebbian,2.359150267398367,4.233945308278755,nan,nan,0.010000000000000002
linear_gaussian,0.1,4,8,softmax,0.013932596684864372,0.03127003425377062,0.001,nan,0.010000000000000002
linear_gaussian,0.1,4,8,oracle_ridge,0.013932596685233124,0.03127003425433406,nan,nan,0.010000000000000002
linear_gaussian,0.1,4,9,csm,0.007581685581145452,0.016533349638719753,nan,3.1995500500661345e-16,0.010000000000000002
linear_gaussian,0.1,4,9,simple_average,0.007581685581306632,0.01653334963984083,nan,nan,0.010000000000000002
linear_gaussian,0.1,4,9,hebbian,0.997993260114623,1.595074127157299,nan,nan,0.010000000000000002
linear_gaussian,0.1,4,9,softmax,0.0075816395016472336,0.016522605623723034,0.1,nan,0.010000000000000002
linear_gaussian,0.1,4,9,oracle_ridge,0.007581685581145446,0.016533349638719743,nan,nan,0.010000000000000002
linear_gaussian,0.1,4,10,csm,0.006437563311110236,0.012747883239168704,nan,3.565917382863905e-16,0.010000000000000002
linear_gaussian,0.1,4,10,simple_average,0.006437563311258042,0.012747883240210704,nan,nan,0.010000000000000002
linear_gaussian,0.1,4,10,hebbian,2.5602535068702896,4.012101246848904,nan,nan,0.010000000000000002
linear_gaussian,0.1,4,10,softmax,0.006437563311258042,0.012747883240210705,0.001,nan,0.010000000000000002
linear_gaussian,0.1,4,10,oracle_ridge,0.006437563311110238,0.012747883239168704,nan,nan,0.010000000000000002
linear_gaussian,0.1,4,11,csm,0.010101391241373815,0.018716381635425248,nan,2.519841413279416e-16,0.010000000000000002
linear_gaussian,0.1,4,11,simple_average,0.010101391241885919,0.01871638163830342,nan,nan,0.010000000000000002
linear_gaussian,0.1,4,11,hebbian,2.088539452108841,3.6108308995361775,nan,nan,0.010000000000000002
linear_gaussian,0.1,4,11,softmax,0.010099030981671517,0.01868995151782672,0.1,nan,0.010000000000000002
linear_gaussian,0.1,4,11,oracle_ridge,0.010101391241373818,0.018716381635425237,nan,nan,0.010000000000000002
linear_gaussian,0.1,4,12,csm,0.009725766013282802,0.01753707007099422,nan,2.9978490027673666e-16,0.010000000000000002
linear_gaussian,0.1,4,12,simple_average,0.009725766013419835,0.01753707007105298,nan,nan,0.010000000000000002
linear_gaussian,0.1,4,12,hebbian,2.6607776501651212,6.067651305902757,nan,nan,0.010000000000000002
linear_gaussian,0.1,4,12,softmax,0.009721514146977916,0.01752895993588287,0.1,nan,0.010000000000000002
linear_gaussian,0.1,4,12,oracle_ridge,0.009725766013282795,0.017537070070994223,nan,nan,0.010000000000000002
linear_gaussian,0.1,4,13,csm,0.006258223823079589,0.010270046101116384,nan,2.9015464142069904e-16,0.010000000000000002
linear_gaussian,0.1,4,13,simple_average,0.006258223823707949,0.010270046100304351,nan,nan,0.010000000000000002
linear_gaussian,0.1,4,13,hebbian,1.9890302971808866,2.553412929016519,nan,nan,0.010000000000000002
linear_gaussian,0.1,4,13,softmax,0.006249773958934554,0.01027172889901475,0.1,nan,0.010000000000000002
linear_gaussian,0.1,4,13,oracle_ridge,0.006258223823079587,0.010270046101116375,nan,nan,0.010000000000000002
linear_gaussian,0.1,4,14,csm,0.00661740690748759,0.011010940900892628,nan,2.9267206247884295e-16,0.010000000000000002
linear_gaussian,0.1,4,14,simple_average,0.006617406907934332,0.011010940899945806,nan,nan,0.010000000000000002
linear_gaussian,0.1,4,14,hebbian,1.8327557587188483,2.4743692381223674,nan,nan,0.010000000000000002
linear_gaussian,0.1,4,14,softmax,0.006609562961450791,0.011022571818961224,0.1,nan,0.010000000000000002
linear_gaussian,0.1,4,14,oracle_ridge,0.006617406907487593,0.011010940900892609,nan,nan,0.010000000000000002
linear_gaussian,0.1,4,15,csm,0.009670654655983674,0.023987046636015728,nan,2.781751252528796e-16,0.010000000000000002
linear_gaussian,0.1,4,15,simple_average,0.009670654656887368,0.023987046638700722,nan,nan,0.010000000000000002
linear_gaussian,0.1,4,15,hebbian,3.2766766067087816,5.786880991228363,nan,nan,0.010000000000000002
linear_gaussian,0.1,4,15,softmax,0.009660613520881186,0.023955002283150832,0.1,nan,0.010000000000000002
linear_gaussian,0.1,4,15,oracle_ridge,0.009670654655983671,0.023987046636015714,nan,nan,0.010000000000000002
linear_gaussian,0.1,8,0,csm,0.008534264242278086,0.012079555676482308,nan,3.4167791551279464e-16,0.005000000000000001
linear_gaussian,0.1,8,0,simple_average,0.008534264242547704,0.012079555676868964,nan,nan,0.005000000000000001
linear_gaussian,0.1,8,0,hebbian,13.704104576981202,29.010407582454885,nan,nan,0.005000000000000001
linear_gaussian,0.1,8,0,softmax,0.008527896703639664,0.012073051595560278,0.1,nan,0.005000000000000001
linear_gaussian,0.1,8,0,oracle_ridge,0.008534264242278086,0.012079555676482303,nan,nan,0.005000000000000001
linear_gaussian,0.1,8,1,csm,0.004838853400025199,0.006254273972285277,nan,2.8084830980855344e-16,0.005000000000000001
linear_gaussian,0.1,8,1,simple_average,0.004838853400074442,0.006254273972831636,nan,nan,0.005000000000000001
linear_gaussian,0.1,8,1,hebbian,11.615793634317294,18.838801724739245,nan,nan,0.005000000000000001
linear_gaussian,0.1,8,1,softmax,0.004838675689541056,0.006243619351640901,0.1,nan,0.005000000000000001
linear_gaussian,0.1,8,1,oracle_ridge,0.0048388534000251985,0.006254273972285285,nan,nan,0.005000000000000001
linear_gaussian,0.1,8,2,csm,0.004938331196315622,0.008514954351402761,nan,3.338558178358111e-16,0.005000000000000001
linear_gaussian,0.1,8,2,simple_average,0.0049383311963553615,0.008514954351056175,nan,nan,0.005000000000000001
linear_gaussian,0.1,8,2,hebbian,11.488610791272716,19.73582603982716,nan,nan,0.005000000000000001
linear_gaussian,0.1,8,2,softmax,0.0049383311963553615,0.008514954351056177,0.001,nan,0.005000000000000001
linear_gaussian,0.1,8,2,oracle_ridge,0.004938331196315617,0.008514954351402749,nan,nan,0.005000000000000001
linear_gaussian,0.1,8,3,csm,0.004463579577451942,0.00677409204827542,nan,2.1655480095287777e-16,0.005000000000000001
linear_gaussian,0.1,8,3,simple_average,0.004463579577589407,0.006774092048343289,nan,nan,0.005000000000000001
linear_gaussian,0.1,8,3,hebbian,13.219863034218731,24.322189798632856,nan,nan,0.005000000000000001
linear_gaussian,0.1,8,3,softmax,0.004463579576619709,0.006774092317092695,0.05,nan,0.005000000000000001
linear_gaussian,0.1,8,3,oracle_ridge,0.004463579577451943,0.006774092048275426,nan,nan,0.005000000000000001
linear_gaussian,0.1,8,4,csm,0.0056437611463117775,0.01034611480090548,nan,2.319930716986739e-16,0.005000000000000001
linear_gaussian,0.1,8,4,simple_average,0.00564376114620733,0.010346114800527096,nan,nan,0.005000000000000001
linear_gaussian,0.1,8,4,hebbian,12.353983795997337,21.358797555403985,nan,nan,0.005000000000000001
linear_gaussian,0.1,8,4,softmax,0.005643761146207326,0.01034611480052708,0.001,nan,0.005000000000000001
linear_gaussian,0.1,8,4,oracle_ridge,0.005643761146311781,0.0103461148009055,nan,nan,0.005000000000000001
linear_gaussian,0.1,8,5,csm,0.004287885533013659,0.006604628834887629,nan,3.0358339064905244e-16,0.005000000000000001
linear_gaussian,0.1,8,5,simple_average,0.004287885532883389,0.006604628834447028,nan,nan,0.005000000000000001
linear_gaussian,0.1,8,5,hebbian,10.412779816709854,14.98200449372387,nan,nan,0.005000000000000001
linear_gaussian,0.1,8,5,softmax,0.004287885532883387,0.0066046288344470214,0.001,nan,0.005000000000000001
linear_gaussian,0.1,8,5,oracle_ridge,0.004287885533013655,0.006604628834887623,nan,nan,0.005000000000000001
linear_gaussian,0.1,8,6,csm,0.005516718235545462,0.006941057500088568,nan,3.2685941109841974e-16,0.005000000000000001
linear_gaussian,0.1,8,6,simple_average,0.005516718235991137,0.00694105750091844,nan,nan,0.005000000000000001
linear_gaussian,0.1,8,6,hebbian,23.654606222443938,34.525146925880286,nan,nan,0.005000000000000001
linear_gaussian,0.1,8,6,softmax,0.005509622583104789,0.006923815004314922,0.1,nan,0.005000000000000001
linear_gaussian,0.1,8,6,oracle_ridge,0.00551671823554546,0.006941057500088557,nan,nan,0.005000000000000001
linear_gaussian,0.1,8,7,csm,0.004237773467932861,0.006728001068795487,nan,3.257226177404256e-16,0.005000000000000001
linear_gaussian,0.1,8,7,simple_average,0.004237773467947198,0.006728001068595655,nan,nan,0.005000000000000001
linear_gaussian,0.1,8,7,hebbian,8.64413496716831,13.924157280469199,nan,nan,0.005000000000000001
linear_gaussian,0.1,8,7,softmax,0.004236984544936956,0.006731886935070145,0.1,nan,0.005000000000000001
linear_gaussian,0.1,8,7,oracle_ridge,0.004237773467932861,0.006728001068795495,nan,nan,0.005000000000000001
linear_gaussian,0.1,8,8,csm,0.004391181554970506,0.006410681628405146,nan,3.7286573159906855e-16,0.005000000000000001
linear_gaussian,0.1,8,8,simple_average,0.004391181555109201,0.006410681628616687,nan,nan,0.005000000000000001
linear_gaussian,0.1,8,8,hebbian,17.82231811940827,29.45002567975445,nan,nan,0.005000000000000001
linear_gaussian,0.1,8,8,softmax,0.004385374367607091,0.006405883097885807,0.1,nan,0.005000000000000001
linear_gaussian,0.1,8,8,oracle_ridge,0.004391181554970491,0.006410681628405129,nan,nan,0.005000000000000001
linear_gaussian,0.1,8,9,csm,0.003232078460168178,0.006313940582740577,nan,2.921382287543373e-16,0.005000000000000001
linear_gaussian,0.1,8,9,simple_average,0.0032320784604155084,0.006313940583254328,nan,nan,0.005000000000000001
linear_gaussian,0.1,8,9,hebbian,15.41781739853825,32.488729909258666,nan,nan,0.005000000000000001
linear_gaussian,0.1,8,9,softmax,0.0032247615070232997,0.006295054471287694,0.1,nan,0.005000000000000001
linear_gaussian,0.1,8,9,oracle_ridge,0.003232078460168173,0.006313940582740554,nan,nan,0.005000000000000001
linear_gaussian,0.1,8,10,csm,0.0036619964908848166,0.006844260498166128,nan,2.1246984949638618e-16,0.005000000000000001
linear_gaussian,0.1,8,10,simple_average,0.0036619964908341227,0.006844260497935558,nan,nan,0.005000000000000001
linear_gaussian,0.1,8,10,hebbian,9.890673706459612,18.497737354965764,nan,nan,0.005000000000000001
linear_gaussian,0.1,8,10,softmax,0.003661996490834123,0.006844260497935559,0.001,nan,0.005000000000000001
linear_gaussian,0.1,8,10,oracle_ridge,0.003661996490884816,0.006844260498166128,nan,nan,0.005000000000000001
linear_gaussian,0.1,8,11,csm,0.004031804017026292,0.007741068138458215,nan,2.898455458583789e-16,0.005000000000000001
linear_gaussian,0.1,8,11,simple_average,0.004031804017014855,0.007741068138556144,nan,nan,0.005000000000000001
linear_gaussian,0.1,8,11,hebbian,12.98870071840055,23.93550479865358,nan,nan,0.005000000000000001
linear_gaussian,0.1,8,11,softmax,0.0040318040170148565,0.007741068138556148,0.001,nan,0.005000000000000001
linear_gaussian,0.1,8,11,oracle_ridge,0.004031804017026286,0.007741068138458203,nan,nan,0.005000000000000001
linear_gaussian,0.1,8,12,csm,0.002602169333244075,0.004301331075910143,nan,3.0748547169481206e-16,0.005000000000000001
linear_gaussian,0.1,8,12,simple_average,0.0026021693333863364,0.004301331075986882,nan,nan,0.005000000000000001
linear_gaussian,0.1,8,12,hebbian,11.261223444016306,16.646786368838807,nan,nan,0.005000000000000001
linear_gaussian,0.1,8,12,softmax,0.0026011640380289467,0.004303843001376296,0.1,nan,0.005000000000000001
linear_gaussian,0.1,8,12,oracle_ridge,0.0026021693332440726,0.004301331075910134,nan,nan,0.005000000000000001
linear_gaussian,0.1,8,13,csm,0.004716194906310654,0.007517511909083384,nan,2.8974770236698523e-16,0.005000000000000001
linear_gaussian,0.1,8,13,simple_average,0.0047161949064444125,0.0075175119088902115,nan,nan,0.005000000000000001
linear_gaussian,0.1,8,13,hebbian,17.283776256697116,33.227428072078474,nan,nan,0.005000000000000001
linear_gaussian,0.1,8,13,softmax,0.004711232346966419,0.00752388433800515,0.1,nan,0.005000000000000001
linear_gaussian,0.1,8,13,oracle_ridge,0.004716194906310664,0.007517511909083388,nan,nan,0.005000000000000001
linear_gaussian,0.1,8,14,csm,0.005427242573482743,0.008879846016417888,nan,3.2499992319047957e-16,0.005000000000000001
linear_gaussian,0.1,8,14,simple_average,0.005427242573461408,0.008879846016799354,nan,nan,0.005000000000000001
linear_gaussian,0.1,8,14,hebbian,10.197654164160802,16.252372299843874,nan,nan,0.005000000000000001
linear_gaussian,0.1,8,14,softmax,0.005427242573461407,0.008879846016799356,0.001,nan,0.005000000000000001
linear_gaussian,0.1,8,14,oracle_ridge,0.0054272425734827375,0.008879846016417873,nan,nan,0.005000000000000001
linear_gaussian,0.1,8,15,csm,0.005049165775085955,0.009341904713023133,nan,3.130313500225303e-16,0.005000000000000001
linear_gaussian,0.1,8,15,simple_average,0.005049165775435538,0.009341904713599004,nan,nan,0.005000000000000001
linear_gaussian,0.1,8,15,hebbian,9.323809168635254,16.67091651406136,nan,nan,0.005000000000000001
linear_gaussian,0.1,8,15,softmax,0.005039375176945001,0.009326912913210058,0.1,nan,0.005000000000000001
linear_gaussian,0.1,8,15,oracle_ridge,0.0050491657750859524,0.00934190471302312,nan,nan,0.005000000000000001
linear_gaussian,0.1,16,0,csm,0.0025663408020884784,0.005277048814662486,nan,3.025912955219505e-16,0.0025000000000000005
linear_gaussian,0.1,16,0,simple_average,0.0025663408020248674,0.005277048814743422,nan,nan,0.0025000000000000005
linear_gaussian,0.1,16,0,hebbian,49.16253110028015,78.12880689822522,nan,nan,0.0025000000000000005
linear_gaussian,0.1,16,0,softmax,0.0025663408020248665,0.005277048814743424,0.001,nan,0.0025000000000000005
linear_gaussian,0.1,16,0,oracle_ridge,0.002566340802088479,0.005277048814662485,nan,nan,0.0025000000000000005
linear_gaussian,0.1,16,1,csm,0.003188628863620051,0.005530549176298233,nan,2.301467962447759e-16,0.0025000000000000005
linear_gaussian,0.1,16,1,simple_average,0.003188628863684814,0.005530549176636637,nan,nan,0.0025000000000000005
linear_gaussian,0.1,16,1,hebbian,71.03444174030015,111.59484552433987,nan,nan,0.0025000000000000005
linear_gaussian,0.1,16,1,softmax,0.003186445108906625,0.005514326285659091,0.1,nan,0.0025000000000000005
linear_gaussian,0.1,16,1,oracle_ridge,0.0031886288636200533,0.005530549176298234,nan,nan,0.0025000000000000005
linear_gaussian,0.1,16,2,csm,0.0014386232792369,0.0021811787647113617,nan,2.4913147028100645e-16,0.0025000000000000005
linear_gaussian,0.1,16,2,simple_average,0.0014386232792831148,0.0021811787648724733,nan,nan,0.0025000000000000005
linear_gaussian,0.1,16,2,hebbian,55.43336267999348,87.46898014115668,nan,nan,0.0025000000000000005
linear_gaussian,0.1,16,2,softmax,0.0014363167772172573,0.00217246654989809,0.1,nan,0.0025000000000000005
linear_gaussian,0.1,16,2,oracle_ridge,0.0014386232792369018,0.0021811787647113665,nan,nan,0.0025000000000000005
linear_gaussian,0.1,16,3,csm,0.0025853099084518242,0.005391126336485462,nan,3.262499836658123e-16,0.0025000000000000005
linear_gaussian,0.1,16,3,simple_average,0.0025853099084894296,0.00539112633664988,nan,nan,0.0025000000000000005
linear_gaussian,0.1,16,3,hebbian,51.14817109774228,89.38576189375938,nan,nan,0.0025000000000000005
linear_gaussian,0.1,16,3,softmax,0.002583178857487193,0.005383295836788204,0.1,nan,0.0025000000000000005
linear_gaussian,0.1,16,3,oracle_ridge,0.0025853099084518286,0.005391126336485484,nan,nan,0.0025000000000000005
linear_gaussian,0.1,16,4,csm,0.0015240650239825516,0.003124610042233144,nan,3.4839025561777027e-16,0.0025000000000000005
linear_gaussian,0.1,16,4,simple_average,0.001524065024064183,0.003124610042308687,nan,nan,0.0025000000000000005
linear_gaussian,0.1,16,4,hebbian,57.42364863427084,125.64003329590496,nan,nan,0.0025000000000000005
linear_gaussian,0.1,16,4,softmax,0.0015194051650095496,0.0031187916565956217,0.1,nan,0.0025000000000000005
linear_gaussian,0.1,16,4,oracle_ridge,0.0015240650239825505,0.0031246100422331483,nan,nan,0.0025000000000000005
linear_gaussian,0.1,16,5,csm,0.0028695380544562664,0.0043819995966978735,nan,2.38500116749821e-16,0.0025000000000000005
linear_gaussian,0.1,16,5,simple_average,0.0028695380543931315,0.004381999596784878,nan,nan,0.0025000000000000005
linear_gaussian,0.1,16,5,hebbian,51.45688622277319,73.24056595333006,nan,nan,0.0025000000000000005
linear_gaussian,0.1,16,5,softmax,0.002869538054393133,0.00438199959678488,0.001,nan,0.0025000000000000005
linear_gaussian,0.1,16,5,oracle_ridge,0.0028695380544562664,0.0043819995966978735,nan,nan,0.0025000000000000005
linear_gaussian,0.1,16,6,csm,0.002339613369501067,0.003409400087240168,nan,2.99256782480845e-16,0.0025000000000000005
linear_gaussian,0.1,16,6,simple_average,0.002339613369560583,0.0034094000874271752,nan,nan,0.0025000000000000005
linear_gaussian,0.1,16,6,hebbian,41.69037305494969,76.3130110675452,nan,nan,0.0025000000000000005
linear_gaussian,0.1,16,6,softmax,0.0023355949931439,0.003396530055549137,0.1,nan,0.0025000000000000005
linear_gaussian,0.1,16,6,oracle_ridge,0.002339613369501069,0.0034094000872401747,nan,nan,0.0025000000000000005
linear_gaussian,0.1,16,7,csm,0.0017838264095670663,0.002959914393631574,nan,2.699784425100985e-16,0.0025000000000000005
linear_gaussian,0.1,16,7,simple_average,0.0017838264095911278,0.002959914393576314,nan,nan,0.0025000000000000005
linear_gaussian,0.1,16,7,hebbian,67.81717737795246,104.24277505096282,nan,nan,0.0025000000000000005
linear_gaussian,0.1,16,7,softmax,0.0017807017451086714,0.0029572349599870187,0.1,nan,0.0025000000000000005
linear_gaussian,0.1,16,7,oracle_ridge,0.0017838264095670665,0.0029599143936315767,nan,nan,0.0025000000000000005
linear_gaussian,0.1,16,8,csm,0.001968375104890855,0.0031062060604286003,nan,3.388022944273859e-16,0.0025000000000000005
linear_gaussian,0.1,16,8,simple_average,0.0019683751049246363,0.0031062060604063924,nan,nan,0.0025000000000000005
linear_gaussian,0.1,16,8,hebbian,50.69909760021808,73.4738405850768,nan,nan,0.0025000000000000005
linear_gaussian,0.1,16,8,softmax,0.00196715099340297,0.0031090698595594335,0.1,nan,0.0025000000000000005
linear_gaussian,0.1,16,8,oracle_ridge,0.001968375104890857,0.0031062060604286033,nan,nan,0.0025000000000000005
linear_gaussian,0.1,16,9,csm,0.0028689177018863554,0.005504262460624943,nan,3.1508513838021854e-16,0.0025000000000000005
linear_gaussian,0.1,16,9,simple_average,0.0028689177019481484,0.005504262460814471,nan,nan,0.0025000000000000005
linear_gaussian,0.1,16,9,hebbian,44.34251658234953,77.76490702699685,nan,nan,0.0025000000000000005
linear_gaussian,0.1,16,9,softmax,0.0028663518220428987,0.005495471276716005,0.1,nan,0.0025000000000000005
linear_gaussian,0.1,16,9,oracle_ridge,0.0028689177018863545,0.005504262460624949,nan,nan,0.0025000000000000005
linear_gaussian,0.1,16,10,csm,0.002614801899064198,0.004300912563942859,nan,2.374783769081656e-16,0.0025000000000000005
linear_gaussian,0.1,16,10,simple_average,0.002614801899057025,0.004300912563798216,nan,nan,0.0025000000000000005
linear_gaussian,0.1,16,10,hebbian,61.46539677219584,93.58783542373057,nan,nan,0.0025000000000000005
linear_gaussian,0.1,16,10,softmax,0.0026147570814129186,0.00431101314773378,0.1,nan,0.0025000000000000005
linear_gaussian,0.1,16,10,oracle_ridge,0.0026148018990642,0.004300912563942859,nan,nan,0.0025000000000000005
linear_gaussian,0.1,16,11,csm,0.0019000827795346263,0.003602446694586619,nan,3.715107197572815e-16,0.0025000000000000005
linear_gaussian,0.1,16,11,simple_average,0.0019000827795139445,0.0036024466944714084,nan,nan,0.0025000000000000005
linear_gaussian,0.1,16,11,hebbian,75.67957442477456,121.55589635921007,nan,nan,0.0025000000000000005
linear_gaussian,0.1,16,11,softmax,0.0019000827795139432,0.0036024466944714053,0.001,nan,0.0025000000000000005
linear_gaussian,0.1,16,11,oracle_ridge,0.0019000827795346306,0.0036024466945866365,nan,nan,0.0025000000000000005
linear_gaussian,0.1,16,12,csm,0.0020411571136733377,0.002946746801857957,nan,3.241619371795048e-16,0.0025000000000000005
linear_gaussian,0.1,16,12,simple_average,0.002041157113704086,0.002946746801804651,nan,nan,0.0025000000000000005
linear_gaussian,0.1,16,12,hebbian,34.59980630610741,65.26342666764029,nan,nan,0.0025000000000000005
linear_gaussian,0.1,16,12,softmax,0.002041157113704087,0.0029467468018046536,0.001,nan,0.0025000000000000005
linear_gaussian,0.1,16,12,oracle_ridge,0.0020411571136733364,0.0029467468018579495,nan,nan,0.0025000000000000005
linear_gaussian,0.1,16,13,csm,0.0027767094121362384,0.005537342708779643,nan,2.5227578143833176e-16,0.0025000000000000005
linear_gaussian,0.1,16,13,simple_average,0.0027767094121895564,0.005537342708919242,nan,nan,0.0025000000000000005
linear_gaussian,0.1,16,13,hebbian,31.54226476010659,50.742045585404476,nan,nan,0.0025000000000000005
linear_gaussian,0.1,16,13,softmax,0.002773868719399153,0.005530394211799937,0.1,nan,0.0025000000000000005
linear_gaussian,0.1,16,13,oracle_ridge,0.0027767094121362397,0.005537342708779647,nan,nan,0.0025000000000000005
linear_gaussian,0.1,16,14,csm,0.0015258608373434441,0.0025972322538799666,nan,2.682630903565614e-16,0.0025000000000000005
linear_gaussian,0.1,16,14,simple_average,0.001525860837397257,0.00259723225389162,nan,nan,0.0025000000000000005
linear_gaussian,0.1,16,14,hebbian,69.06010781563208,116.6716075771577,nan,nan,0.0025000000000000005
linear_gaussian,0.1,16,14,softmax,0.0015224184690013952,0.002597923957952148,0.1,nan,0.0025000000000000005
linear_gaussian,0.1,16,14,oracle_ridge,0.0015258608373434428,0.0025972322538799623,nan,nan,0.0025000000000000005
linear_gaussian,0.1,16,15,csm,0.0030206633594931954,0.00574349007828793,nan,3.337992953157001e-16,0.0025000000000000005
linear_gaussian,0.1,16,15,simple_average,0.0030206633594470917,0.005743490078187544,nan,nan,0.0025000000000000005
linear_gaussian,0.1,16,15,hebbian,49.08148186367991,91.42939395787536,nan,nan,0.0025000000000000005
linear_gaussian,0.1,16,15,softmax,0.0030206633594470917,0.005743490078187541,0.001,nan,0.0025000000000000005
linear_gaussian,0.1,16,15,oracle_ridge,0.0030206633594931937,0.0057434900782879295,nan,nan,0.0025000000000000005
linear_gaussian,0.5,1,0,csm,1.33015962976987,2.353025431680191,nan,3.6726855962354597e-16,1.0
linear_gaussian,0.5,1,0,simple_average,1.3301596365721604,2.353025442378032,nan,nan,1.0
linear_gaussian,0.5,1,0,hebbian,1.3301596365721604,2.3530254423780312,nan,nan,1.0
linear_gaussian,0.5,1,0,softmax,0.26773906503380557,0.4174632520589714,1.0,nan,1.0
linear_gaussian,0.5,1,0,oracle_ridge,1.33015962976987,2.3530254316801917,nan,nan,1.0
linear_gaussian,0.5,1,1,csm,0.8211721115850197,1.2197543356122902,nan,3.0116369230445555e-16,1.0
linear_gaussian,0.5,1,1,simple_average,0.821172115815811,1.2197543417699166,nan,nan,1.0
linear_gaussian,0.5,1,1,hebbian,0.821172115815811,1.2197543417699168,nan,nan,1.0
linear_gaussian,0.5,1,1,softmax,0.30182476992249563,0.43119935270289794,1.0,nan,1.0
linear_gaussian,0.5,1,1,oracle_ridge,0.8211721115850197,1.2197543356122902,nan,nan,1.0
linear_gaussian,0.5,1,2,csm,1.2824661739407417,2.5419360117786374,nan,3.280813748897427e-16,1.0
linear_gaussian,0.5,1,2,simple_average,1.282466180009766,2.5419360247111866,nan,nan,1.0
linear_gaussian,0.5,1,2,hebbian,1.2824661800097659,2.5419360247111866,nan,nan,1.0
linear_gaussian,0.5,1,2,softmax,0.3619526383094824,0.7285605670386421,1.0,nan,1.0
linear_gaussian,0.5,1,2,oracle_ridge,1.2824661739407421,2.541936011778639,nan,nan,1.0
linear_gaussian,0.5,1,3,csm,0.813427992235152,1.216208944121048,nan,3.191249011460201e-16,1.0
linear_gaussian,0.5,1,3,simple_average,0.813427996535066,1.216208950682325,nan,nan,1.0
linear_gaussian,0.5,1,3,hebbian,0.8134279965350659,1.216208950682325,nan,nan,1.0
linear_gaussian,0.5,1,3,softmax,0.1964144731997593,0.3771087400516582,1.0,nan,1.0
linear_gaussian,0.5,1,3,oracle_ridge,0.813427992235152,1.2162089441210482,nan,nan,1.0
linear_gaussian,0.5,1,4,csm,0.7966236146070097,1.5143021538051689,nan,2.9349200149972743e-16,1.0
linear_gaussian,0.5,1,4,simple_average,0.7966236179868111,1.5143021618359571,nan,nan,1.0
linear_gaussian,0.5,1,4,hebbian,0.7966236179868109,1.5143021618359573,nan,nan,1.0
linear_gaussian,0.5,1,4,softmax,0.30991066348337554,0.5652766277480112,1.0,nan,1.0
linear_gaussian,0.5,1,4,oracle_ridge,0.7966236146070098,1.5143021538051693,nan,nan,1.0
linear_gaussian,0.5,1,5,csm,1.0982345249246306,1.6606037006415049,nan,2.900954999544833e-16,1.0
linear_gaussian,0.5,1,5,simple_average,1.0982345307082364,1.660603709399786,nan,nan,1.0
linear_gaussian,0.5,1,5,hebbian,1.0982345307082364,1.6606037093997859,nan,nan,1.0
linear_gaussian,0.5,1,5,softmax,0.28855559846060597,0.371898631352913,1.0,nan,1.0
linear_gaussian,0.5,1,5,oracle_ridge,1.0982345249246306,1.660603700641505,nan,nan,1.0
linear_gaussian,0.5,1,6,csm,0.7483415149071639,1.0582867805480263,nan,3.018559989943966e-16,1.0
linear_gaussian,0.5,1,6,simple_average,0.7483415185702529,1.0582867868885548,nan,nan,1.0
linear_gaussian,0.5,1,6,hebbian,0.748341518570253,1.0582867868885546,nan,nan,1.0
linear_gaussian,0.5,1,6,softmax,0.35360431036664636,0.5750459725539206,1.0,nan,1.0
linear_gaussian,0.5,1,6,oracle_ridge,0.7483415149071637,1.0582867805480254,nan,nan,1.0
linear_gaussian,0.5,1,7,csm,0.9710308198339437,1.4268814330128528,nan,2.3557493575935884e-16,1.0
linear_gaussian,0.5,1,7,simple_average,0.9710308245425956,1.4268814415254312,nan,nan,1.0
linear_gaussian,0.5,1,7,hebbian,0.9710308245425954,1.4268814415254307,nan,nan,1.0
linear_gaussian,0.5,1,7,softmax,0.27349195997030407,0.491486130394644,1.0,nan,1.0
linear_gaussian,0.5,1,7,oracle_ridge,0.9710308198339437,1.4268814330128523,nan,nan,1.0
linear_gaussian,0.5,1,8,csm,1.2193405089462261,2.259312664736727,nan,3.1446073922314275e-16,1.0
linear_gaussian,0.5,1,8,simple_average,1.2193405152017303,2.2593126747628203,nan,nan,1.0
linear_gaussian,0.5,1,8,hebbian,1.2193405152017305,2.2593126747628207,nan,nan,1.0
linear_gaussian,0.5,1,8,softmax,0.2624743984597326,0.44948058700287874,1.0,nan,1.0
linear_gaussian,0.5,1,8,oracle_ridge,1.2193405089462261,2.2593126647367265,nan,nan,1.0
linear_gaussian,0.5,1,9,csm,0.8376626948706094,1.1552555610248672,nan,2.8648919814579654e-16,1.0
linear_gaussian,0.5,1,9,simple_average,0.837662699436953,1.1552555654851568,nan,nan,1.0
linear_gaussian,0.5,1,9,hebbian,0.8376626994369529,1.1552555654851573,nan,nan,1.0
linear_gaussian,0.5,1,9,softmax,0.29113313821324205,0.5406258011755604,0.5,nan,1.0
linear_gaussian,0.5,1,9,oracle_ridge,0.8376626948706094,1.155255561024867,nan,nan,1.0
linear_gaussian,0.5,1,10,csm,1.1150496118428301,1.6424270212956924,nan,2.465171301159978e-16,1.0
linear_gaussian,0.5,1,10,simple_average,1.1150496166466541,1.642427028822213,nan,nan,1.0
linear_gaussian,0.5,1,10,hebbian,1.1150496166466541,1.6424270288222145,nan,nan,1.0
linear_gaussian,0.5,1,10,softmax,0.48253069046134556,0.6980821123253632,1.0,nan,1.0
linear_gaussian,0.5,1,10,oracle_ridge,1.1150496118428304,1.6424270212956924,nan,nan,1.0
linear_gaussian,0.5,1,11,csm,0.8705086764353059,1.5310840906497911,nan,2.3153868681421354e-16,1.0
linear_gaussian,0.5,1,11,simple_average,0.8705086806535477,1.5310840990447447,nan,nan,1.0
linear_gaussian,0.5,1,11,hebbian,0.8705086806535475,1.5310840990447443,nan,nan,1.0
linear_gaussian,0.5,1,11,softmax,0.33771813222478814,0.5271552630016412,1.0,nan,1.0
linear_gaussian,0.5,1,11,oracle_ridge,0.8705086764353062,1.5310840906497916,nan,nan,1.0
linear_gaussian,0.5,1,12,csm,0.8342301674060503,1.3385545570132078,nan,2.534463808495657e-16,1.0
linear_gaussian,0.5,1,12,simple_average,0.8342301713639093,1.3385545630202713,nan,nan,1.0
linear_gaussian,0.5,1,12,hebbian,0.8342301713639098,1.3385545630202724,nan,nan,1.0
linear_gaussian,0.5,1,12,softmax,0.2289774610359652,0.4686476842253622,1.0,nan,1.0
linear_gaussian,0.5,1,12,oracle_ridge,0.8342301674060504,1.3385545570132078,nan,nan,1.0
linear_gaussian,0.5,1,13,csm,0.9669816872713548,2.222937323775003,nan,2.5655460307899896e-16,1.0
linear_gaussian,0.5,1,13,simple_average,0.9669816915724639,2.2229373331726427,nan,nan,1.0
linear_gaussian,0.5,1,13,hebbian,0.966981691572464,2.2229373331726427,nan,nan,1.0
linear_gaussian,0.5,1,13,softmax,0.36337158160953364,0.5790048680640566,1.0,nan,1.0
linear_gaussian,0.5,1,13,oracle_ridge,0.9669816872713548,2.222937323775003,nan,nan,1.0
linear_gaussian,0.5,1,14,csm,1.233800910824389,2.538893502777475,nan,4.393846750790661e-16,1.0
linear_gaussian,0.5,1,14,simple_average,1.2338009176145444,2.538893516903114,nan,nan,1.0
linear_gaussian,0.5,1,14,hebbian,1.2338009176145444,2.5388935169031144,nan,nan,1.0
linear_gaussian,0.5,1,14,softmax,0.3575664387368779,0.4826750746050158,1.0,nan,1.0
linear_gaussian,0.5,1,14,oracle_ridge,1.2338009108243888,2.538893502777474,nan,nan,1.0
linear_gaussian,0.5,1,15,csm,1.0645106779442404,1.8349967254538915,nan,3.2636390339317665e-16,1.0
linear_gaussian,0.5,1,15,simple_average,1.0645106834436662,1.8349967337230113,nan,nan,1.0
linear_gaussian,0.5,1,15,hebbian,1.0645106834436664,1.8349967337230118,nan,nan,1.0
linear_gaussian,0.5,1,15,softmax,0.20418116688207896,0.3892332047561922,1.0,nan,1.0
linear_gaussian,0.5,1,15,oracle_ridge,1.0645106779442404,1.8349967254538915,nan,nan,1.0
linear_gaussian,0.5,2,0,csm,0.47438532503521263,0.7920795516642807,nan,2.612397251824948e-16,0.5
linear_gaussian,0.5,2,0,simple_average,0.474385326367577,0.7920795537642267,nan,nan,0.5
linear_gaussian,0.5,2,0,hebbian,2.360540414882996,4.3751554084100155,nan,nan,0.5
linear_gaussian,0.5,2,0,softmax,0.16642440337450004,0.26034293012102605,0.5,nan,0.5
linear_gaussian,0.5,2,0,oracle_ridge,0.4743853250352126,0.7920795516642805,nan,nan,0.5
linear_gaussian,0.5,2,1,csm,0.45969122305075144,0.633689235714467,nan,2.420209501091927e-16,0.5
linear_gaussian,0.5,2,1,simple_average,0.45969122415425745,0.6336892375158605,nan,nan,0.5
linear_gaussian,0.5,2,1,hebbian,2.013619206883003,3.0701937679321065,nan,nan,0.5
linear_gaussian,0.5,2,1,softmax,0.20710306700325,0.31941054290119714,0.5,nan,0.5
linear_gaussian,0.5,2,1,oracle_ridge,0.4596912230507514,0.6336892357144668,nan,nan,0.5
linear_gaussian,0.5,2,2,csm,0.4453410071700552,0.9735318347120184,nan,3.3282673386267697e-16,0.5
linear_gaussian,0.5,2,2,simple_average,0.44534100795615644,0.9735318365295541,nan,nan,0.5
linear_gaussian,0.5,2,2,hebbian,1.536531255914873,3.239390408053609,nan,nan,0.5
linear_gaussian,0.5,2,2,softmax,0.2222076074190937,0.37043159930262937,1.0,nan,0.5
linear_gaussian,0.5,2,2,oracle_ridge,0.44534100717005526,0.9735318347120185,nan,nan,0.5
linear_gaussian,0.5,2,3,csm,0.3370253013243632,0.5957629165948221,nan,3.2500081545650997e-16,0.5
linear_gaussian,0.5,2,3,simple_average,0.3370253023634602,0.5957629181223935,nan,nan,0.5
linear_gaussian,0.5,2,3,hebbian,1.8910224992347384,3.7256225214525838,nan,nan,0.5
linear_gaussian,0.5,2,3,softmax,0.10536139480918029,0.14978332073069758,0.5,nan,0.5
linear_gaussian,0.5,2,3,oracle_ridge,0.33702530132436326,0.5957629165948223,nan,nan,0.5
linear_gaussian,0.5,2,4,csm,0.3501034633087441,0.663769332155402,nan,2.967988855565693e-16,0.5
linear_gaussian,0.5,2,4,simple_average,0.35010346430008193,0.6637693342109131,nan,nan,0.5
linear_gaussian,0.5,2,4,hebbian,1.8454643022017136,3.5256649624430643,nan,nan,0.5
linear_gaussian,0.5,2,4,softmax,0.13835855642876785,0.21079905807236266,0.5,nan,0.5
linear_gaussian,0.5,2,4,oracle_ridge,0.3501034633087441,0.6637693321554021,nan,nan,0.5
linear_gaussian,0.5,2,5,csm,0.4730096073813711,0.8704181563546437,nan,3.0287045306004287e-16,0.5
linear_gaussian,0.5,2,5,simple_average,0.4730096087084759,0.8704181587507774,nan,nan,0.5
linear_gaussian,0.5,2,5,hebbian,2.4217542212673533,4.346720499272418,nan,nan,0.5
linear_gaussian,0.5,2,5,softmax,0.17764633874581892,0.2591172273667405,0.5,nan,0.5
linear_gaussian,0.5,2,5,oracle_ridge,0.4730096073813711,0.8704181563546435,nan,nan,0.5
linear_gaussian,0.5,2,6,csm,0.37889777479811876,0.7389854535527448,nan,2.457070919809575e-16,0.5
linear_gaussian,0.5,2,6,simple_average,0.37889777577525297,0.7389854552327392,nan,nan,0.5
linear_gaussian,0.5,2,6,hebbian,1.8322969147112476,2.999505294941405,nan,nan,0.5
linear_gaussian,0.5,2,6,softmax,0.14836217700840384,0.2385292376666482,0.5,nan,0.5
linear_gaussian,0.5,2,6,oracle_ridge,0.3788977747981187,0.7389854535527447,nan,nan,0.5
linear_gaussian,0.5,2,7,csm,0.6083579278382674,0.9906834551318806,nan,2.4826228607837167e-16,0.5
linear_gaussian,0.5,2,7,simple_average,0.6083579294222519,0.9906834578690806,nan,nan,0.5
linear_gaussian,0.5,2,7,hebbian,2.7259975915955925,4.511670020373279,nan,nan,0.5
linear_gaussian,0.5,2,7,softmax,0.1582638541756763,0.30404388841078134,1.0,nan,0.5
linear_gaussian,0.5,2,7,oracle_ridge,0.6083579278382673,0.9906834551318806,nan,nan,0.5
linear_gaussian,0.5,2,8,csm,0.38534843948899733,0.7539782620802664,nan,2.9271861905365396e-16,0.5
linear_gaussian,0.5,2,8,simple_average,0.3853484406079332,0.753978263940741,nan,nan,0.5
linear_gaussian,0.5,2,8,hebbian,2.164251555433422,3.561600458017978,nan,nan,0.5
linear_gaussian,0.5,2,8,softmax,0.1435417120588919,0.24703444134720734,0.5,nan,0.5
linear_gaussian,0.5,2,8,oracle_ridge,0.38534843948899744,0.7539782620802663,nan,nan,0.5
linear_gaussian,0.5,2,9,csm,0.5172301493883853,0.8448158822733998,nan,2.860507425540319e-16,0.5
linear_gaussian,0.5,2,9,simple_average,0.5172301507534675,0.8448158841445075,nan,nan,0.5
linear_gaussian,0.5,2,9,hebbian,2.383742472785986,3.26967173560867,nan,nan,0.5
linear_gaussian,0.5,2,9,softmax,0.15080354052917233,0.30114896541890585,1.0,nan,0.5
linear_gaussian,0.5,2,9,oracle_ridge,0.5172301493883851,0.8448158822733995,nan,nan,0.5
linear_gaussian,0.5,2,10,csm,0.649069550802739,1.1469475672510734,nan,3.0748426045316676e-16,0.5
linear_gaussian,0.5,2,10,simple_average,0.6490695524768029,1.1469475708001293,nan,nan,0.5
linear_gaussian,0.5,2,10,hebbian,2.904059300057968,5.851275726109681,nan,nan,0.5
linear_gaussian,0.5,2,10,softmax,0.2376715021068465,0.3770937872268734,1.0,nan,0.5
linear_gaussian,0.5,2,10,oracle_ridge,0.6490695508027391,1.1469475672510736,nan,nan,0.5
linear_gaussian,0.5,2,11,csm,0.452626255095016,0.8683051744583271,nan,2.1053679260939437e-16,0.5
linear_gaussian,0.5,2,11,simple_average,0.4526262563666211,0.8683051772154968,nan,nan,0.5
linear_gaussian,0.5,2,11,hebbian,2.3605057802164495,4.637072101357201,nan,nan,0.5
linear_gaussian,0.5,2,11,softmax,0.21451429321119542,0.34810002865548406,0.5,nan,0.5
linear_gaussian,0.5,2,11,oracle_ridge,0.452626255095016,0.868305174458327,nan,nan,0.5
linear_gaussian,0.5,2,12,csm,0.33025810175719034,0.5467248617841792,nan,2.6154083307678364e-16,0.5
linear_gaussian,0.5,2,12,simple_average,0.33025810252440224,0.546724863530458,nan,nan,0.5
linear_gaussian,0.5,2,12,hebbian,1.6096441008320812,2.9674298585458576,nan,nan,0.5
linear_gaussian,0.5,2,12,softmax,0.20634607695357565,0.34418621390963305,0.5,nan,0.5
linear_gaussian,0.5,2,12,oracle_ridge,0.3302581017571903,0.5467248617841791,nan,nan,0.5
linear_gaussian,0.5,2,13,csm,0.597424274636091,0.9617775158394438,nan,2.250628929034008e-16,0.5
linear_gaussian,0.5,2,13,simple_average,0.597424276066757,0.9617775185665648,nan,nan,0.5
linear_gaussian,0.5,2,13,hebbian,2.4695102610445305,4.4508401319053235,nan,nan,0.5
linear_gaussian,0.5,2,13,softmax,0.1703246363638619,0.255631989280045,1.0,nan,0.5
linear_gaussian,0.5,2,13,oracle_ridge,0.5974242746360912,0.9617775158394438,nan,nan,0.5
linear_gaussian,0.5,2,14,csm,0.4470391258778278,0.789098258495517,nan,3.3767464722895185e-16,0.5
linear_gaussian,0.5,2,14,simple_average,0.4470391271760306,0.7890982608072953,nan,nan,0.5
linear_gaussian,0.5,2,14,hebbian,2.4139081057213696,4.911241515970676,nan,nan,0.5
linear_gaussian,0.5,2,14,softmax,0.20321535454334855,0.3864510806834561,0.5,nan,0.5
linear_gaussian,0.5,2,14,oracle_ridge,0.44703912587782785,0.7890982584955171,nan,nan,0.5
linear_gaussian,0.5,2,15,csm,0.41608960700736364,0.7751909043918714,nan,3.549211765725114e-16,0.5
linear_gaussian,0.5,2,15,simple_average,0.4160896079567219,0.7751909061625659,nan,nan,0.5
linear_gaussian,0.5,2,15,hebbian,1.8248182760400273,3.393662879219172,nan,nan,0.5
linear_gaussian,0.5,2,15,softmax,0.21192693725647668,0.3804032395477807,0.5,nan,0.5
linear_gaussian,0.5,2,15,oracle_ridge,0.4160896070073637,0.7751909043918714,nan,nan,0.5
linear_gaussian,0.5,4,0,csm,0.3860320813621374,0.6606835479918155,nan,2.2156553634039198e-16,0.25
linear_gaussian,0.5,4,0,simple_average,0.3860320818999609,0.6606835488550377,nan,nan,0.25
linear_gaussian,0.5,4,0,hebbian,8.910213110018658,13.035602909837053,nan,nan,0.25
linear_gaussian,0.5,4,0,softmax,0.17095822739735705,0.3653971691746688,0.5,nan,0.25
linear_gaussian,0.5,4,0,oracle_ridge,0.3860320813621374,0.6606835479918153,nan,nan,0.25
linear_gaussian,0.5,4,1,csm,0.24904950475916127,0.4948998613143819,nan,2.607630159354035e-16,0.25
linear_gaussian,0.5,4,1,simple_average,0.24904950513041943,0.4948998621872531,nan,nan,0.25
linear_gaussian,0.5,4,1,hebbian,6.918437463382611,15.46331348512203,nan,nan,0.25
linear_gaussian,0.5,4,1,softmax,0.11698529113648656,0.2590682817661374,0.5,nan,0.25
linear_gaussian,0.5,4,1,oracle_ridge,0.2490495047591612,0.4948998613143819,nan,nan,0.25
linear_gaussian,0.5,4,2,csm,0.17509103864190503,0.2857273683417315,nan,2.8097570963717044e-16,0.25
linear_gaussian,0.5,4,2,simple_average,0.17509103883556354,0.28572736858317144,nan,nan,0.25
linear_gaussian,0.5,4,2,hebbian,4.149105457544301,6.718230536941716,nan,nan,0.25
linear_gaussian,0.5,4,2,softmax,0.14353522749717434,0.2851947802858776,0.5,nan,0.25
linear_gaussian,0.5,4,2,oracle_ridge,0.17509103864190503,0.28572736834173157,nan,nan,0.25
linear_gaussian,0.5,4,3,csm,0.3160856395634981,0.5173693922346447,nan,2.629576674546269e-16,0.25
linear_gaussian,0.5,4,3,simple_average,0.31608563996959005,0.5173693928356202,nan,nan,0.25
linear_gaussian,0.5,4,3,hebbian,6.687393393392156,12.939876672686937,nan,nan,0.25
linear_gaussian,0.5,4,3,softmax,0.11452888713084507,0.19098714519278093,0.5,nan,0.25
linear_gaussian,0.5,4,3,oracle_ridge,0.3160856395634981,0.5173693922346447,nan,nan,0.25
linear_gaussian,0.5,4,4,csm,0.28553312187051477,0.49075518546449076,nan,3.0336857363002707e-16,0.25
linear_gaussian,0.5,4,4,simple_average,0.28553312219232596,0.4907551860513995,nan,nan,0.25
linear_gaussian,0.5,4,4,hebbian,5.939599820391567,11.323496212749948,nan,nan,0.25
linear_gaussian,0.5,4,4,softmax,0.18306283723501227,0.32453136317814485,0.5,nan,0.25
linear_gaussian,0.5,4,4,oracle_ridge,0.28553312187051477,0.49075518546449076,nan,nan,0.25
linear_gaussian,0.5,4,5,csm,0.23462910035489326,0.4249712836028556,nan,2.5394193063114186e-16,0.25
linear_gaussian,0.5,4,5,simple_average,0.23462910065538148,0.4249712841505907,nan,nan,0.25
linear_gaussian,0.5,4,5,hebbian,5.511439151439459,9.4431317512065,nan,nan,0.25
linear_gaussian,0.5,4,5,softmax,0.10760231633762467,0.16486236992213962,0.5,nan,0.25
linear_gaussian,0.5,4,5,oracle_ridge,0.23462910035489326,0.4249712836028555,nan,nan,0.25
linear_gaussian,0.5,4,6,csm,0.17317978697328357,0.261051412729967,nan,2.3798170323720783e-16,0.25
linear_gaussian,0.5,4,6,simple_average,0.17317978721637833,0.2610514132633603,nan,nan,0.25
linear_gaussian,0.5,4,6,hebbian,5.089364802987634,8.565607319060147,nan,nan,0.25
linear_gaussian,0.5,4,6,softmax,0.10093444991026132,0.17263195188531327,0.5,nan,0.25
linear_gaussian,0.5,4,6,oracle_ridge,0.17317978697328357,0.26105141272996696,nan,nan,0.25
linear_gaussian,0.5,4,7,csm,0.21455941174366353,0.3034672623845765,nan,3.0680982053669977e-16,0.25
linear_gaussian,0.5,4,7,simple_average,0.21455941202716816,0.30346726288497855,nan,nan,0.25
linear_gaussian,0.5,4,7,hebbian,4.784749689666573,8.61240621951194,nan,nan,0.25
linear_gaussian,0.5,4,7,softmax,0.10394317046318592,0.17593938416545718,0.5,nan,0.25
linear_gaussian,0.5,4,7,oracle_ridge,0.2145594117436635,0.3034672623845766,nan,nan,0.25
linear_gaussian,0.5,4,8,csm,0.3483149168193872,0.7817508556329449,nan,2.6222156423105533e-16,0.25
linear_gaussian,0.5,4,8,simple_average,0.3483149171216093,0.7817508563442654,nan,nan,0.25
linear_gaussian,0.5,4,8,hebbian,5.663751639265121,8.74630696813115,nan,nan,0.25
linear_gaussian,0.5,4,8,softmax,0.18255760589392417,0.3075299023940122,0.5,nan,0.25
linear_gaussian,0.5,4,8,oracle_ridge,0.3483149168193873,0.781750855632945,nan,nan,0.25
linear_gaussian,0.5,4,9,csm,0.18954213932297592,0.4133337404425522,nan,2.695189103479551e-16,0.25
linear_gaussian,0.5,4,9,simple_average,0.18954213953266574,0.41333374099602055,nan,nan,0.25
linear_gaussian,0.5,4,9,hebbian,3.490987625800953,7.511025994577854,nan,nan,0.25
linear_gaussian,0.5,4,9,softmax,0.1100416180913751,0.17318570440548828,0.5,nan,0.25
linear_gaussian,0.5,4,9,oracle_ridge,0.18954213932297595,0.4133337404425522,nan,nan,0.25
linear_gaussian,0.5,4,10,csm,0.1609390826020362,0.3186970805563216,nan,3.276406267917842e-16,0.25
linear_gaussian,0.5,4,10,simple_average,0.16093908278145103,0.3186970810052675,nan,nan,0.25
linear_gaussian,0.5,4,10,hebbian,4.698058830622148,7.1918134998441605,nan,nan,0.25
linear_gaussian,0.5,4,10,softmax,0.15646029343443985,0.27152061770896796,0.5,nan,0.25
linear_gaussian,0.5,4,10,oracle_ridge,0.16093908260203615,0.31869708055632145,nan,nan,0.25
linear_gaussian,0.5,4,11,csm,0.25253478073060087,0.4679095401299041,nan,1.9795170319663168e-16,0.25
linear_gaussian,0.5,4,11,simple_average,0.2525347810471479,0.4679095409575856,nan,nan,0.25
linear_gaussian,0.5,4,11,hebbian,5.980967665416976,14.423032436179344,nan,nan,0.25
linear_gaussian,0.5,4,11,softmax,0.14682947757702605,0.23941707348616156,0.5,nan,0.25
linear_gaussian,0.5,4,11,oracle_ridge,0.25253478073060087,0.4679095401299041,nan,nan,0.25
linear_gaussian,0.5,4,12,csm,0.24314415007522183,0.43842675133055387,nan,3.1184950988739925e-16,0.25
linear_gaussian,0.5,4,12,simple_average,0.24314415033549583,0.43842675177632445,nan,nan,0.25
linear_gaussian,0.5,4,12,hebbian,5.724912763053888,9.399484278180601,nan,nan,0.25
linear_gaussian,0.5,4,12,softmax,0.17902016214845673,0.2734267808148061,0.5,nan,0.25
linear_gaussian,0.5,4,12,oracle_ridge,0.24314415007522183,0.43842675133055387,nan,nan,0.25
linear_gaussian,0.5,4,13,csm,0.1564555953576977,0.25675115235236173,nan,2.436560827043349e-16,0.25
linear_gaussian,0.5,4,13,simple_average,0.15645559559269878,0.2567511525076089,nan,nan,0.25
linear_gaussian,0.5,4,13,hebbian,4.997857527274711,8.53554273305693,nan,nan,0.25
linear_gaussian,0.5,4,13,softmax,0.09121231127832238,0.14592796063951308,0.5,nan,0.25
linear_gaussian,0.5,4,13,oracle_ridge,0.1564555953576977,0.2567511523523618,nan,nan,0.25
linear_gaussian,0.5,4,14,csm,0.16543517247708095,0.27527352234172425,nan,2.246614610239322e-16,0.25
linear_gaussian,0.5,4,14,simple_average,0.16543517269835822,0.27527352249864495,nan,nan,0.25
linear_gaussian,0.5,4,14,hebbian,4.596303618873854,6.023796297530798,nan,nan,0.25
linear_gaussian,0.5,4,14,softmax,0.08179525399005966,0.17146238589464827,0.5,nan,0.25
linear_gaussian,0.5,4,14,oracle_ridge,0.16543517247708095,0.2752735223417242,nan,nan,0.25
linear_gaussian,0.5,4,15,csm,0.2417663660674568,0.5996761650322161,nan,2.3032511554144556e-16,0.25
linear_gaussian,0.5,4,15,simple_average,0.2417663664221842,0.599676165967518,nan,nan,0.25
linear_gaussian,0.5,4,15,hebbian,7.796907471171041,16.588670277458355,nan,nan,0.25
linear_gaussian,0.5,4,15,softmax,0.17333620968486108,0.2660380195383904,0.5,nan,0.25
linear_gaussian,0.5,4,15,oracle_ridge,0.24176636606745677,0.599676165032216,nan,nan,0.25
linear_gaussian,0.5,8,0,csm,0.2133566059233119,0.3019888917223945,nan,4.529133421670075e-16,0.125
linear_gaussian,0.5,8,0,simple_average,0.21335660606369256,0.30198889192172396,nan,nan,0.125
linear_gaussian,0.5,8,0,hebbian,27.82095901197137,39.057578481898744,nan,nan,0.125
linear_gaussian,0.5,8,0,softmax,0.12351816361298887,0.18507484480610714,0.5,nan,0.125
linear_gaussian,0.5,8,0,oracle_ridge,0.21335660592331185,0.3019888917223944,nan,nan,0.125
linear_gaussian,0.5,8,1,csm,0.1209713349352204,0.15635684917431694,nan,2.6582984048043513e-16,0.125
linear_gaussian,0.5,8,1,simple_average,0.12097133500186102,0.15635684932079094,nan,nan,0.125
linear_gaussian,0.5,8,1,hebbian,17.76284237830699,30.656635428887377,nan,nan,0.125
linear_gaussian,0.5,8,1,softmax,0.10987680626015295,0.1770579878183393,0.5,nan,0.125
linear_gaussian,0.5,8,1,oracle_ridge,0.12097133493522039,0.1563568491743169,nan,nan,0.125
linear_gaussian,0.5,8,2,csm,0.12345827984218727,0.21287385871328884,nan,2.7874678951886967e-16,0.125
linear_gaussian,0.5,8,2,simple_average,0.12345827990888404,0.21287385877640438,nan,nan,0.125
linear_gaussian,0.5,8,2,hebbian,17.573667616819716,24.480060110873776,nan,nan,0.125
linear_gaussian,0.5,8,2,softmax,0.11790258733864808,0.23954597880697953,0.5,nan,0.125
linear_gaussian,0.5,8,2,oracle_ridge,0.12345827984218725,0.2128738587132888,nan,nan,0.125
linear_gaussian,0.5,8,3,csm,0.11158948936675647,0.1693523011154215,nan,2.6318225747297215e-16,0.125
linear_gaussian,0.5,8,3,simple_average,0.1115894894397352,0.16935230120858225,nan,nan,0.125
linear_gaussian,0.5,8,3,hebbian,20.539726820052543,27.946502623723756,nan,nan,0.125
linear_gaussian,0.5,8,3,softmax,0.10479604410303171,0.16514180529059852,0.5,nan,0.125
linear_gaussian,0.5,8,3,oracle_ridge,0.1115894893667565,0.16935230111542152,nan,nan,0.125
linear_gaussian,0.5,8,4,csm,0.1410940285976927,0.2586528699311512,nan,2.5353843350749653e-16,0.125
linear_gaussian,0.5,8,4,simple_average,0.14109402865518325,0.2586528700131773,nan,nan,0.125
linear_gaussian,0.5,8,4,hebbian,16.622623924300214,30.162592326019954,nan,nan,0.125
linear_gaussian,0.5,8,4,softmax,0.14107257630865255,0.25860933770504463,0.1,nan,0.125
linear_gaussian,0.5,8,4,oracle_ridge,0.14109402859769268,0.2586528699311511,nan,nan,0.125
linear_gaussian,0.5,8,5,csm,0.10719713828477011,0.16511572083369364,nan,2.7720498992266904e-16,0.125
linear_gaussian,0.5,8,5,simple_average,0.10719713832208469,0.16511572086117562,nan,nan,0.125
linear_gaussian,0.5,8,5,hebbian,12.743528180852232,19.431681443725928,nan,nan,0.125
linear_gaussian,0.5,8,5,softmax,0.09972228535207048,0.16593510813693846,0.5,nan,0.125
linear_gaussian,0.5,8,5,oracle_ridge,0.10719713828477011,0.16511572083369364,nan,nan,0.125
linear_gaussian,0.5,8,6,csm,0.13791795577510993,0.1735264373324636,nan,2.976755855852308e-16,0.125
linear_gaussian,0.5,8,6,simple_average,0.1379179558997784,0.17352643752296112,nan,nan,0.125
linear_gaussian,0.5,8,6,hebbian,37.64330602521737,60.12343000512244,nan,nan,0.125
linear_gaussian,0.5,8,6,softmax,0.1378303616047647,0.17337918580858,0.1,nan,0.125
linear_gaussian,0.5,8,6,oracle_ridge,0.13791795577510993,0.1735264373324636,nan,nan,0.125
linear_gaussian,0.5,8,7,csm,0.10594433664391562,0.16820002665577188,nan,2.620117934362151e-16,0.125
linear_gaussian,0.5,8,7,simple_average,0.10594433669867995,0.16820002671489132,nan,nan,0.125
linear_gaussian,0.5,8,7,hebbian,13.511756248838621,21.457268566489336,nan,nan,0.125
linear_gaussian,0.5,8,7,softmax,0.08204364032889906,0.1633663640563943,0.5,nan,0.125
linear_gaussian,0.5,8,7,oracle_ridge,0.10594433664391564,0.1682000266557719,nan,nan,0.125
linear_gaussian,0.5,8,8,csm,0.1097795388055039,0.1602670406088426,nan,2.8368960989341035e-16,0.125
linear_gaussian,0.5,8,8,simple_average,0.10977953887773004,0.16026704071541722,nan,nan,0.125
linear_gaussian,0.5,8,8,hebbian,25.085279699335572,44.88293123010656,nan,nan,0.125
linear_gaussian,0.5,8,8,softmax,0.10761949252039418,0.19413054023186121,0.5,nan,0.125
linear_gaussian,0.5,8,8,oracle_ridge,0.1097795388055039,0.16026704060884245,nan,nan,0.125
linear_gaussian,0.5,8,9,csm,0.08080196143907015,0.15784851443821427,nan,2.7312877743041994e-16,0.125
linear_gaussian,0.5,8,9,simple_average,0.08080196151038763,0.157848514581358,nan,nan,0.125
linear_gaussian,0.5,8,9,hebbian,23.36651687443552,37.26134322945124,nan,nan,0.125
linear_gaussian,0.5,8,9,softmax,0.08072989171892644,0.1576863335338656,0.1,nan,0.125
linear_gaussian,0.5,8,9,oracle_ridge,0.08080196143907015,0.15784851443821435,nan,nan,0.125
linear_gaussian,0.5,8,10,csm,0.09154991223141405,0.17110651239165603,nan,2.272552607194125e-16,0.125
linear_gaussian,0.5,8,10,simple_average,0.09154991227085307,0.17110651244838895,nan,nan,0.125
linear_gaussian,0.5,8,10,hebbian,12.96660793970279,18.133142395949758,nan,nan,0.125
linear_gaussian,0.5,8,10,softmax,0.09151599857909085,0.17104061740368265,0.1,nan,0.125
linear_gaussian,0.5,8,10,oracle_ridge,0.09154991223141407,0.17110651239165606,nan,nan,0.125
linear_gaussian,0.5,8,11,csm,0.1007951003764026,0.19352670335489716,nan,2.6468554650240756e-16,0.125
linear_gaussian,0.5,8,11,simple_average,0.10079510042537139,0.19352670346390366,nan,nan,0.125
linear_gaussian,0.5,8,11,hebbian,17.170483821180824,26.966505309846205,nan,nan,0.125
linear_gaussian,0.5,8,11,softmax,0.10074980958944972,0.19340843530546956,0.1,nan,0.125
linear_gaussian,0.5,8,11,oracle_ridge,0.10079510037640259,0.19352670335489705,nan,nan,0.125
linear_gaussian,0.5,8,12,csm,0.06505423328434813,0.10753327683631173,nan,2.5786983147754197e-16,0.125
linear_gaussian,0.5,8,12,simple_average,0.06505423333465839,0.10753327689967207,nan,nan,0.125
linear_gaussian,0.5,8,12,hebbian,16.64176522178154,24.44907119157495,nan,nan,0.125
linear_gaussian,0.5,8,12,softmax,0.06501999291243538,0.10749904362118157,0.1,nan,0.125
linear_gaussian,0.5,8,12,oracle_ridge,0.06505423328434815,0.10753327683631173,nan,nan,0.125
linear_gaussian,0.5,8,13,csm,0.11790487258543929,0.18793779765243532,nan,1.677316149378302e-16,0.125
linear_gaussian,0.5,8,13,simple_average,0.1179048726611103,0.18793779772225527,nan,nan,0.125
linear_gaussian,0.5,8,13,hebbian,24.811763364988032,42.59734506048407,nan,nan,0.125
linear_gaussian,0.5,8,13,softmax,0.1178264938062665,0.1878797057456359,0.1,nan,0.125
linear_gaussian,0.5,8,13,oracle_ridge,0.11790487258543929,0.1879377976524353,nan,nan,0.125
linear_gaussian,0.5,8,14,csm,0.13568106427136079,0.22199615026129996,nan,1.9590982368636944e-16,0.125
linear_gaussian,0.5,8,14,simple_average,0.1356810643365352,0.22199615041998386,nan,nan,0.125
linear_gaussian,0.5,8,14,hebbian,15.720270336974673,24.47789355994601,nan,nan,0.125
linear_gaussian,0.5,8,14,softmax,0.11924327402117127,0.22628556293298144,0.5,nan,0.125
linear_gaussian,0.5,8,14,oracle_ridge,0.13568106427136084,0.22199615026129998,nan,nan,0.125
linear_gaussian,0.5,8,15,csm,0.12622914427907558,0.2335476176512162,nan,2.3224311228998e-16,0.125
linear_gaussian,0.5,8,15,simple_average,0.1262291443858884,0.23354761783997502,nan,nan,0.125
linear_gaussian,0.5,8,15,hebbian,21.081878984228123,32.060469411791864,nan,nan,0.125
linear_gaussian,0.5,8,15,softmax,0.05314721951391495,0.0814893301216178,0.5,nan,0.125
linear_gaussian,0.5,8,15,oracle_ridge,0.12622914427907556,0.23354761765121612,nan,nan,0.125
linear_gaussian,0.5,16,0,csm,0.06415852004253436,0.13192622032549095,nan,2.6975027467510783e-16,0.0625
linear_gaussian,0.5,16,0,simple_average,0.06415852005062168,0.13192622036858562,nan,nan,0.0625
linear_gaussian,0.5,16,0,hebbian,50.23102886129983,98.48949181141941,nan,nan,0.0625
linear_gaussian,0.5,16,0,softmax,0.06414568280573797,0.13184803185318422,0.1,nan,0.0625
linear_gaussian,0.5,16,0,oracle_ridge,0.06415852004253436,0.13192622032549103,nan,nan,0.0625
linear_gaussian,0.5,16,1,csm,0.07971572156409545,0.13826372933904654,nan,3.021105232710342e-16,0.0625
linear_gaussian,0.5,16,1,simple_average,0.07971572159212036,0.13826372941591591,nan,nan,0.0625
linear_gaussian,0.5,16,1,hebbian,94.451558826362,143.30760877261235,nan,nan,0.0625
linear_gaussian,0.5,16,1,softmax,0.07966741482147996,0.13811171373923306,0.1,nan,0.0625
linear_gaussian,0.5,16,1,oracle_ridge,0.07971572156409547,0.13826372933904665,nan,nan,0.0625
linear_gaussian,0.5,16,2,csm,0.03596558196731013,0.05452946908804375,nan,2.1765257799889573e-16,0.0625
linear_gaussian,0.5,16,2,simple_average,0.03596558198207783,0.054529469121811815,nan,nan,0.0625
linear_gaussian,0.5,16,2,hebbian,68.60809399619959,106.81966959232109,nan,nan,0.0625
linear_gaussian,0.5,16,2,softmax,0.03593497951638565,0.05445973829843,0.1,nan,0.0625
linear_gaussian,0.5,16,2,oracle_ridge,0.03596558196731014,0.05452946908804375,nan,nan,0.0625
linear_gaussian,0.5,16,3,csm,0.06463274769137729,0.1347781583620012,nan,2.067808366157917e-16,0.0625
linear_gaussian,0.5,16,3,simple_average,0.06463274771223573,0.13477815841624702,nan,nan,0.0625
linear_gaussian,0.5,16,3,hebbian,67.84413573535628,136.5681188873425,nan,nan,0.0625
linear_gaussian,0.5,16,3,softmax,0.06458998182801223,0.13466742246832647,0.1,nan,0.0625
linear_gaussian,0.5,16,3,oracle_ridge,0.06463274769137729,0.13477815836200113,nan,nan,0.0625
linear_gaussian,0.5,16,4,csm,0.038101625581874715,0.07811525102874223,nan,2.505769460281348e-16,0.0625
linear_gaussian,0.5,16,4,simple_average,0.03810162560160457,0.07811525105771715,nan,nan,0.0625
linear_gaussian,0.5,16,4,hebbian,76.40059483619893,146.57779807968015,nan,nan,0.0625
linear_gaussian,0.5,16,4,softmax,0.03805747482936549,0.07804754209044105,0.1,nan,0.0625
linear_gaussian,0.5,16,4,oracle_ridge,0.0381016255818747,0.0781152510287422,nan,nan,0.0625
linear_gaussian,0.5,16,5,csm,0.0717384513497861,0.10954998988136266,nan,3.8253127206326845e-16,0.0625
linear_gaussian,0.5,16,5,simple_average,0.07173845135982831,0.10954998991962198,nan,nan,0.0625
linear_gaussian,0.5,16,5,hebbian,53.87961608362571,81.61081099155145,nan,nan,0.0625
linear_gaussian,0.5,16,5,softmax,0.07171598407635668,0.10947134391939145,0.1,nan,0.0625
linear_gaussian,0.5,16,5,oracle_ridge,0.07173845134978608,0.10954998988136261,nan,nan,0.0625
linear_gaussian,0.5,16,6,csm,0.05849033421695046,0.08523500214098753,nan,2.9884265851521907e-16,0.0625
linear_gaussian,0.5,16,6,simple_average,0.05849033423901458,0.08523500218567934,nan,nan,0.0625
linear_gaussian,0.5,16,6,hebbian,60.71697934551636,97.8511346605069,nan,nan,0.0625
linear_gaussian,0.5,16,6,softmax,0.05421231212215439,0.08599220259301395,0.5,nan,0.0625
linear_gaussian,0.5,16,6,oracle_ridge,0.05849033421695046,0.08523500214098756,nan,nan,0.0625
linear_gaussian,0.5,16,7,csm,0.04459566022561956,0.07399785982781619,nan,2.3858896177088524e-16,0.0625
linear_gaussian,0.5,16,7,simple_average,0.04459566023977823,0.07399785983940792,nan,nan,0.0625
linear_gaussian,0.5,16,7,hebbian,79.0504336320314,116.18254801971734,nan,nan,0.0625
linear_gaussian,0.5,16,7,softmax,0.044559106725473266,0.07394130747820313,0.1,nan,0.0625
linear_gaussian,0.5,16,7,oracle_ridge,0.04459566022561956,0.07399785982781622,nan,nan,0.0625
linear_gaussian,0.5,16,8,csm,0.04920937760659072,0.0776551514935207,nan,3.0173631178843654e-16,0.0625
linear_gaussian,0.5,16,8,simple_average,0.04920937762311592,0.07765515151015982,nan,nan,0.0625
linear_gaussian,0.5,16,8,hebbian,64.20261646721748,95.0700177190988,nan,nan,0.0625
linear_gaussian,0.5,16,8,softmax,0.049178162288190885,0.07762853660429907,0.1,nan,0.0625
linear_gaussian,0.5,16,8,oracle_ridge,0.04920937760659073,0.0776551514935207,nan,nan,0.0625
linear_gaussian,0.5,16,9,csm,0.07172294252304813,0.13760656146227007,nan,2.4531162335635283e-16,0.0625
linear_gaussian,0.5,16,9,simple_average,0.0717229425487037,0.13760656152036174,nan,nan,0.0625
linear_gaussian,0.5,16,9,hebbian,65.95321353827359,139.46542877684817,nan,nan,0.0625
linear_gaussian,0.5,16,9,softmax,0.07167485907576071,0.13749680152838498,0.1,nan,0.0625
linear_gaussian,0.5,16,9,oracle_ridge,0.07172294252304813,0.13760656146227004,nan,nan,0.0625
linear_gaussian,0.5,16,10,csm,0.06537004746098035,0.10752281408615526,nan,3.022620056536429e-16,0.0625
linear_gaussian,0.5,16,10,simple_average,0.06537004747642562,0.10752281409495536,nan,nan,0.0625
linear_gaussian,0.5,16,10,hebbian,71.40775994115536,106.97202125941638,nan,nan,0.0625
linear_gaussian,0.5,16,10,softmax,0.06533889680212879,0.10751933734053264,0.1,nan,0.0625
linear_gaussian,0.5,16,10,oracle_ridge,0.06537004746098032,0.1075228140861553,nan,nan,0.0625
linear_gaussian,0.5,16,11,csm,0.047502069478559644,0.09006116735367473,nan,2.2778676104552296e-16,0.0625
linear_gaussian,0.5,16,11,simple_average,0.04750206948784861,0.09006116736178517,nan,nan,0.0625
linear_gaussian,0.5,16,11,hebbian,80.52711751772213,127.33681414839666,nan,nan,0.0625
linear_gaussian,0.5,16,11,softmax,0.047484657675371716,0.09004936653173307,0.1,nan,0.0625
linear_gaussian,0.5,16,11,oracle_ridge,0.047502069478559665,0.09006116735367474,nan,nan,0.0625
linear_gaussian,0.5,16,12,csm,0.05102892782600113,0.07366867003336044,nan,2.6327042230953674e-16,0.0625
linear_gaussian,0.5,16,12,simple_average,0.05102892784260217,0.07366867004511636,nan,nan,0.0625
linear_gaussian,0.5,16,12,hebbian,47.94492955965326,70.07384023383315,nan,nan,0.0625
linear_gaussian,0.5,16,12,softmax,0.05100839158126048,0.07365973489605779,0.1,nan,0.0625
linear_gaussian,0.5,16,12,oracle_ridge,0.051028927826001116,0.07366867003336039,nan,nan,0.0625
linear_gaussian,0.5,16,13,csm,0.06941773528071962,0.1384335676709239,nan,2.3628923451465913e-16,0.0625
linear_gaussian,0.5,16,13,simple_average,0.06941773530473891,0.13843356772298096,nan,nan,0.0625
linear_gaussian,0.5,16,13,hebbian,51.46082883011039,88.1761624043697,nan,nan,0.0625
linear_gaussian,0.5,16,13,softmax,0.04864576345456015,0.09052308474965254,0.5,nan,0.0625
linear_gaussian,0.5,16,13,oracle_ridge,0.06941773528071962,0.13843356767092396,nan,nan,0.0625
linear_gaussian,0.5,16,14,csm,0.03814652091866874,0.06493080632960517,nan,2.6296340139285444e-16,0.0625
linear_gaussian,0.5,16,14,simple_average,0.038146520934931406,0.06493080634729054,nan,nan,0.0625
linear_gaussian,0.5,16,14,hebbian,83.7702275462965,158.05620044521282,nan,nan,0.0625
linear_gaussian,0.5,16,14,softmax,0.0381092237276231,0.06489683986588973,0.1,nan,0.0625
linear_gaussian,0.5,16,14,oracle_ridge,0.038146520918668755,0.06493080632960517,nan,nan,0.0625
linear_gaussian,0.5,16,15,csm,0.07551658397306088,0.14358725193134234,nan,2.53905654105758e-16,0.0625
linear_gaussian,0.5,16,15,simple_average,0.07551658398617728,0.14358725195468855,nan,nan,0.0625
linear_gaussian,0.5,16,15,hebbian,54.75947277904828,110.3512370185007,nan,nan,0.0625
linear_gaussian,0.5,16,15,softmax,0.07549546596803793,0.14352509529013652,0.1,nan,0.0625
linear_gaussian,0.5,16,15,oracle_ridge,0.07551658397306088,0.14358725193134228,nan,nan,0.0625
linear_gaussian,1.0,1,0,csm,5.3206384386639325,9.412101589808385,nan,2.825194031175476e-16,4.0
linear_gaussian,1.0,1,0,simple_average,5.320638546288642,9.412101769512129,nan,nan,4.0
linear_gaussian,1.0,1,0,hebbian,5.320638546288643,9.412101769512129,nan,nan,4.0
linear_gaussian,1.0,1,0,softmax,0.5630715691962019,0.9476376244897374,1.0,nan,4.0
linear_gaussian,1.0,1,0,oracle_ridge,5.320638438663932,9.412101589808383,nan,nan,4.0
linear_gaussian,1.0,1,1,csm,3.284688396570029,4.879017269028484,nan,2.9988735479803086e-16,4.0
linear_gaussian,1.0,1,1,simple_average,3.284688463263244,4.8790173670796655,nan,nan,4.0
linear_gaussian,1.0,1,1,hebbian,3.284688463263244,4.879017367079666,nan,nan,4.0
linear_gaussian,1.0,1,1,softmax,0.7853299316056039,1.0963276699027098,1.0,nan,4.0
linear_gaussian,1.0,1,1,oracle_ridge,3.2846883965700284,4.879017269028484,nan,nan,4.0
linear_gaussian,1.0,1,2,csm,5.129864620188226,10.167743893706922,nan,2.853080561932445e-16,4.0
linear_gaussian,1.0,1,2,simple_average,5.129864720039064,10.167744098844747,nan,nan,4.0
linear_gaussian,1.0,1,2,hebbian,5.129864720039064,10.167744098844748,nan,nan,4.0
linear_gaussian,1.0,1,2,softmax,1.0006932515174527,1.798575650756662,1.0,nan,4.0
linear_gaussian,1.0,1,2,oracle_ridge,5.129864620188224,10.167743893706922,nan,nan,4.0
linear_gaussian,1.0,1,3,csm,3.253711919203834,4.864835701590728,nan,3.4683988510040913e-16,4.0
linear_gaussian,1.0,1,3,simple_average,3.253711986140264,4.8648358027293,nan,nan,4.0
linear_gaussian,1.0,1,3,hebbian,3.2537119861402646,4.864835802729299,nan,nan,4.0
linear_gaussian,1.0,1,3,softmax,0.35492292338072934,0.6499502210340733,1.0,nan,4.0
linear_gaussian,1.0,1,3,oracle_ridge,3.253711919203835,4.8648357015907315,nan,nan,4.0
linear_gaussian,1.0,1,4,csm,3.18649441304389,6.057208522525437,nan,2.355437133355619e-16,4.0
linear_gaussian,1.0,1,4,simple_average,3.1864944719472446,6.0572086473438285,nan,nan,4.0
linear_gaussian,1.0,1,4,hebbian,3.186494471947244,6.0572086473438285,nan,nan,4.0
linear_gaussian,1.0,1,4,softmax,0.6604876907817336,1.0492376323848316,1.0,nan,4.0
linear_gaussian,1.0,1,4,oracle_ridge,3.1864944130438895,6.057208522525436,nan,nan,4.0
linear_gaussian,1.0,1,5,csm,4.392938032634719,6.642414701108747,nan,1.9520261470851288e-16,4.0
linear_gaussian,1.0,1,5,simple_average,4.392938122832946,6.642414837599145,nan,nan,4.0
linear_gaussian,1.0,1,5,hebbian,4.3929381228329465,6.642414837599143,nan,nan,4.0
linear_gaussian,1.0,1,5,softmax,0.8243803890184405,1.0519399769825601,1.0,nan,4.0
linear_gaussian,1.0,1,5,oracle_ridge,4.392938032634718,6.6424147011087475,nan,nan,4.0
linear_gaussian,1.0,1,6,csm,2.9933660150426387,4.2331470544985175,nan,2.683449315415651e-16,4.0
linear_gaussian,1.0,1,6,simple_average,2.9933660742810115,4.233147147554219,nan,nan,4.0
linear_gaussian,1.0,1,6,hebbian,2.9933660742810115,4.2331471475542175,nan,nan,4.0
linear_gaussian,1.0,1,6,softmax,1.006780219170273,1.3868016354968546,1.0,nan,4.0
linear_gaussian,1.0,1,6,oracle_ridge,2.993366015042639,4.233147054498517,nan,nan,4.0
linear_gaussian,1.0,1,7,csm,3.8841232216599355,5.70752564092584,nan,2.90814667245849e-16,4.0
linear_gaussian,1.0,1,7,simple_average,3.8841232981703833,5.707525766101726,nan,nan,4.0
linear_gaussian,1.0,1,7,hebbian,3.8841232981703824,5.707525766101724,nan,nan,4.0
linear_gaussian,1.0,1,7,softmax,0.7664793184423968,1.216507170011413,1.0,nan,4.0
linear_gaussian,1.0,1,7,oracle_ridge,3.884123221659936,5.707525640925842,nan,nan,4.0
linear_gaussian,1.0,1,8,csm,4.877361961989269,9.037250528470029,nan,2.509388672798049e-16,4.0
linear_gaussian,1.0,1,8,simple_average,4.87736206080692,9.03725069905128,nan,nan,4.0
linear_gaussian,1.0,1,8,hebbian,4.877362060806922,9.037250699051285,nan,nan,4.0
linear_gaussian,1.0,1,8,softmax,0.5756191114842147,1.0077550358016254,1.0,nan,4.0
linear_gaussian,1.0,1,8,oracle_ridge,4.877361961989268,9.037250528470025,nan,nan,4.0
linear_gaussian,1.0,1,9,csm,3.3506507277105557,4.621022180048086,nan,2.727467538814867e-16,4.0
linear_gaussian,1.0,1,9,simple_average,3.3506507977478126,4.621022261940628,nan,nan,4.0
linear_gaussian,1.0,1,9,hebbian,3.3506507977478117,4.62102226194063,nan,nan,4.0
linear_gaussian,1.0,1,9,softmax,0.5955868647022454,0.9642725488053695,1.0,nan,4.0
linear_gaussian,1.0,1,9,oracle_ridge,3.3506507277105557,4.621022180048086,nan,nan,4.0
linear_gaussian,1.0,1,10,csm,4.460198383554041,6.569707989379603,nan,3.4960175650187543e-16,4.0
linear_gaussian,1.0,1,10,simple_average,4.460198466586616,6.569708115288852,nan,nan,4.0
linear_gaussian,1.0,1,10,hebbian,4.460198466586617,6.569708115288857,nan,nan,4.0
linear_gaussian,1.0,1,10,softmax,1.2252467281365838,1.7083026647009412,1.0,nan,4.0
linear_gaussian,1.0,1,10,oracle_ridge,4.460198383554041,6.569707989379602,nan,nan,4.0
linear_gaussian,1.0,1,11,csm,3.482034654047913,6.124336267775995,nan,3.7573921754319537e-16,4.0
linear_gaussian,1.0,1,11,simple_average,3.482034722614191,6.124336396178979,nan,nan,4.0
linear_gaussian,1.0,1,11,hebbian,3.482034722614191,6.124336396178978,nan,nan,4.0
linear_gaussian,1.0,1,11,softmax,0.7326166719967258,1.1655131539709227,1.0,nan,4.0
linear_gaussian,1.0,1,11,oracle_ridge,3.4820346540479132,6.124336267775995,nan,nan,4.0
linear_gaussian,1.0,1,12,csm,3.3369206204235593,5.354218150482397,nan,3.0747459182863456e-16,4.0
linear_gaussian,1.0,1,12,simple_average,3.3369206854556372,5.354218252081085,nan,nan,4.0
linear_gaussian,1.0,1,12,hebbian,3.336920685455638,5.354218252081089,nan,nan,4.0
linear_gaussian,1.0,1,12,softmax,0.6110098214919129,1.1624719090117184,1.0,nan,4.0
linear_gaussian,1.0,1,12,oracle_ridge,3.336920620423559,5.354218150482395,nan,nan,4.0
linear_gaussian,1.0,1,13,csm,3.8679266932017167,8.891749168591963,nan,2.7475562355590354e-16,4.0
linear_gaussian,1.0,1,13,simple_average,3.8679267662898558,8.891749332690571,nan,nan,4.0
linear_gaussian,1.0,1,13,hebbian,3.8679267662898567,8.891749332690573,nan,nan,4.0
linear_gaussian,1.0,1,13,softmax,0.8871184948095284,1.3662403192606059,1.0,nan,4.0
linear_gaussian,1.0,1,13,oracle_ridge,3.8679266932017162,8.891749168591963,nan,nan,4.0
linear_gaussian,1.0,1,14,csm,4.935203566784896,10.155573853051598,nan,3.507982037095953e-16,4.0
linear_gaussian,1.0,1,14,simple_average,4.935203670458177,10.155574067612456,nan,nan,4.0
linear_gaussian,1.0,1,14,hebbian,4.935203670458177,10.155574067612458,nan,nan,4.0
linear_gaussian,1.0,1,14,softmax,0.854757164016447,1.3986950335608044,1.0,nan,4.0
linear_gaussian,1.0,1,14,oracle_ridge,4.935203566784894,10.155573853051594,nan,nan,4.0
linear_gaussian,1.0,1,15,csm,4.258042647198832,7.339986795339219,nan,2.365483733681302e-16,4.0
linear_gaussian,1.0,1,15,simple_average,4.258042733774664,7.339986934892045,nan,nan,4.0
linear_gaussian,1.0,1,15,hebbian,4.258042733774665,7.339986934892047,nan,nan,4.0
linear_gaussian,1.0,1,15,softmax,0.4564977356179776,0.7885987477732372,1.0,nan,4.0
linear_gaussian,1.0,1,15,oracle_ridge,4.258042647198832,7.339986795339217,nan,nan,4.0
linear_gaussian,1.0,2,0,csm,1.897541285323686,3.1683181824157463,nan,3.326792199128198e-16,2.0
linear_gaussian,1.0,2,0,simple_average,1.8975413054703083,3.168318215056906,nan,nan,2.0
linear_gaussian,1.0,2,0,hebbian,8.287406192614538,13.596647394356031,nan,nan,2.0
linear_gaussian,1.0,2,0,softmax,0.312261344962224,0.530112966662126,1.0,nan,2.0
linear_gaussian,1.0,2,0,oracle_ridge,1.897541285323686,3.1683181824157463,nan,nan,2.0
linear_gaussian,1.0,2,1,csm,1.8387648785951578,2.534756922978509,nan,2.4297154897322486e-16,2.0
linear_gaussian,1.0,2,1,simple_average,1.8387648966170294,2.5347569500634415,nan,nan,2.0
linear_gaussian,1.0,2,1,hebbian,7.456758551639117,10.500845532774537,nan,nan,2.0
linear_gaussian,1.0,2,1,softmax,0.3767712236660711,0.6156989079875745,1.0,nan,2.0
linear_gaussian,1.0,2,1,oracle_ridge,1.8387648785951576,2.53475692297851,nan,nan,2.0
linear_gaussian,1.0,2,2,csm,1.7813640166289961,3.8941273121072957,nan,1.7811354954405694e-16,2.0
linear_gaussian,1.0,2,2,simple_average,1.7813640318246262,3.8941273461182173,nan,nan,2.0
linear_gaussian,1.0,2,2,hebbian,6.357021224421998,13.93570215072746,nan,nan,2.0
linear_gaussian,1.0,2,2,softmax,0.33304288407190086,0.5842442249935418,1.0,nan,2.0
linear_gaussian,1.0,2,2,oracle_ridge,1.781364016628996,3.894127312107295,nan,nan,2.0
linear_gaussian,1.0,2,3,csm,1.3481011944005583,2.3830516483537427,nan,2.1405127880506623e-16,2.0
linear_gaussian,1.0,2,3,simple_average,1.3481012094538407,2.3830516724895743,nan,nan,2.0
linear_gaussian,1.0,2,3,hebbian,6.249780169775718,11.77348769246204,nan,nan,2.0
linear_gaussian,1.0,2,3,softmax,0.23847627344937222,0.3763032736581404,1.0,nan,2.0
linear_gaussian,1.0,2,3,oracle_ridge,1.3481011944005583,2.3830516483537436,nan,nan,2.0
linear_gaussian,1.0,2,4,csm,1.4004138422675556,2.6550773071241762,nan,2.2253577046164997e-16,2.0
linear_gaussian,1.0,2,4,simple_average,1.400413857200328,2.655077336843653,nan,nan,2.0
linear_gaussian,1.0,2,4,hebbian,6.232432533925824,12.177203172884997,nan,nan,2.0
linear_gaussian,1.0,2,4,softmax,0.2864985291277212,0.459394313474458,1.0,nan,2.0
linear_gaussian,1.0,2,4,oracle_ridge,1.4004138422675556,2.655077307124177,nan,nan,2.0
linear_gaussian,1.0,2,5,csm,1.8920384147568732,3.481672598425675,nan,2.8747915031075814e-16,2.0
linear_gaussian,1.0,2,5,simple_average,1.8920384348339037,3.4816726350031093,nan,nan,2.0
linear_gaussian,1.0,2,5,hebbian,8.329198725145636,14.766406657345568,nan,nan,2.0
linear_gaussian,1.0,2,5,softmax,0.35054692908897944,0.5328589959727852,1.0,nan,2.0
linear_gaussian,1.0,2,5,oracle_ridge,1.8920384147568732,3.4816725984256753,nan,nan,2.0
linear_gaussian,1.0,2,6,csm,1.5155910877059826,2.9559417927112923,nan,3.206176582210519e-16,2.0
linear_gaussian,1.0,2,6,simple_average,1.5155911031010116,2.9559418209309567,nan,nan,2.0
linear_gaussian,1.0,2,6,hebbian,6.426893889244484,11.599380158463088,nan,nan,2.0
linear_gaussian,1.0,2,6,softmax,0.26330163049492894,0.4525386995544487,1.0,nan,2.0
linear_gaussian,1.0,2,6,oracle_ridge,1.5155910877059828,2.9559417927112923,nan,nan,2.0
linear_gaussian,1.0,2,7,csm,2.4334316928499726,3.9627337897650525,nan,2.9852795115545267e-16,2.0
linear_gaussian,1.0,2,7,simple_average,2.4334317176890075,3.962733831476324,nan,nan,2.0
linear_gaussian,1.0,2,7,hebbian,10.1272365142345,16.816658329451712,nan,nan,2.0
linear_gaussian,1.0,2,7,softmax,0.35234599935734734,0.6610558956862022,1.0,nan,2.0
linear_gaussian,1.0,2,7,oracle_ridge,2.4334316928499717,3.9627337897650508,nan,nan,2.0
linear_gaussian,1.0,2,8,csm,1.5413937457732771,3.015913025799602,nan,2.6761312445292176e-16,2.0
linear_gaussian,1.0,2,8,simple_average,1.5413937624317329,3.015913055762964,nan,nan,2.0
linear_gaussian,1.0,2,8,hebbian,7.037336575172308,12.198468154263201,nan,nan,2.0
linear_gaussian,1.0,2,8,softmax,0.2397633620760759,0.4780550883459198,1.0,nan,2.0
linear_gaussian,1.0,2,8,oracle_ridge,1.5413937457732771,3.0159130257996027,nan,nan,2.0
linear_gaussian,1.0,2,9,csm,2.06892058174861,3.379263504712851,nan,3.439522810649907e-16,2.0
linear_gaussian,1.0,2,9,simple_average,2.0689206030138703,3.37926353657803,nan,nan,2.0
linear_gaussian,1.0,2,9,hebbian,8.705715131182387,13.021970964221024,nan,nan,2.0
linear_gaussian,1.0,2,9,softmax,0.26025812896146905,0.5341534006714065,1.0,nan,2.0
linear_gaussian,1.0,2,9,oracle_ridge,2.0689205817486096,3.379263504712852,nan,nan,2.0
linear_gaussian,1.0,2,10,csm,2.596278183533311,4.587790231869122,nan,3.674117644407896e-16,2.0
linear_gaussian,1.0,2,10,simple_average,2.5962782099072115,4.587790283200517,nan,nan,2.0
linear_gaussian,1.0,2,10,hebbian,10.775117779502935,20.7053455498226,nan,nan,2.0
linear_gaussian,1.0,2,10,softmax,0.5359495108598988,0.8891254465830346,1.0,nan,2.0
linear_gaussian,1.0,2,10,oracle_ridge,2.59627818353331,4.587790231869121,nan,nan,2.0
linear_gaussian,1.0,2,11,csm,1.810505006241118,3.473220669438524,nan,3.612809779669362e-16,2.0
linear_gaussian,1.0,2,11,simple_average,1.8105050254664845,3.4732207088619873,nan,nan,2.0
linear_gaussian,1.0,2,11,hebbian,8.016084229095078,16.05943478598856,nan,nan,2.0
linear_gaussian,1.0,2,11,softmax,0.5100042114165745,0.8062523716175978,1.0,nan,2.0
linear_gaussian,1.0,2,11,oracle_ridge,1.8105050062411174,3.4732206694385224,nan,nan,2.0
linear_gaussian,1.0,2,12,csm,1.321032397354751,2.186899429217104,nan,3.023764605297113e-16,2.0
linear_gaussian,1.0,2,12,simple_average,1.321032410097609,2.1868994541218316,nan,nan,2.0
linear_gaussian,1.0,2,12,hebbian,5.479248088952758,9.962697776980532,nan,nan,2.0
linear_gaussian,1.0,2,12,softmax,0.3899450169367573,0.6286951531775802,1.0,nan,2.0
linear_gaussian,1.0,2,12,oracle_ridge,1.3210323973547515,2.186899429217105,nan,nan,2.0
linear_gaussian,1.0,2,13,csm,2.389697080873215,3.847110033213742,nan,3.3073915702958837e-16,2.0
linear_gaussian,1.0,2,13,simple_average,2.3896971042670283,3.84711007426626,nan,nan,2.0
linear_gaussian,1.0,2,13,hebbian,9.537970205099647,16.50845417580591,nan,nan,2.0
linear_gaussian,1.0,2,13,softmax,0.32714947529810245,0.501864650274099,1.0,nan,2.0
linear_gaussian,1.0,2,13,oracle_ridge,2.389697080873215,3.8471100332137413,nan,nan,2.0
linear_gaussian,1.0,2,14,csm,1.7881564893777182,3.1563930089529912,nan,2.347237715184481e-16,2.0
linear_gaussian,1.0,2,14,simple_average,1.7881565087041222,3.1563930432291802,nan,nan,2.0
linear_gaussian,1.0,2,14,hebbian,8.0673454628486,15.11056391867991,nan,nan,2.0
linear_gaussian,1.0,2,14,softmax,0.46920792976509657,0.8980456580706784,1.0,nan,2.0
linear_gaussian,1.0,2,14,oracle_ridge,1.7881564893777186,3.1563930089529917,nan,nan,2.0
linear_gaussian,1.0,2,15,csm,1.6643584159102298,3.1007635949808905,nan,2.6922764292269817e-16,2.0
linear_gaussian,1.0,2,15,simple_average,1.6643584318268871,3.100763624650263,nan,nan,2.0
linear_gaussian,1.0,2,15,hebbian,6.672508223216967,12.428301250678702,nan,nan,2.0
linear_gaussian,1.0,2,15,softmax,0.368023214009236,0.64309911790967,1.0,nan,2.0
linear_gaussian,1.0,2,15,oracle_ridge,1.66435841591023,3.10076359498089,nan,nan,2.0
linear_gaussian,1.0,4,0,csm,1.544128319436935,2.6427341819075365,nan,1.9468796189609326e-16,1.0
linear_gaussian,1.0,4,0,simple_average,1.5441283275998434,2.642734195420151,nan,nan,1.0
linear_gaussian,1.0,4,0,hebbian,28.501193796840543,43.486675133445324,nan,nan,1.0
linear_gaussian,1.0,4,0,softmax,0.44298608931105543,0.8118115691659262,1.0,nan,1.0
linear_gaussian,1.0,4,0,oracle_ridge,1.5441283194369353,2.6427341819075365,nan,nan,1.0
linear_gaussian,1.0,4,1,csm,0.9961980150611169,1.9795994368170426,nan,2.932041163880353e-16,1.0
linear_gaussian,1.0,4,1,simple_average,0.9961980205216777,1.9795994487490125,nan,nan,1.0
linear_gaussian,1.0,4,1,hebbian,20.023784207069745,44.10004241147482,nan,nan,1.0
linear_gaussian,1.0,4,1,softmax,0.28515033596960004,0.5910879945442582,1.0,nan,1.0
linear_gaussian,1.0,4,1,oracle_ridge,0.9961980150611165,1.9795994368170413,nan,nan,1.0
linear_gaussian,1.0,4,2,csm,0.7003641520420758,1.1429094695438942,nan,3.3234010246698723e-16,1.0
linear_gaussian,1.0,4,2,simple_average,0.7003641553422542,1.142909474332686,nan,nan,1.0
linear_gaussian,1.0,4,2,hebbian,12.06953359594332,18.80409048780693,nan,nan,1.0
linear_gaussian,1.0,4,2,softmax,0.33867668443012433,0.6781918985190943,1.0,nan,1.0
linear_gaussian,1.0,4,2,oracle_ridge,0.7003641520420756,1.142909469543893,nan,nan,1.0
linear_gaussian,1.0,4,3,csm,1.2643425534687684,2.069477561360983,nan,4.29105952482557e-16,1.0
linear_gaussian,1.0,4,3,simple_average,1.2643425598783602,2.069477571342481,nan,nan,1.0
linear_gaussian,1.0,4,3,hebbian,22.070413081316254,39.649211775998715,nan,nan,1.0
linear_gaussian,1.0,4,3,softmax,0.19490131897224586,0.3283624969548612,1.0,nan,1.0
linear_gaussian,1.0,4,3,oracle_ridge,1.2643425534687687,2.069477561360984,nan,nan,1.0
linear_gaussian,1.0,4,4,csm,1.142132483339483,1.9630207346027757,nan,3.2356380381247796e-16,1.0
linear_gaussian,1.0,4,4,simple_average,1.1421324887693038,1.9630207442055985,nan,nan,1.0
linear_gaussian,1.0,4,4,hebbian,18.97116928029152,36.64140619983796,nan,nan,1.0
linear_gaussian,1.0,4,4,softmax,0.39600775944559846,0.6352583161989255,1.0,nan,1.0
linear_gaussian,1.0,4,4,oracle_ridge,1.1421324833394833,1.9630207346027753,nan,nan,1.0
linear_gaussian,1.0,4,5,csm,0.9385163978713292,1.6998851279707685,nan,2.54912043522544e-16,1.0
linear_gaussian,1.0,4,5,simple_average,0.9385164026215258,1.6998851366023628,nan,nan,1.0
linear_gaussian,1.0,4,5,hebbian,16.91191116389335,28.10534276391875,nan,nan,1.0
linear_gaussian,1.0,4,5,softmax,0.1968696076809916,0.3117166711070155,1.0,nan,1.0
linear_gaussian,1.0,4,5,oracle_ridge,0.9385163978713293,1.6998851279707685,nan,nan,1.0
linear_gaussian,1.0,4,6,csm,0.6927191451889574,1.0442056461757807,nan,2.854523715753927e-16,1.0
linear_gaussian,1.0,4,6,simple_average,0.6927191488655133,1.0442056530534414,nan,nan,1.0
linear_gaussian,1.0,4,6,hebbian,13.913098834631107,22.78181578075061,nan,nan,1.0
linear_gaussian,1.0,4,6,softmax,0.2206881809678067,0.35056039646305437,1.0,nan,1.0
linear_gaussian,1.0,4,6,oracle_ridge,0.6927191451889575,1.0442056461757812,nan,nan,1.0
linear_gaussian,1.0,4,7,csm,0.858237643695041,1.2138690445020244,nan,3.1516120700698023e-16,1.0
linear_gaussian,1.0,4,7,simple_average,0.8582376481086726,1.2138690515399142,nan,nan,1.0
linear_gaussian,1.0,4,7,hebbian,15.377465725376107,25.14729175642442,nan,nan,1.0
linear_gaussian,1.0,4,7,softmax,0.27680618555035225,0.4585058818091832,1.0,nan,1.0
linear_gaussian,1.0,4,7,oracle_ridge,0.8582376436950413,1.2138690445020248,nan,nan,1.0
linear_gaussian,1.0,4,8,csm,1.393259662585512,3.1270034118689902,nan,3.465532341048635e-16,1.0
linear_gaussian,1.0,4,8,simple_average,1.3932596684864371,3.1270034253770618,nan,nan,1.0
linear_gaussian,1.0,4,8,hebbian,19.82597296720092,40.812241249635065,nan,nan,1.0
linear_gaussian,1.0,4,8,softmax,0.2793538298179649,0.5099076533513183,1.0,nan,1.0
linear_gaussian,1.0,4,8,oracle_ridge,1.3932596625855118,3.1270034118689902,nan,nan,1.0
linear_gaussian,1.0,4,9,csm,0.758168554557723,1.6533349554229975,nan,2.1647449089767921e-16,1.0
linear_gaussian,1.0,4,9,simple_average,0.758168558130663,1.6533349639840822,nan,nan,1.0
linear_gaussian,1.0,4,9,hebbian,12.066044201449635,27.343512983780183,nan,nan,1.0
linear_gaussian,1.0,4,9,softmax,0.23835906055427497,0.421453158566726,1.0,nan,1.0
linear_gaussian,1.0,4,9,oracle_ridge,0.758168554557723,1.6533349554229977,nan,nan,1.0
linear_gaussian,1.0,4,10,csm,0.6437563280810947,1.2747883172425314,nan,3.183109594354158e-16,1.0
linear_gaussian,1.0,4,10,simple_average,0.6437563311258039,1.27478832402107,nan,nan,1.0
linear_gaussian,1.0,4,10,hebbian,12.005361069417756,22.880352711737803,nan,nan,1.0
linear_gaussian,1.0,4,10,softmax,0.33510729329359695,0.5755167134087311,1.0,nan,1.0
linear_gaussian,1.0,4,10,oracle_ridge,0.6437563280810947,1.2747883172425316,nan,nan,1.0
linear_gaussian,1.0,4,11,csm,1.0101391191308684,1.8716381525297967,nan,2.928935058225568e-16,1.0
linear_gaussian,1.0,4,11,simple_average,1.0101391241885918,1.871638163830342,nan,nan,1.0
linear_gaussian,1.0,4,11,hebbian,18.119504626210013,41.54434420306279,nan,nan,1.0
linear_gaussian,1.0,4,11,softmax,0.30748199385180885,0.4988769153196597,1.0,nan,1.0
linear_gaussian,1.0,4,11,oracle_ridge,1.0101391191308684,1.8716381525297965,nan,nan,1.0
linear_gaussian,1.0,4,12,csm,0.97257659682835,1.7537069991548662,nan,2.259002044902855e-16,1.0
linear_gaussian,1.0,4,12,simple_average,0.9725766013419833,1.7537070071052978,nan,nan,1.0
linear_gaussian,1.0,4,12,hebbian,16.55763318382713,27.652043585229954,nan,nan,1.0
linear_gaussian,1.0,4,12,softmax,0.4262649312210426,0.6173565688957896,1.0,nan,1.0
linear_gaussian,1.0,4,12,oracle_ridge,0.9725765968283501,1.7537069991548664,nan,nan,1.0
linear_gaussian,1.0,4,13,csm,0.6258223789262303,1.0270046062209472,nan,4.64662635586052e-16,1.0
linear_gaussian,1.0,4,13,simple_average,0.6258223823707949,1.0270046100304355,nan,nan,1.0
linear_gaussian,1.0,4,13,hebbian,13.264812717961714,23.72115745407752,nan,nan,1.0
linear_gaussian,1.0,4,13,softmax,0.2514201045309,0.4306534664430384,1.0,nan,1.0
linear_gaussian,1.0,4,13,oracle_ridge,0.6258223789262305,1.0270046062209472,nan,nan,1.0
linear_gaussian,1.0,4,14,csm,0.6617406873688629,1.1010940859864795,nan,2.172177311443527e-16,1.0
linear_gaussian,1.0,4,14,simple_average,0.661740690793433,1.10109408999458,nan,nan,1.0
linear_gaussian,1.0,4,14,hebbian,12.81527141778033,18.47772322915361,nan,nan,1.0
linear_gaussian,1.0,4,14,softmax,0.16469138788402277,0.2877534998037529,1.0,nan,1.0
linear_gaussian,1.0,4,14,oracle_ridge,0.6617406873688629,1.1010940859864797,nan,nan,1.0
linear_gaussian,1.0,4,15,csm,0.9670654604332535,2.398704650390895,nan,3.791093527953339e-16,1.0
linear_gaussian,1.0,4,15,simple_average,0.9670654656887367,2.398704663870072,nan,nan,1.0
linear_gaussian,1.0,4,15,hebbian,20.410067404707767,48.93869506748471,nan,nan,1.0
linear_gaussian,1.0,4,15,softmax,0.4454603402125328,0.7624354846029888,0.5,nan,1.0
linear_gaussian,1.0,4,15,oracle_ridge,0.9670654604332538,2.3987046503908958,nan,nan,1.0
linear_gaussian,1.0,8,0,csm,0.8534264220649417,1.2079555645823146,nan,2.9213360872589864e-16,0.5
linear_gaussian,1.0,8,0,simple_average,0.8534264242547702,1.207955567686896,nan,nan,0.5
linear_gaussian,1.0,8,0,hebbian,70.04570807424646,89.65787995564787,nan,nan,0.5
linear_gaussian,1.0,8,0,softmax,0.22324109268885178,0.3498798477153348,1.0,nan,0.5
linear_gaussian,1.0,8,0,oracle_ridge,0.8534264220649419,1.2079555645823155,nan,nan,0.5
linear_gaussian,1.0,8,1,csm,0.48388533886946233,0.6254273953295875,nan,2.985188780375461e-16,0.5
linear_gaussian,1.0,8,1,simple_average,0.48388534000744415,0.6254273972831638,nan,nan,0.5
linear_gaussian,1.0,8,1,hebbian,39.3825511005085,69.41332371308305,nan,nan,0.5
linear_gaussian,1.0,8,1,softmax,0.2193644689193833,0.34180349915313407,1.0,nan,0.5
linear_gaussian,1.0,8,1,oracle_ridge,0.4838853388694622,0.6254273953295876,nan,nan,0.5
linear_gaussian,1.0,8,2,csm,0.4938331184846708,0.8514954335363252,nan,2.9456576211832493e-16,0.5
linear_gaussian,1.0,8,2,simple_average,0.4938331196355361,0.8514954351056173,nan,nan,0.5
linear_gaussian,1.0,8,2,hebbian,39.40238249425691,56.836462176024206,nan,nan,0.5
linear_gaussian,1.0,8,2,softmax,0.2647970191920336,0.5542210482675355,1.0,nan,0.5
linear_gaussian,1.0,8,2,oracle_ridge,0.4938331184846708,0.8514954335363251,nan,nan,0.5
linear_gaussian,1.0,8,3,csm,0.4463579566171638,0.6774092032422819,nan,2.9680642319694415e-16,0.5
linear_gaussian,1.0,8,3,simple_average,0.4463579577589408,0.6774092048343292,nan,nan,0.5
linear_gaussian,1.0,8,3,hebbian,42.54466573580231,59.45173846311853,nan,nan,0.5
linear_gaussian,1.0,8,3,softmax,0.21075715629254854,0.31948495702466856,0.5,nan,0.5
linear_gaussian,1.0,8,3,oracle_ridge,0.44635795661716393,0.6774092032422819,nan,nan,0.5
linear_gaussian,1.0,8,4,csm,0.5643761134553382,1.0346114781032345,nan,2.1543402831682072e-16,0.5
linear_gaussian,1.0,8,4,simple_average,0.5643761146207328,1.034611480052709,nan,nan,0.5
linear_gaussian,1.0,8,4,hebbian,38.212456185755926,68.14249181913911,nan,nan,0.5
linear_gaussian,1.0,8,4,softmax,0.4168058927748567,0.6093523245673568,0.5,nan,0.5
linear_gaussian,1.0,8,4,oracle_ridge,0.5643761134553382,1.0346114781032345,nan,nan,0.5
linear_gaussian,1.0,8,5,csm,0.4287885524538363,0.660462882399268,nan,2.96115063941928e-16,0.5
linear_gaussian,1.0,8,5,simple_average,0.4287885532883388,0.6604628834447025,nan,nan,0.5
linear_gaussian,1.0,8,5,hebbian,28.006073970734363,48.876490955605995,nan,nan,0.5
linear_gaussian,1.0,8,5,softmax,0.17096849842805087,0.27217746124422104,1.0,nan,0.5
linear_gaussian,1.0,8,5,oracle_ridge,0.4287885524538364,0.6604628823992679,nan,nan,0.5
linear_gaussian,1.0,8,6,csm,0.551671821912176,0.6941057477002306,nan,2.294089825454403e-16,0.5
linear_gaussian,1.0,8,6,simple_average,0.5516718235991136,0.6941057500918446,nan,nan,0.5
linear_gaussian,1.0,8,6,hebbian,71.01732929833864,111.39634128952332,nan,nan,0.5
linear_gaussian,1.0,8,6,softmax,0.3626971614545355,0.6301935349102549,0.5,nan,0.5
linear_gaussian,1.0,8,6,oracle_ridge,0.5516718219121759,0.6941057477002306,nan,nan,0.5
linear_gaussian,1.0,8,7,csm,0.42377734582688353,0.6728001055456091,nan,2.620077926533605e-16,0.5
linear_gaussian,1.0,8,7,simple_average,0.4237773467947198,0.6728001068595653,nan,nan,0.5
linear_gaussian,1.0,8,7,hebbian,31.801070438614442,46.004937939572514,nan,nan,0.5
linear_gaussian,1.0,8,7,softmax,0.1508151921346162,0.2621610630286376,1.0,nan,0.5
linear_gaussian,1.0,8,7,oracle_ridge,0.42377734582688353,0.6728001055456092,nan,nan,0.5
linear_gaussian,1.0,8,8,csm,0.43911815438421264,0.6410681612077352,nan,2.4761194446681186e-16,0.5
linear_gaussian,1.0,8,8,simple_average,0.43911815551092015,0.641068162861669,nan,nan,0.5
linear_gaussian,1.0,8,8,hebbian,46.81058455295918,85.52003764845527,nan,nan,0.5
linear_gaussian,1.0,8,8,softmax,0.1906131368588325,0.38427333706839517,0.5,nan,0.5
linear_gaussian,1.0,8,8,oracle_ridge,0.43911815438421264,0.6410681612077352,nan,nan,0.5
linear_gaussian,1.0,8,9,csm,0.3232078450670004,0.6313940563910387,nan,2.783887916284363e-16,0.5
linear_gaussian,1.0,8,9,simple_average,0.3232078460415505,0.6313940583254323,nan,nan,0.5
linear_gaussian,1.0,8,9,hebbian,42.61077718530373,64.99235441636877,nan,nan,0.5
linear_gaussian,1.0,8,9,softmax,0.16164370980863835,0.26437735573044463,0.5,nan,0.5
linear_gaussian,1.0,8,9,oracle_ridge,0.32320784506700045,0.6313940563910392,nan,nan,0.5
linear_gaussian,1.0,8,10,csm,0.3661996483101505,0.6844260484841593,nan,2.665000377800647e-16,0.5
linear_gaussian,1.0,8,10,simple_average,0.36619964908341235,0.684426049793556,nan,nan,0.5
linear_gaussian,1.0,8,10,hebbian,27.358075624859026,39.844283636225995,nan,nan,0.5
linear_gaussian,1.0,8,10,softmax,0.21151562066611415,0.31505251634522513,0.5,nan,0.5
linear_gaussian,1.0,8,10,oracle_ridge,0.36619964831015045,0.6844260484841594,nan,nan,0.5
linear_gaussian,1.0,8,11,csm,0.40318040080575945,0.7741068120159273,nan,2.505748069695683e-16,0.5
linear_gaussian,1.0,8,11,simple_average,0.4031804017014855,0.7741068138556146,nan,nan,0.5
linear_gaussian,1.0,8,11,hebbian,34.00930826865897,56.739428285844134,nan,nan,0.5
linear_gaussian,1.0,8,11,softmax,0.21735982218901206,0.39320874739315587,0.5,nan,0.5
linear_gaussian,1.0,8,11,oracle_ridge,0.40318040080575956,0.7741068120159276,nan,nan,0.5
linear_gaussian,1.0,8,12,csm,0.26021693261088075,0.4301331065541397,nan,2.9245807886213177e-16,0.5
linear_gaussian,1.0,8,12,simple_average,0.2602169333386336,0.4301331075986884,nan,nan,0.5
linear_gaussian,1.0,8,12,hebbian,30.861690124140726,45.451426358790286,nan,nan,0.5
linear_gaussian,1.0,8,12,softmax,0.16035024377861473,0.35744053449143737,0.5,nan,0.5
linear_gaussian,1.0,8,12,oracle_ridge,0.2602169326108807,0.43013310655413967,nan,nan,0.5
linear_gaussian,1.0,8,13,csm,0.471619489449549,0.7517511893907705,nan,2.8188525607643793e-16,0.5
linear_gaussian,1.0,8,13,simple_average,0.4716194906444412,0.751751190889021,nan,nan,0.5
linear_gaussian,1.0,8,13,hebbian,47.80438858091158,77.67246345071321,nan,nan,0.5
linear_gaussian,1.0,8,13,softmax,0.26333610437521693,0.47396693890903535,0.5,nan,0.5
linear_gaussian,1.0,8,13,oracle_ridge,0.47161948944954896,0.7517511893907705,nan,nan,0.5
linear_gaussian,1.0,8,14,csm,0.5427242561463406,0.887984599300484,nan,3.129318696452855e-16,0.5
linear_gaussian,1.0,8,14,simple_average,0.5427242573461408,0.8879846016799354,nan,nan,0.5
linear_gaussian,1.0,8,14,hebbian,38.253999164560874,68.15630571186,nan,nan,0.5
linear_gaussian,1.0,8,14,softmax,0.22384418940870893,0.47619989146790975,1.0,nan,0.5
linear_gaussian,1.0,8,14,oracle_ridge,0.5427242561463408,0.8879845993004846,nan,nan,0.5
linear_gaussian,1.0,8,15,csm,0.5049165760579053,0.934190468682091,nan,2.8198960821597493e-16,0.5
linear_gaussian,1.0,8,15,simple_average,0.5049165775435536,0.9341904713598999,nan,nan,0.5
linear_gaussian,1.0,8,15,hebbian,50.32106368697356,84.33632244167026,nan,nan,0.5
linear_gaussian,1.0,8,15,softmax,0.10536786121680644,0.19179075679216243,1.0,nan,0.5
linear_gaussian,1.0,8,15,oracle_ridge,0.5049165760579053,0.9341904686820909,nan,nan,0.5
linear_gaussian,1.0,16,0,csm,0.2566340799773916,0.5277048807997694,nan,2.461279610841403e-16,0.25
linear_gaussian,1.0,16,0,simple_average,0.2566340802024868,0.5277048814743424,nan,nan,0.25
linear_gaussian,1.0,16,0,hebbian,81.1308971019009,181.98305491367572,nan,nan,0.25
linear_gaussian,1.0,16,0,softmax,0.1704917953900939,0.2957492224853321,0.5,nan,0.25
linear_gaussian,1.0,16,0,oracle_ridge,0.2566340799773916,0.5277048807997693,nan,nan,0.25
linear_gaussian,1.0,16,1,csm,0.3188628859449927,0.5530549167030501,nan,2.1120895404433298e-16,0.25
linear_gaussian,1.0,16,1,simple_average,0.3188628863684815,0.5530549176636637,nan,nan,0.25
linear_gaussian,1.0,16,1,hebbian,160.4559596935883,242.21287451311275,nan,nan,0.25
linear_gaussian,1.0,16,1,softmax,0.20089880205780242,0.33467011260931484,0.5,nan,0.25
linear_gaussian,1.0,16,1,oracle_ridge,0.31886288594499274,0.5530549167030501,nan,nan,0.25
linear_gaussian,1.0,16,2,csm,0.14386232772025548,0.21811787608077837,nan,2.587048071081699e-16,0.25
linear_gaussian,1.0,16,2,simple_average,0.14386232792831133,0.2181178764872473,nan,nan,0.25
linear_gaussian,1.0,16,2,hebbian,101.64944831879865,153.46870460477675,nan,nan,0.25
linear_gaussian,1.0,16,2,softmax,0.09080567704932546,0.15885357691813565,0.5,nan,0.25
linear_gaussian,1.0,16,2,oracle_ridge,0.14386232772025548,0.21811787608077834,nan,nan,0.25
linear_gaussian,1.0,16,3,csm,0.2585309905204937,0.5391126328940756,nan,1.8705433351215416e-16,0.25
linear_gaussian,1.0,16,3,simple_average,0.2585309908489429,0.539112633664988,nan,nan,0.25
linear_gaussian,1.0,16,3,hebbian,118.49686167817202,226.3287800203321,nan,nan,0.25
linear_gaussian,1.0,16,3,softmax,0.14495374578524123,0.26240053518169537,0.5,nan,0.25
linear_gaussian,1.0,16,3,oracle_ridge,0.2585309905204938,0.5391126328940757,nan,nan,0.25
linear_gaussian,1.0,16,4,csm,0.152406502153325,0.31246100380377967,nan,2.821814956075946e-16,0.25
linear_gaussian,1.0,16,4,simple_average,0.1524065024064183,0.31246100423086853,nan,nan,0.25
linear_gaussian,1.0,16,4,hebbian,117.6790066658285,179.66595903221514,nan,nan,0.25
linear_gaussian,1.0,16,4,softmax,0.08168550675865004,0.1408599095544586,0.5,nan,0.25
linear_gaussian,1.0,16,4,oracle_ridge,0.152406502153325,0.3124610038037797,nan,nan,0.25
linear_gaussian,1.0,16,5,csm,0.28695380517962965,0.4381999590985377,nan,3.159676217230883e-16,0.25
linear_gaussian,1.0,16,5,simple_average,0.28695380543931326,0.43819995967848807,nan,nan,0.25
linear_gaussian,1.0,16,5,hebbian,89.96510679630026,154.41291806747674,nan,nan,0.25
linear_gaussian,1.0,16,5,softmax,0.17097151380229847,0.23580761317182355,0.5,nan,0.25
linear_gaussian,1.0,16,5,oracle_ridge,0.2869538051796296,0.43819995909853776,nan,nan,0.25
linear_gaussian,1.0,16,6,csm,0.23396133663331992,0.3409400081720955,nan,2.601058323599404e-16,0.25
linear_gaussian,1.0,16,6,simple_average,0.23396133695605834,0.3409400087427175,nan,nan,0.25
linear_gaussian,1.0,16,6,hebbian,111.45258322606261,198.987774848451,nan,nan,0.25
linear_gaussian,1.0,16,6,softmax,0.08971230078698769,0.142616626055372,0.5,nan,0.25
linear_gaussian,1.0,16,6,oracle_ridge,0.23396133663331992,0.3409400081720955,nan,nan,0.25
linear_gaussian,1.0,16,7,csm,0.1783826407343544,0.2959914390799033,nan,2.0992875542767174e-16,0.25
linear_gaussian,1.0,16,7,simple_average,0.17838264095911294,0.2959914393576317,nan,nan,0.25
linear_gaussian,1.0,16,7,hebbian,113.6416841881199,158.06087366043022,nan,nan,0.25
linear_gaussian,1.0,16,7,softmax,0.11963750924685884,0.19898165817808725,0.5,nan,0.25
linear_gaussian,1.0,16,7,oracle_ridge,0.1783826407343544,0.2959914390799033,nan,nan,0.25
linear_gaussian,1.0,16,8,csm,0.19683751023723856,0.31062060571338823,nan,2.2701916445713136e-16,0.25
linear_gaussian,1.0,16,8,simple_average,0.19683751049246367,0.31062060604063935,nan,nan,0.25
linear_gaussian,1.0,16,8,hebbian,103.75769625969858,165.66687155791942,nan,nan,0.25
linear_gaussian,1.0,16,8,softmax,0.1254793206518049,0.20380872920277313,0.5,nan,0.25
linear_gaussian,1.0,16,8,oracle_ridge,0.19683751023723856,0.3106206057133882,nan,nan,0.25
linear_gaussian,1.0,16,9,csm,0.2868917698102624,0.5504262452726962,nan,2.646430008190595e-16,0.25
linear_gaussian,1.0,16,9,simple_average,0.28689177019481477,0.5504262460814469,nan,nan,0.25
linear_gaussian,1.0,16,9,hebbian,126.01651665962127,259.29953794212685,nan,nan,0.25
linear_gaussian,1.0,16,9,softmax,0.14335038739555123,0.2089486889026057,0.5,nan,0.25
linear_gaussian,1.0,16,9,oracle_ridge,0.2868917698102625,0.5504262452726963,nan,nan,0.25
linear_gaussian,1.0,16,10,csm,0.26148018961871544,0.43009125604061393,nan,2.8048244227085467e-16,0.25
linear_gaussian,1.0,16,10,simple_average,0.26148018990570243,0.4300912563798215,nan,nan,0.25
linear_gaussian,1.0,16,10,hebbian,113.95823177949177,151.89621668226968,nan,nan,0.25
linear_gaussian,1.0,16,10,softmax,0.1708482404954471,0.2918588411768626,0.5,nan,0.25
linear_gaussian,1.0,16,10,oracle_ridge,0.26148018961871544,0.4300912560406139,nan,nan,0.25
linear_gaussian,1.0,16,11,csm,0.19000827775832785,0.36024466915710496,nan,3.496453921798396e-16,0.25
linear_gaussian,1.0,16,11,simple_average,0.1900082779513944,0.36024466944714073,nan,nan,0.25
linear_gaussian,1.0,16,11,hebbian,108.47550000390723,164.67621421897462,nan,nan,0.25
linear_gaussian,1.0,16,11,softmax,0.15388039803745757,0.24746341113267506,0.5,nan,0.25
linear_gaussian,1.0,16,11,oracle_ridge,0.19000827775832782,0.36024466915710496,nan,nan,0.25
linear_gaussian,1.0,16,12,csm,0.20411571111002813,0.2946746799022465,nan,3.831586757204679e-16,0.25
linear_gaussian,1.0,16,12,simple_average,0.20411571137040868,0.29467468018046533,nan,nan,0.25
linear_gaussian,1.0,16,12,hebbian,88.1404635764567,135.47141849300127,nan,nan,0.25
linear_gaussian,1.0,16,12,softmax,0.13320090675296026,0.19242588042888537,0.5,nan,0.25
linear_gaussian,1.0,16,12,oracle_ridge,0.20411571111002808,0.29467467990224633,nan,nan,0.25
linear_gaussian,1.0,16,13,csm,0.27767094085325716,0.5537342701293846,nan,2.715042254764906e-16,0.25
linear_gaussian,1.0,16,13,simple_average,0.27767094121895564,0.5537342708919238,nan,nan,0.25
linear_gaussian,1.0,16,13,hebbian,108.34672634603884,187.35982744935407,nan,nan,0.25
linear_gaussian,1.0,16,13,softmax,0.08945187077166808,0.16485588858141617,0.5,nan,0.25
linear_gaussian,1.0,16,13,oracle_ridge,0.27767094085325716,0.5537342701293845,nan,nan,0.25
linear_gaussian,1.0,16,14,csm,0.1525860835142584,0.25972322508535295,nan,3.881477248468438e-16,0.25
linear_gaussian,1.0,16,14,simple_average,0.15258608373972565,0.2597232253891621,nan,nan,0.25
linear_gaussian,1.0,16,14,hebbian,119.73579405644345,228.11646760265285,nan,nan,0.25
linear_gaussian,1.0,16,14,softmax,0.11316510341221028,0.20600018949147722,0.5,nan,0.25
linear_gaussian,1.0,16,14,oracle_ridge,0.1525860835142584,0.25972322508535306,nan,nan,0.25
linear_gaussian,1.0,16,15,csm,0.30206633565098673,0.5743490072730177,nan,3.140054084007289e-16,0.25
linear_gaussian,1.0,16,15,simple_average,0.30206633594470916,0.5743490078187543,nan,nan,0.25
linear_gaussian,1.0,16,15,hebbian,96.65500332408922,143.87777289074435,nan,nan,0.25
linear_gaussian,1.0,16,15,softmax,0.17760393277299033,0.263578721858671,0.5,nan,0.25
linear_gaussian,1.0,16,15,oracle_ridge,0.3020663356509867,0.5743490072730175,nan,nan,0.25
laplace,0.1,1,0,csm,0.052985027996602,0.0925975603641055,nan,3.1519239311303423e-16,nan
laplace,0.1,1,0,simple_average,0.05298502800737025,0.09259756038877787,nan,nan,nan
laplace,0.1,1,0,hebbian,0.052985028007370254,0.09259756038877794,nan,nan,nan
laplace,0.1,1,0,softmax,0.05294630610369083,0.09250227044359828,0.1,nan,nan
laplace,0.1,1,0,oracle_ridge,0.052985027996601985,0.09259756036410548,nan,nan,nan
laplace,0.1,1,1,csm,0.042884088711883275,0.07851906388001204,nan,1.890815516536649e-16,nan
laplace,0.1,1,1,simple_average,0.04288408872078848,0.0785190638976293,nan,nan,nan
laplace,0.1,1,1,hebbian,0.04288408872078847,0.07851906389762933,nan,nan,nan
laplace,0.1,1,1,softmax,0.04285948917547396,0.0785006350332081,0.1,nan,nan
laplace,0.1,1,1,oracle_ridge,0.04288408871188328,0.07851906388001208,nan,nan,nan
laplace,0.1,1,2,csm,0.03899095704323481,0.08975711796474711,nan,2.870884255206834e-16,nan
laplace,0.1,1,2,simple_average,0.03899095705981012,0.08975711799011604,nan,nan,nan
laplace,0.1,1,2,hebbian,0.0389909570598101,0.08975711799011599,nan,nan,nan
laplace,0.1,1,2,softmax,0.03893613380526933,0.08968709255680152,0.1,nan,nan
laplace,0.1,1,2,oracle_ridge,0.03899095704323481,0.08975711796474713,nan,nan,nan
laplace,0.1,1,3,csm,0.013802300699544544,0.022640071298667328,nan,2.70127325167976e-16,nan
laplace,0.1,1,3,simple_average,0.013802300701850451,0.022640071293603695,nan,nan,nan
laplace,0.1,1,3,hebbian,0.013802300701850448,0.022640071293603695,nan,nan,nan
laplace,0.1,1,3,softmax,0.0137963945592849,0.022649766533357475,0.1,nan,nan
laplace,0.1,1,3,oracle_ridge,0.013802300699544535,0.02264007129866732,nan,nan,nan
laplace,0.1,1,4,csm,0.04991565381837354,0.09009019875997448,nan,2.8734604782445582e-16,nan
laplace,0.1,1,4,simple_average,0.04991565383028022,0.09009019878758465,nan,nan,nan
laplace,0.1,1,4,hebbian,0.04991565383028022,0.09009019878758462,nan,nan,nan
laplace,0.1,1,4,softmax,0.04987781413034062,0.08999423490999175,0.1,nan,nan
laplace,0.1,1,4,oracle_ridge,0.04991565381837353,0.09009019875997445,nan,nan,nan
laplace,0.1,1,5,csm,0.028841200406686987,0.05461206978047823,nan,2.302758137403153e-16,nan
laplace,0.1,1,5,simple_average,0.028841200406026418,0.05461206978063512,nan,nan,nan
laplace,0.1,1,5,hebbian,0.028841200406026404,0.0546120697806351,nan,nan,nan
laplace,0.1,1,5,softmax,0.028841200406026418,0.05461206978063512,0.001,nan,nan
laplace,0.1,1,5,oracle_ridge,0.02884120040668698,0.054612069780478216,nan,nan,nan
laplace,0.1,1,6,csm,0.04130038740369352,0.07511308094539278,nan,2.3982495336742254e-16,nan
laplace,0.1,1,6,simple_average,0.041300387409635264,0.07511308096439369,nan,nan,nan
laplace,0.1,1,6,hebbian,0.041300387409635264,0.0751130809643937,nan,nan,nan
laplace,0.1,1,6,softmax,0.04128262249986804,0.07505309169459164,0.1,nan,nan
laplace,0.1,1,6,oracle_ridge,0.041300387403693524,0.0751130809453928,nan,nan,nan
laplace,0.1,1,7,csm,0.046835267509792514,0.11220541017048322,nan,2.9814862423056403e-16,nan
laplace,0.1,1,7,simple_average,0.04683526752334779,0.11220541020522724,nan,nan,nan
laplace,0.1,1,7,hebbian,0.04683526752334777,0.11220541020522722,nan,nan,nan
laplace,0.1,1,7,softmax,0.04679110050323672,0.11208713563190083,0.1,nan,nan
laplace,0.1,1,7,oracle_ridge,0.04683526750979251,0.11220541017048317,nan,nan,nan
laplace,0.1,1,8,csm,0.02959341373241481,0.054716674334521376,nan,2.7906683474610876e-16,nan
laplace,0.1,1,8,simple_average,0.029593413740412723,0.054716674352829106,nan,nan,nan
laplace,0.1,1,8,hebbian,0.029593413740412727,0.05471667435282911,nan,nan,nan
laplace,0.1,1,8,softmax,0.02956272496934534,0.05464296609382404,0.1,nan,nan
laplace,0.1,1,8,oracle_ridge,0.029593413732414815,0.05471667433452139,nan,nan,nan
laplace,0.1,1,9,csm,0.05294582618918299,0.13098738145189498,nan,2.0093152182519149e-16,nan
laplace,0.1,1,9,simple_average,0.05294582620256426,0.1309873814793861,nan,nan,nan
laplace,0.1,1,9,hebbian,0.052945826202564314,0.13098738147938627,nan,nan,nan
laplace,0.1,1,9,softmax,0.05290790672507571,0.13091058943081668,0.1,nan,nan
laplace,0.1,1,9,oracle_ridge,0.052945826189183004,0.13098738145189504,nan,nan,nan
laplace,0.1,1,10,csm,0.04657046893304157,0.09944741892211904,nan,3.4615998084161893e-16,nan
laplace,0.1,1,10,simple_average,0.04657046894213496,0.09944741894321943,nan,nan,nan
laplace,0.1,1,10,hebbian,0.04657046894213495,0.09944741894321941,nan,nan,nan
laplace,0.1,1,10,softmax,0.046545785749610505,0.09938908707474084,0.1,nan,nan
laplace,0.1,1,10,oracle_ridge,0.046570468933041585,0.09944741892211904,nan,nan,nan
laplace,0.1,1,11,csm,0.030242663659153235,0.061895960476843585,nan,3.398509061716488e-16,nan
laplace,0.1,1,11,simple_average,0.030242663664785986,0.061895960496738914,nan,nan,nan
laplace,0.1,1,11,hebbian,0.030242663664785986,0.06189596049673889,nan,nan,nan
laplace,0.1,1,11,softmax,0.030227504276242496,0.06184320798257883,0.1,nan,nan
laplace,0.1,1,11,oracle_ridge,0.030242663659153225,0.061895960476843585,nan,nan,nan
laplace,0.1,1,12,csm,0.04447157174788561,0.09764013494520213,nan,3.244986567762002e-16,nan
laplace,0.1,1,12,simple_average,0.04447157175326352,0.09764013494587306,nan,nan,nan
laplace,0.1,1,12,hebbian,0.04447157175326352,0.09764013494587308,nan,nan,nan
laplace,0.1,1,12,softmax,0.04445495064128399,0.09764306675648658,0.1,nan,nan
laplace,0.1,1,12,oracle_ridge,0.044471571747885595,0.09764013494520213,nan,nan,nan
laplace,0.1,1,13,csm,0.029698765340213037,0.0658463332195078,nan,3.6125321945758843e-16,nan
laplace,0.1,1,13,simple_average,0.02969876534423624,0.0658463332211771,nan,nan,nan
laplace,0.1,1,13,hebbian,0.02969876534423624,0.06584633322117713,nan,nan,nan
laplace,0.1,1,13,softmax,0.02968226928393066,0.06584496326776064,0.1,nan,nan
laplace,0.1,1,13,oracle_ridge,0.02969876534021304,0.0658463332195078,nan,nan,nan
laplace,0.1,1,14,csm,0.0184587534522768,0.0331035344100429,nan,2.025319874420107e-16,nan
laplace,0.1,1,14,simple_average,0.01845875345463229,0.03310353441671771,nan,nan,nan
laplace,0.1,1,14,hebbian,0.0184587534546323,0.033103534416717706,nan,nan,nan
laplace,0.1,1,14,softmax,0.01845086200992348,0.0330841178080936,0.1,nan,nan
laplace,0.1,1,14,oracle_ridge,0.018458753452276794,0.033103534410042885,nan,nan,nan
laplace,0.1,1,15,csm,0.030836403936463294,0.055277456239872014,nan,3.093160120308829e-16,nan
laplace,0.1,1,15,simple_average,0.03083640394373445,0.05527745625510982,nan,nan,nan
laplace,0.1,1,15,hebbian,0.030836403943734436,0.055277456255109776,nan,nan,nan
laplace,0.1,1,15,softmax,0.030817317628780497,0.055220519897365886,0.1,nan,nan
laplace,0.1,1,15,oracle_ridge,0.030836403936463287,0.05527745623987202,nan,nan,nan
laplace,0.1,2,0,csm,0.014220196940537982,0.024052683983362726,nan,2.8030544246541974e-16,nan
laplace,0.1,2,0,simple_average,0.014220196943415505,0.024052683989270223,nan,nan,nan
laplace,0.1,2,0,hebbian,0.29245446187957913,0.4257844472958684,nan,nan,nan
laplace,0.1,2,0,softmax,0.014199129178102315,0.024008264284775743,0.1,nan,nan
laplace,0.1,2,0,oracle_ridge,0.014220196940538003,0.02405268398336278,nan,nan,nan
laplace,0.1,2,1,csm,0.03356474390758461,0.0720927686178029,nan,2.627602844492236e-16,nan
laplace,0.1,2,1,simple_average,0.03356474391029672,0.07209276862481258,nan,nan,nan
laplace,0.1,2,1,hebbian,0.31592769791052705,0.573133003449181,nan,nan,nan
laplace,0.1,2,1,softmax,0.03354831653777079,0.07205403363071763,0.1,nan,nan
laplace,0.1,2,1,oracle_ridge,0.033564743907584606,0.07209276861780287,nan,nan,nan
laplace,0.1,2,2,csm,0.010649996819100584,0.021569006169060653,nan,2.1121409149351418e-16,nan
laplace,0.1,2,2,simple_average,0.010649996818933367,0.021569006166859785,nan,nan,nan
laplace,0.1,2,2,hebbian,0.23810317541528953,0.49080147067421004,nan,nan,nan
laplace,0.1,2,2,softmax,0.010649689989042707,0.0215731714069105,0.1,nan,nan
laplace,0.1,2,2,oracle_ridge,0.010649996819100588,0.02156900616906066,nan,nan,nan
laplace,0.1,2,3,csm,0.014452937875194725,0.023198460081844802,nan,3.384149607942352e-16,nan
laplace,0.1,2,3,simple_average,0.014452937875129718,0.023198460084239866,nan,nan,nan
laplace,0.1,2,3,hebbian,0.2690510856386539,0.4735623281270452,nan,nan,nan
laplace,0.1,2,3,softmax,0.014452937875129718,0.023198460084239866,0.001,nan,nan
laplace,0.1,2,3,oracle_ridge,0.014452937875194714,0.02319846008184481,nan,nan,nan
laplace,0.1,2,4,csm,0.024945513801563752,0.04179779878120779,nan,4.618612067382114e-16,nan
laplace,0.1,2,4,simple_average,0.024945513801956986,0.04179779878528095,nan,nan,nan
laplace,0.1,2,4,hebbian,0.29325178540802765,0.5154503698197405,nan,nan,nan
laplace,0.1,2,4,softmax,0.02493409089477651,0.041762632377499706,0.1,nan,nan
laplace,0.1,2,4,oracle_ridge,0.024945513801563762,0.04179779878120782,nan,nan,nan
laplace,0.1,2,5,csm,0.03678757548896423,0.08294150404159416,nan,4.531148425699719e-16,nan
laplace,0.1,2,5,simple_average,0.03678757549047477,0.08294150405062038,nan,nan,nan
laplace,0.1,2,5,hebbian,0.3097177291578733,0.5449981252464556,nan,nan,nan
laplace,0.1,2,5,softmax,0.03676998383172683,0.08286666672462349,0.1,nan,nan
laplace,0.1,2,5,oracle_ridge,0.036787575488964226,0.08294150404159417,nan,nan,nan
laplace,0.1,2,6,csm,0.019519512651465076,0.03867717023385968,nan,2.4200564785105987e-16,nan
laplace,0.1,2,6,simple_average,0.01951951265219418,0.038677170236160366,nan,nan,nan
laplace,0.1,2,6,hebbian,0.21974425614163903,0.4024994066703724,nan,nan,nan
laplace,0.1,2,6,softmax,0.01951632708893746,0.0386594347676826,0.1,nan,nan
laplace,0.1,2,6,oracle_ridge,0.019519512651465072,0.03867717023385968,nan,nan,nan
laplace,0.1,2,7,csm,0.01707240569798578,0.03496158200571766,nan,4.2143145661716033e-16,nan
laplace,0.1,2,7,simple_average,0.01707240570047558,0.03496158201177851,nan,nan,nan
laplace,0.1,2,7,hebbian,0.2988712236821455,0.4322054382684354,nan,nan,nan
laplace,0.1,2,7,softmax,0.01705336222242709,0.034915344789133496,0.1,nan,nan
laplace,0.1,2,7,oracle_ridge,0.01707240569798577,0.0349615820057176,nan,nan,nan
laplace,0.1,2,8,csm,0.022554476820632274,0.049470065821587306,nan,2.696946578206759e-16,nan
laplace,0.1,2,8,simple_average,0.022554476823214584,0.04947006582527196,nan,nan,nan
laplace,0.1,2,8,hebbian,0.2976620628673188,0.5825226875504225,nan,nan,nan
laplace,0.1,2,8,softmax,0.022537589290304513,0.04944465487787874,0.1,nan,nan
laplace,0.1,2,8,oracle_ridge,0.02255447682063228,0.04947006582158732,nan,nan,nan
laplace,0.1,2,9,csm,0.02646179923226518,0.052352927601473066,nan,4.0696884946152137e-16,nan
laplace,0.1,2,9,simple_average,0.026461799232848186,0.05235292760599696,nan,nan,nan
laplace,0.1,2,9,hebbian,0.2200965199248724,0.3346948278249795,nan,nan,nan
laplace,0.1,2,9,softmax,0.02646033928211249,0.05232959870450683,0.1,nan,nan
laplace,0.1,2,9,oracle_ridge,0.026461799232265187,0.05235292760147307,nan,nan,nan
laplace,0.1,2,10,csm,0.015757015598240203,0.03236728911009194,nan,3.0332236107436913e-16,nan
laplace,0.1,2,10,simple_average,0.015757015599731874,0.03236728911430132,nan,nan,nan
laplace,0.1,2,10,hebbian,0.253158256613588,0.4800612798544266,nan,nan,nan
laplace,0.1,2,10,softmax,0.015743326485954896,0.032340293382191326,0.1,nan,nan
laplace,0.1,2,10,oracle_ridge,0.01575701559824021,0.03236728911009196,nan,nan,nan
laplace,0.1,2,11,csm,0.019457549767221964,0.03819875009916251,nan,3.201600162240402e-16,nan
laplace,0.1,2,11,simple_average,0.01945754977028291,0.03819875010433164,nan,nan,nan
laplace,0.1,2,11,hebbian,0.33931607847651923,0.5722171846652399,nan,nan,nan
laplace,0.1,2,11,softmax,0.019441275823701025,0.03815987832632238,0.1,nan,nan
laplace,0.1,2,11,oracle_ridge,0.019457549767221964,0.03819875009916253,nan,nan,nan
laplace,0.1,2,12,csm,0.016985840911312458,0.03250530885399918,nan,2.8611782101344527e-16,nan
laplace,0.1,2,12,simple_average,0.016985840914986228,0.032505308861292034,nan,nan,nan
laplace,0.1,2,12,hebbian,0.37719048896828505,0.7079341515534585,nan,nan,nan
laplace,0.1,2,12,softmax,0.016963892032668654,0.032468925423758656,0.1,nan,nan
laplace,0.1,2,12,oracle_ridge,0.01698584091131246,0.032505308853999194,nan,nan,nan
laplace,0.1,2,13,csm,0.03188562826417672,0.06636553469719793,nan,2.7955855728820097e-16,nan
laplace,0.1,2,13,simple_average,0.03188562826859753,0.06636553470627818,nan,nan,nan
laplace,0.1,2,13,hebbian,0.4699539947197839,0.7235143417114779,nan,nan,nan
laplace,0.1,2,13,softmax,0.031854336457007866,0.06629641874506033,0.1,nan,nan
laplace,0.1,2,13,oracle_ridge,0.03188562826417675,0.06636553469719803,nan,nan,nan
laplace,0.1,2,14,csm,0.019932767369992863,0.03909788128481403,nan,2.6849778913516196e-16,nan
laplace,0.1,2,14,simple_average,0.01993276737146562,0.03909788128829399,nan,nan,nan
laplace,0.1,2,14,hebbian,0.3328198429234637,0.6742494380780125,nan,nan,nan
laplace,0.1,2,14,softmax,0.019922495950323155,0.03907553195730184,0.1,nan,nan
laplace,0.1,2,14,oracle_ridge,0.01993276736999287,0.03909788128481406,nan,nan,nan
laplace,0.1,2,15,csm,0.015441138431637485,0.04192272807479986,nan,3.406072081663836e-16,nan
laplace,0.1,2,15,simple_average,0.015441138432137302,0.04192272807621695,nan,nan,nan
laplace,0.1,2,15,hebbian,0.3390914343389411,0.6030498457972485,nan,nan,nan
laplace,0.1,2,15,softmax,0.015438985740567266,0.04191411217418102,0.1,nan,nan
laplace,0.1,2,15,oracle_ridge,0.015441138431637493,0.04192272807479993,nan,nan,nan
laplace,0.1,4,0,csm,0.0068645579351755935,0.010611496615412984,nan,1.9545337540387162e-16,nan
laplace,0.1,4,0,simple_average,0.006864557935313639,0.010611496615572485,nan,nan,nan
laplace,0.1,4,0,hebbian,2.887594970899568,6.094466728089074,nan,nan,nan
laplace,0.1,4,0,softmax,0.006862213644293527,0.010613038808017538,0.1,nan,nan
laplace,0.1,4,0,oracle_ridge,0.006864557935175592,0.010611496615412993,nan,nan,nan
laplace,0.1,4,1,csm,0.009458377554920983,0.01635146827148895,nan,3.067709291617552e-16,nan
laplace,0.1,4,1,simple_average,0.009458377555747983,0.016351468273519985,nan,nan,nan
laplace,0.1,4,1,hebbian,3.091347446788608,6.205740461266009,nan,nan,nan
laplace,0.1,4,1,softmax,0.009451605452980596,0.016329179287988153,0.1,nan,nan
laplace,0.1,4,1,oracle_ridge,0.009458377554920981,0.016351468271488954,nan,nan,nan
laplace,0.1,4,2,csm,0.008417620902663157,0.014872245825508272,nan,3.0678142438345937e-16,nan
laplace,0.1,4,2,simple_average,0.00841762090334848,0.014872245826316617,nan,nan,nan
laplace,0.1,4,2,hebbian,3.3741075758497665,6.246571991976308,nan,nan,nan
laplace,0.1,4,2,softmax,0.008406144523642311,0.014859440121337265,0.1,nan,nan
laplace,0.1,4,2,oracle_ridge,0.008417620902663158,0.014872245825508279,nan,nan,nan
laplace,0.1,4,3,csm,0.008815892778315536,0.013486606286094978,nan,3.873597958774244e-16,nan
laplace,0.1,4,3,simple_average,0.008815892778801586,0.013486606286803909,nan,nan,nan
laplace,0.1,4,3,hebbian,2.5699193582879802,5.263301647483415,nan,nan,nan
laplace,0.1,4,3,softmax,0.00880625353472346,0.013476281082789754,0.1,nan,nan
laplace,0.1,4,3,oracle_ridge,0.008815892778315536,0.013486606286094957,nan,nan,nan
laplace,0.1,4,4,csm,0.008978014041256813,0.017299576204536947,nan,2.534547232190247e-16,nan
laplace,0.1,4,4,simple_average,0.0089780140419132,0.017299576204703248,nan,nan,nan
laplace,0.1,4,4,hebbian,2.0928817729042626,2.910451562217298,nan,nan,nan
laplace,0.1,4,4,softmax,0.008971471699424974,0.01730240788321616,0.1,nan,nan
laplace,0.1,4,4,oracle_ridge,0.00897801404125681,0.01729957620453694,nan,nan,nan
laplace,0.1,4,5,csm,0.008008185909585706,0.012652121996731802,nan,2.435278068057936e-16,nan
laplace,0.1,4,5,simple_average,0.008008185910399748,0.012652121997025237,nan,nan,nan
laplace,0.1,4,5,hebbian,2.643199323614578,4.174657477341601,nan,nan,nan
laplace,0.1,4,5,softmax,0.008001322712392496,0.01264434638268,0.1,nan,nan
laplace,0.1,4,5,oracle_ridge,0.008008185909585706,0.012652121996731809,nan,nan,nan
laplace,0.1,4,6,csm,0.008499718294347022,0.017311058605462393,nan,3.421502664946781e-16,nan
laplace,0.1,4,6,simple_average,0.008499718294882821,0.017311058606305146,nan,nan,nan
laplace,0.1,4,6,hebbian,1.632325278017071,2.521565449768665,nan,nan,nan
laplace,0.1,4,6,softmax,0.00849450380364146,0.017305140818127264,0.1,nan,nan
laplace,0.1,4,6,oracle_ridge,0.008499718294347015,0.01731105860546239,nan,nan,nan
laplace,0.1,4,7,csm,0.007818359190244357,0.012715538496792446,nan,2.8296900064258866e-16,nan
laplace,0.1,4,7,simple_average,0.00781835919089475,0.012715538497681632,nan,nan,nan
laplace,0.1,4,7,hebbian,3.0160619183063284,4.391918134017218,nan,nan,nan
laplace,0.1,4,7,softmax,0.00781539865019831,0.012719478219479021,0.1,nan,nan
laplace,0.1,4,7,oracle_ridge,0.007818359190244355,0.01271553849679245,nan,nan,nan
laplace,0.1,4,8,csm,0.012548626059444087,0.022276795771995074,nan,2.854071316810149e-16,nan
laplace,0.1,4,8,simple_average,0.0125486260601667,0.022276795772880727,nan,nan,nan
laplace,0.1,4,8,hebbian,2.5364262156459034,3.6595394447032215,nan,nan,nan
laplace,0.1,4,8,softmax,0.012539188636112877,0.022254307115114634,0.1,nan,nan
laplace,0.1,4,8,oracle_ridge,0.012548626059444089,0.022276795771995102,nan,nan,nan
laplace,0.1,4,9,csm,0.010497031418655045,0.018524184034614907,nan,2.2977431978771526e-16,nan
laplace,0.1,4,9,simple_average,0.010497031419903014,0.018524184038593308,nan,nan,nan
laplace,0.1,4,9,hebbian,2.2192332785008073,4.636575724871375,nan,nan,nan
laplace,0.1,4,9,softmax,0.010485699377845464,0.01848149166700434,0.1,nan,nan
laplace,0.1,4,9,oracle_ridge,0.010497031418655038,0.0185241840346149,nan,nan,nan
laplace,0.1,4,10,csm,0.008288527090295414,0.018580936162994947,nan,3.560341997395057e-16,nan
laplace,0.1,4,10,simple_average,0.008288527091281554,0.018580936165017343,nan,nan,nan
laplace,0.1,4,10,hebbian,2.5392545091723018,4.413751895790093,nan,nan,nan
laplace,0.1,4,10,softmax,0.008274476378793945,0.018554158926892692,0.1,nan,nan
laplace,0.1,4,10,oracle_ridge,0.00828852709029541,0.01858093616299493,nan,nan,nan
laplace,0.1,4,11,csm,0.008956383264937159,0.01772847090849352,nan,3.3563691375898905e-16,nan
laplace,0.1,4,11,simple_average,0.008956383265704703,0.017728470908425865,nan,nan,nan
laplace,0.1,4,11,hebbian,2.402492734506136,4.010961723796139,nan,nan,nan
laplace,0.1,4,11,softmax,0.008945273161597173,0.017732470633149488,0.1,nan,nan
laplace,0.1,4,11,oracle_ridge,0.008956383264937166,0.01772847090849353,nan,nan,nan
laplace,0.1,4,12,csm,0.017329956974639748,0.036538481323457724,nan,2.077542969237806e-16,nan
laplace,0.1,4,12,simple_average,0.017329956975858752,0.03653848132549927,nan,nan,nan
laplace,0.1,4,12,hebbian,2.5257954649591454,3.5225990757020185,nan,nan,nan
laplace,0.1,4,12,softmax,0.017312471099895362,0.036504286739059255,0.1,nan,nan
laplace,0.1,4,12,oracle_ridge,0.01732995697463974,0.0365384813234577,nan,nan,nan
laplace,0.1,4,13,csm,0.01380127725357692,0.027151154410180792,nan,2.9301314717670023e-16,nan
laplace,0.1,4,13,simple_average,0.013801277253941549,0.02715115441032849,nan,nan,nan
laplace,0.1,4,13,hebbian,2.919978698094008,4.851887425092057,nan,nan,nan
laplace,0.1,4,13,softmax,0.013797774019092381,0.02716197142384593,0.1,nan,nan
laplace,0.1,4,13,oracle_ridge,0.013801277253576917,0.02715115441018078,nan,nan,nan
laplace,0.1,4,14,csm,0.010996949817991188,0.018213121865928678,nan,2.9585846740101824e-16,nan
laplace,0.1,4,14,simple_average,0.010996949818805874,0.01821312186669807,nan,nan,nan
laplace,0.1,4,14,hebbian,3.258372794759322,5.535314704765898,nan,nan,nan
laplace,0.1,4,14,softmax,0.010978791314106371,0.018186514207034984,0.1,nan,nan
laplace,0.1,4,14,oracle_ridge,0.010996949817991196,0.018213121865928675,nan,nan,nan
laplace,0.1,4,15,csm,0.010278108134821159,0.019969154348167886,nan,2.8421164906008094e-16,nan
laplace,0.1,4,15,simple_average,0.010278108134324691,0.019969154348223963,nan,nan,nan
laplace,0.1,4,15,hebbian,2.0331424991754057,4.787682501642271,nan,nan,nan
laplace,0.1,4,15,softmax,0.010278108134324691,0.019969154348223963,0.001,nan,nan
laplace,0.1,4,15,oracle_ridge,0.010278108134821159,0.019969154348167893,nan,nan,nan
laplace,0.1,8,0,csm,0.006338731306385692,0.01414821308286572,nan,3.4135725189171443e-16,nan
laplace,0.1,8,0,simple_average,0.0063387313064287845,0.014148213083157331,nan,nan,nan
laplace,0.1,8,0,hebbian,16.33490928530798,26.17308229501808,nan,nan,nan
laplace,0.1,8,0,softmax,0.006336896448615093,0.014145631646469913,0.1,nan,nan
laplace,0.1,8,0,oracle_ridge,0.0063387313063856966,0.014148213082865744,nan,nan,nan
laplace,0.1,8,1,csm,0.004213586019332924,0.009750461164706485,nan,2.9868463218807755e-16,nan
laplace,0.1,8,1,simple_average,0.004213586019384713,0.009750461165044862,nan,nan,nan
laplace,0.1,8,1,hebbian,10.725641662329956,19.915334788242003,nan,nan,nan
laplace,0.1,8,1,softmax,0.004213517414503468,0.009747430416240734,0.1,nan,nan
laplace,0.1,8,1,oracle_ridge,0.004213586019332925,0.009750461164706474,nan,nan,nan
laplace,0.1,8,2,csm,0.003711829463654801,0.0065101880045500896,nan,3.190421709209158e-16,nan
laplace,0.1,8,2,simple_average,0.003711829463713636,0.006510188005055924,nan,nan,nan
laplace,0.1,8,2,hebbian,9.710859548583885,18.259523511045796,nan,nan,nan
laplace,0.1,8,2,softmax,0.003711035882373829,0.006495907967777172,0.1,nan,nan
laplace,0.1,8,2,oracle_ridge,0.0037118294636548036,0.006510188004550102,nan,nan,nan
laplace,0.1,8,3,csm,0.0057207363518586,0.011775312021820975,nan,2.618561620339653e-16,nan
laplace,0.1,8,3,simple_average,0.005720736352148136,0.0117753120215788,nan,nan,nan
laplace,0.1,8,3,hebbian,12.668302303929696,16.015880653607486,nan,nan,nan
laplace,0.1,8,3,softmax,0.005712071927719123,0.01178106468722399,0.1,nan,nan
laplace,0.1,8,3,oracle_ridge,0.005720736351858598,0.011775312021820966,nan,nan,nan
laplace,0.1,8,4,csm,0.0038813646660233563,0.006092020730856446,nan,3.098348581554479e-16,nan
laplace,0.1,8,4,simple_average,0.003881364666167375,0.006092020730938374,nan,nan,nan
laplace,0.1,8,4,hebbian,10.35683514310344,14.220898974170643,nan,nan,nan
laplace,0.1,8,4,softmax,0.003877880293042845,0.006088058763531273,0.1,nan,nan
laplace,0.1,8,4,oracle_ridge,0.003881364666023359,0.00609202073085646,nan,nan,nan
laplace,0.1,8,5,csm,0.006688285386055282,0.01252248705536434,nan,3.0558958220911985e-16,nan
laplace,0.1,8,5,simple_average,0.0066882853862468205,0.012522487056205742,nan,nan,nan
laplace,0.1,8,5,hebbian,16.26387189107924,24.955411365426734,nan,nan,nan
laplace,0.1,8,5,softmax,0.006680053725324838,0.012494287150988643,0.1,nan,nan
laplace,0.1,8,5,oracle_ridge,0.006688285386055278,0.012522487055364356,nan,nan,nan
laplace,0.1,8,6,csm,0.005416017620503089,0.010534418288732684,nan,2.4513104167229934e-16,nan
laplace,0.1,8,6,simple_average,0.0054160176205677625,0.010534418289284286,nan,nan,nan
laplace,0.1,8,6,hebbian,16.560483695189884,22.824425198739082,nan,nan,nan
laplace,0.1,8,6,softmax,0.005414379190956272,0.010521273527889364,0.1,nan,nan
laplace,0.1,8,6,oracle_ridge,0.005416017620503087,0.010534418288732698,nan,nan,nan
laplace,0.1,8,7,csm,0.004339947579090944,0.0062323140963648155,nan,3.7947378012121197e-16,nan
laplace,0.1,8,7,simple_average,0.004339947579061554,0.006232314095914016,nan,nan,nan
laplace,0.1,8,7,hebbian,9.069210613091688,12.377579846887498,nan,nan,nan
laplace,0.1,8,7,softmax,0.004339947579061553,0.006232314095914016,0.001,nan,nan
laplace,0.1,8,7,oracle_ridge,0.0043399475790909395,0.006232314096364803,nan,nan,nan
laplace,0.1,8,8,csm,0.004395053210692985,0.007478311569099936,nan,5.122711259787921e-16,nan
laplace,0.1,8,8,simple_average,0.004395053210820394,0.007478311569150127,nan,nan,nan
laplace,0.1,8,8,hebbian,13.07298277488921,23.166226654817425,nan,nan,nan
laplace,0.1,8,8,softmax,0.004391472717134859,0.007479602437617604,0.1,nan,nan
laplace,0.1,8,8,oracle_ridge,0.0043950532106929955,0.007478311569099942,nan,nan,nan
laplace,0.1,8,9,csm,0.005416727975305671,0.010097084034404513,nan,2.573986473083243e-16,nan
laplace,0.1,8,9,simple_average,0.0054167279753834785,0.010097084034197417,nan,nan,nan
laplace,0.1,8,9,hebbian,9.127148251582867,16.844334904689607,nan,nan,nan
laplace,0.1,8,9,softmax,0.005416502852584928,0.010104440946357724,0.1,nan,nan
laplace,0.1,8,9,oracle_ridge,0.0054167279753056735,0.01009708403440452,nan,nan,nan
laplace,0.1,8,10,csm,0.0057114265415809,0.008758338193598196,nan,2.785561452436735e-16,nan
laplace,0.1,8,10,simple_average,0.005711426541789093,0.00875833819402917,nan,nan,nan
laplace,0.1,8,10,hebbian,14.120680049117587,21.425899125602978,nan,nan,nan
laplace,0.1,8,10,softmax,0.005707809579943801,0.008744539930333887,0.1,nan,nan
laplace,0.1,8,10,oracle_ridge,0.005711426541580902,0.008758338193598203,nan,nan,nan
laplace,0.1,8,11,csm,0.006982922940857847,0.013386967675304005,nan,3.1349372535887207e-16,nan
laplace,0.1,8,11,simple_average,0.00698292294074933,0.013386967675105435,nan,nan,nan
laplace,0.1,8,11,hebbian,11.776695350235912,23.364131917986082,nan,nan,nan
laplace,0.1,8,11,softmax,0.006982922940749329,0.013386967675105436,0.001,nan,nan
laplace,0.1,8,11,oracle_ridge,0.006982922940857842,0.013386967675303976,nan,nan,nan
laplace,0.1,8,12,csm,0.008357975419960502,0.016985282935027112,nan,4.0389392169182514e-16,nan
laplace,0.1,8,12,simple_average,0.008357975420232172,0.016985282936113802,nan,nan,nan
laplace,0.1,8,12,hebbian,9.548426699977881,14.478181983293908,nan,nan,nan
laplace,0.1,8,12,softmax,0.008351595227524908,0.016964179153142973,0.1,nan,nan
laplace,0.1,8,12,oracle_ridge,0.008357975419960504,0.016985282935027102,nan,nan,nan
laplace,0.1,8,13,csm,0.0038075463511789203,0.006746101305692408,nan,2.161087297891384e-16,nan
laplace,0.1,8,13,simple_average,0.003807546351169175,0.006746101306054013,nan,nan,nan
laplace,0.1,8,13,hebbian,10.76485229760835,19.216969399345466,nan,nan,nan
laplace,0.1,8,13,softmax,0.003807546351169177,0.006746101306054015,0.001,nan,nan
laplace,0.1,8,13,oracle_ridge,0.003807546351178914,0.0067461013056923985,nan,nan,nan
laplace,0.1,8,14,csm,0.008469503438019924,0.016178037961349676,nan,3.3532381584814543e-16,nan
laplace,0.1,8,14,simple_average,0.008469503438331433,0.016178037961948753,nan,nan,nan
laplace,0.1,8,14,hebbian,19.730957455304292,35.253170805233964,nan,nan,nan
laplace,0.1,8,14,softmax,0.008462362422816332,0.016162707349281675,0.1,nan,nan
laplace,0.1,8,14,oracle_ridge,0.008469503438019929,0.01617803796134967,nan,nan,nan
laplace,0.1,8,15,csm,0.0035705342904883827,0.007084652941961529,nan,3.421936773511876e-16,nan
laplace,0.1,8,15,simple_average,0.0035705342905227437,0.007084652941897423,nan,nan,nan
laplace,0.1,8,15,hebbian,9.253321894930428,14.187791878923452,nan,nan,nan
laplace,0.1,8,15,softmax,0.0035685467281743244,0.0070858360476632,0.1,nan,nan
laplace,0.1,8,15,oracle_ridge,0.0035705342904883836,0.007084652941961527,nan,nan,nan
laplace,0.1,16,0,csm,0.001673737478017241,0.002553807064452309,nan,3.0509442208396263e-16,nan
laplace,0.1,16,0,simple_average,0.0016737374779927142,0.0025538070644497554,nan,nan,nan
laplace,0.1,16,0,hebbian,50.380869504812495,77.78549759404255,nan,nan,nan
laplace,0.1,16,0,softmax,0.0016737374779927136,0.002553807064449758,0.001,nan,nan
laplace,0.1,16,0,oracle_ridge,0.0016737374780172415,0.0025538070644523067,nan,nan,nan
laplace,0.1,16,1,csm,0.002375298167433045,0.0034236842366018303,nan,2.1966549628029196e-16,nan
laplace,0.1,16,1,simple_average,0.002375298167432063,0.0034236842366207956,nan,nan,nan
laplace,0.1,16,1,hebbian,60.96247385815792,99.30992664209887,nan,nan,nan
laplace,0.1,16,1,softmax,0.0023752981674320653,0.003423684236620802,0.001,nan,nan
laplace,0.1,16,1,oracle_ridge,0.0023752981674330454,0.00342368423660183,nan,nan,nan
laplace,0.1,16,2,csm,0.002232033435625243,0.003423868981985302,nan,2.8845496696706384e-16,nan
laplace,0.1,16,2,simple_average,0.002232033435682023,0.0034238689821013135,nan,nan,nan
laplace,0.1,16,2,hebbian,46.55538820542577,83.9103687430136,nan,nan,nan
laplace,0.1,16,2,softmax,0.002229383755576695,0.0034198834090366638,0.1,nan,nan
laplace,0.1,16,2,oracle_ridge,0.002232033435625241,0.0034238689819853017,nan,nan,nan
laplace,0.1,16,3,csm,0.0015749283353134855,0.0023807182449692944,nan,3.033424420095069e-16,nan
laplace,0.1,16,3,simple_average,0.0015749283353385661,0.0023807182449993337,nan,nan,nan
laplace,0.1,16,3,hebbian,61.04930602086325,114.7226336221837,nan,nan,nan
laplace,0.1,16,3,softmax,0.0015731922173469063,0.0023781911249038594,0.1,nan,nan
laplace,0.1,16,3,oracle_ridge,0.0015749283353134885,0.0023807182449692996,nan,nan,nan
laplace,0.1,16,4,csm,0.0028162148297342514,0.004944507740038138,nan,2.658798252137211e-16,nan
laplace,0.1,16,4,simple_average,0.0028162148297568145,0.004944507739962836,nan,nan,nan
laplace,0.1,16,4,hebbian,72.26180753112436,138.62317015013844,nan,nan,nan
laplace,0.1,16,4,softmax,0.0028149735379470217,0.0049475358103892985,0.1,nan,nan
laplace,0.1,16,4,oracle_ridge,0.0028162148297342492,0.004944507740038129,nan,nan,nan
laplace,0.1,16,5,csm,0.002449911999903045,0.003749884208819933,nan,3.310151690900002e-16,nan
laplace,0.1,16,5,simple_average,0.00244991199992344,0.0037498842087675204,nan,nan,nan
laplace,0.1,16,5,hebbian,50.23131724854194,133.41794597267955,nan,nan,nan
laplace,0.1,16,5,softmax,0.002449911999923438,0.003749884208767519,0.001,nan,nan
laplace,0.1,16,5,oracle_ridge,0.002449911999903049,0.003749884208819935,nan,nan,nan
laplace,0.1,16,6,csm,0.0031502513700156997,0.006417199376415818,nan,3.1029607039622625e-16,nan
laplace,0.1,16,6,simple_average,0.0031502513700566613,0.006417199376557533,nan,nan,nan
laplace,0.1,16,6,hebbian,33.15010063887589,57.2616110797235,nan,nan,nan
laplace,0.1,16,6,softmax,0.003148180586211524,0.006409568329662911,0.1,nan,nan
laplace,0.1,16,6,oracle_ridge,0.0031502513700157,0.006417199376415821,nan,nan,nan
laplace,0.1,16,7,csm,0.0014919956679741752,0.0023925391800167124,nan,2.710919254678338e-16,nan
laplace,0.1,16,7,simple_average,0.0014919956680049039,0.0023925391801126812,nan,nan,nan
laplace,0.1,16,7,hebbian,36.84046137254815,64.23919483457135,nan,nan,nan
laplace,0.1,16,7,softmax,0.0014904295221000459,0.0023853478633181764,0.1,nan,nan
laplace,0.1,16,7,oracle_ridge,0.001491995667974176,0.00239253918001672,nan,nan,nan
laplace,0.1,16,8,csm,0.002533616468073118,0.004940557736113881,nan,2.441002632503232e-16,nan
laplace,0.1,16,8,simple_average,0.002533616468009383,0.004940557735926266,nan,nan,nan
laplace,0.1,16,8,hebbian,31.295499632621173,47.99671624771788,nan,nan,nan
laplace,0.1,16,8,softmax,0.0025336164680093837,0.004940557735926265,0.001,nan,nan
laplace,0.1,16,8,oracle_ridge,0.0025336164680731165,0.004940557736113878,nan,nan,nan
laplace,0.1,16,9,csm,0.003508042438870905,0.005763563464804568,nan,3.2056940498194885e-16,nan
laplace,0.1,16,9,simple_average,0.003508042438909227,0.005763563465212769,nan,nan,nan
laplace,0.1,16,9,hebbian,100.04006378062017,165.29128086278925,nan,nan,nan
laplace,0.1,16,9,softmax,0.0035062699710742586,0.005746865745412808,0.1,nan,nan
laplace,0.1,16,9,oracle_ridge,0.003508042438870907,0.005763563464804566,nan,nan,nan
laplace,0.1,16,10,csm,0.0015749811053781175,0.002660672524211493,nan,3.3335989342128474e-16,nan
laplace,0.1,16,10,simple_average,0.001574981105415881,0.0026606725242443747,nan,nan,nan
laplace,0.1,16,10,hebbian,47.64797358567533,114.41961182256236,nan,nan,nan
laplace,0.1,16,10,softmax,0.001572547754757315,0.0026608551026167052,0.1,nan,nan
laplace,0.1,16,10,oracle_ridge,0.0015749811053781164,0.0026606725242114917,nan,nan,nan
laplace,0.1,16,11,csm,0.001831834683377298,0.003373136400126803,nan,3.199699919866041e-16,nan
laplace,0.1,16,11,simple_average,0.0018318346835005986,0.003373136400280967,nan,nan,nan
laplace,0.1,16,11,hebbian,58.74033446514503,106.63953698408798,nan,nan,nan
laplace,0.1,16,11,softmax,0.0018246188399777788,0.0033648207474520266,0.1,nan,nan
laplace,0.1,16,11,oracle_ridge,0.0018318346833773034,0.0033731364001268107,nan,nan,nan
laplace,0.1,16,12,csm,0.003299747949877095,0.005876770679894429,nan,3.1151059084320854e-16,nan
laplace,0.1,16,12,simple_average,0.0032997479499937503,0.005876770679992115,nan,nan,nan
laplace,0.1,16,12,hebbian,46.038834418704155,77.45406086371143,nan,nan,nan
laplace,0.1,16,12,softmax,0.0032949504625498036,0.005867448939179684,0.1,nan,nan
laplace,0.1,16,12,oracle_ridge,0.003299747949877089,0.005876770679894409,nan,nan,nan
laplace,0.1,16,13,csm,0.0024504908753872406,0.004683169968818844,nan,2.9515434590434504e-16,nan
laplace,0.1,16,13,simple_average,0.002450490875469627,0.004683169968968355,nan,nan,nan
laplace,0.1,16,13,hebbian,61.348997586660445,105.96161101738593,nan,nan,nan
laplace,0.1,16,13,softmax,0.002445116161254296,0.004671154648189224,0.1,nan,nan
laplace,0.1,16,13,oracle_ridge,0.0024504908753872428,0.0046831699688188455,nan,nan,nan
laplace,0.1,16,14,csm,0.0015064798170124905,0.0023734280532832974,nan,2.5050493611713746e-16,nan
laplace,0.1,16,14,simple_average,0.0015064798171182461,0.0023734280533692785,nan,nan,nan
laplace,0.1,16,14,hebbian,29.47185234683835,43.186318567061996,nan,nan,nan
laplace,0.1,16,14,softmax,0.0015006818198586276,0.002365704131245284,0.1,nan,nan
laplace,0.1,16,14,oracle_ridge,0.0015064798170124905,0.0023734280532832965,nan,nan,nan
laplace,0.1,16,15,csm,0.0024923600869323588,0.004888873660311984,nan,2.2894511713027095e-16,nan
laplace,0.1,16,15,simple_average,0.002492360087036451,0.00488887366080923,nan,nan,nan
laplace,0.1,16,15,hebbian,67.81758827261518,111.67448217672695,nan,nan,nan
laplace,0.1,16,15,softmax,0.002485956126461365,0.004859891432668784,0.1,nan,nan
laplace,0.1,16,15,oracle_ridge,0.0024923600869323536,0.00488887366031197,nan,nan,nan
laplace,0.5,1,0,csm,1.324625693539723,2.314938997375648,nan,2.38281580631584e-16,nan
laplace,0.5,1,0,simple_average,1.3246257001842563,2.3149390097194464,nan,nan,nan
laplace,0.5,1,0,hebbian,1.3246257001842563,2.314939009719447,nan,nan,nan
laplace,0.5,1,0,softmax,0.2741237922865067,0.4040869600842436,1.0,nan,nan
laplace,0.5,1,0,oracle_ridge,1.3246256935397227,2.314938997375648,nan,nan,nan
laplace,0.5,1,1,csm,1.0721022126181532,1.9629765873866705,nan,2.6392225803786035e-16,nan
laplace,0.5,1,1,simple_average,1.0721022180197117,1.962976597440732,nan,nan,nan
laplace,0.5,1,1,hebbian,1.0721022180197113,1.9629765974407323,nan,nan,nan
laplace,0.5,1,1,softmax,0.32340201401832247,0.46747272347696245,1.0,nan,nan
laplace,0.5,1,1,oracle_ridge,1.0721022126181532,1.96297658738667,nan,nan,nan
laplace,0.5,1,2,csm,0.9747739205242446,2.243927937606078,nan,3.927118541766091e-16,nan
laplace,0.5,1,2,simple_average,0.9747739264952527,2.2439279497529006,nan,nan,nan
laplace,0.5,1,2,hebbian,0.9747739264952526,2.2439279497528997,nan,nan,nan
laplace,0.5,1,2,softmax,0.29399154953047313,0.6839409201808508,0.5,nan,nan
laplace,0.5,1,2,oracle_ridge,0.9747739205242449,2.243927937606078,nan,nan,nan
laplace,0.5,1,3,csm,0.34505751587779276,0.5660017807090395,nan,2.615145975903934e-16,nan
laplace,0.5,1,3,simple_average,0.34505751754626124,0.5660017823400924,nan,nan,nan
laplace,0.5,1,3,hebbian,0.3450575175462612,0.5660017823400924,nan,nan,nan
laplace,0.5,1,3,softmax,0.1274138180319035,0.21008554502575397,1.0,nan,nan
laplace,0.5,1,3,oracle_ridge,0.34505751587779276,0.5660017807090396,nan,nan,nan
laplace,0.5,1,4,csm,1.2478913392771034,2.2522549572293227,nan,4.794670565983715e-16,nan
laplace,0.5,1,4,simple_average,1.2478913457570053,2.2522549696896164,nan,nan,nan
laplace,0.5,1,4,hebbian,1.2478913457570058,2.2522549696896177,nan,nan,nan
laplace,0.5,1,4,softmax,0.35085834666694504,0.5606197838006153,1.0,nan,nan
laplace,0.5,1,4,oracle_ridge,1.247891339277103,2.252254957229322,nan,nan,nan
laplace,0.5,1,5,csm,0.7210300073491104,1.3653017390350572,nan,3.1174330854923777e-16,nan
laplace,0.5,1,5,simple_average,0.7210300101506604,1.3653017445158777,nan,nan,nan
laplace,0.5,1,5,hebbian,0.7210300101506606,1.3653017445158784,nan,nan,nan
laplace,0.5,1,5,softmax,0.27404702846292767,0.44529401826194764,1.0,nan,nan
laplace,0.5,1,5,oracle_ridge,0.7210300073491103,1.365301739035057,nan,nan,nan
laplace,0.5,1,6,csm,1.0325096803681233,1.8778270142234172,nan,2.782305857994383e-16,nan
laplace,0.5,1,6,simple_average,1.0325096852408815,1.8778270241098423,nan,nan,nan
laplace,0.5,1,6,hebbian,1.0325096852408815,1.877827024109842,nan,nan,nan
laplace,0.5,1,6,softmax,0.24073358696665323,0.410297220707353,1.0,nan,nan
laplace,0.5,1,6,oracle_ridge,1.0325096803681237,1.877827014223417,nan,nan,nan
laplace,0.5,1,7,csm,1.1708816817057586,2.8051352395671354,nan,2.4740330489235607e-16,nan
laplace,0.5,1,7,simple_average,1.1708816880836943,2.80513525513068,nan,nan,nan
laplace,0.5,1,7,hebbian,1.1708816880836939,2.805135255130679,nan,nan,nan
laplace,0.5,1,7,softmax,0.26238731915031754,0.3858531354074448,1.0,nan,nan
laplace,0.5,1,7,oracle_ridge,1.1708816817057581,2.805135239567134,nan,nan,nan
laplace,0.5,1,8,csm,0.7398353395512387,1.367916851060598,nan,4.470151056485091e-16,nan
laplace,0.5,1,8,simple_average,0.739835343510318,1.3679168588207273,nan,nan,nan
laplace,0.5,1,8,hebbian,0.7398353435103182,1.3679168588207276,nan,nan,nan
laplace,0.5,1,8,softmax,0.23713522171000473,0.43641919980195365,1.0,nan,nan
laplace,0.5,1,8,oracle_ridge,0.7398353395512385,1.3679168510605975,nan,nan,nan
laplace,0.5,1,9,csm,1.3236456480968641,3.2746845204495263,nan,3.196760738326301e-16,nan
laplace,0.5,1,9,simple_average,1.3236456550641065,3.274684536984652,nan,nan,nan
laplace,0.5,1,9,hebbian,1.3236456550641071,3.2746845369846547,nan,nan,nan
laplace,0.5,1,9,softmax,0.3283234270238188,0.5673197874730613,1.0,nan,nan
laplace,0.5,1,9,oracle_ridge,1.3236456480968644,3.2746845204495267,nan,nan,nan
laplace,0.5,1,10,csm,1.164261717759655,2.486185460998194,nan,3.980172128612321e-16,nan
laplace,0.5,1,10,simple_average,1.1642617235533739,2.4861854735804854,nan,nan,nan
laplace,0.5,1,10,hebbian,1.1642617235533734,2.486185473580484,nan,nan,nan
laplace,0.5,1,10,softmax,0.3785468334448715,0.7481998713266946,1.0,nan,nan
laplace,0.5,1,10,oracle_ridge,1.1642617177596557,2.4861854609981955,nan,nan,nan
laplace,0.5,1,11,csm,0.7560665878912892,1.547399003741962,nan,3.2272258305261306e-16,nan
laplace,0.5,1,11,simple_average,0.7560665916196496,1.547399012418473,nan,nan,nan
laplace,0.5,1,11,hebbian,0.7560665916196496,1.5473990124184727,nan,nan,nan
laplace,0.5,1,11,softmax,0.2565601784489006,0.44640585772517266,1.0,nan,nan
laplace,0.5,1,11,oracle_ridge,0.7560665878912893,1.547399003741962,nan,nan,nan
laplace,0.5,1,12,csm,1.1117892887121905,2.4410033637989494,nan,2.768389015788909e-16,nan
laplace,0.5,1,12,simple_average,1.1117892938315879,2.4410033736468266,nan,nan,nan
laplace,0.5,1,12,hebbian,1.1117892938315874,2.4410033736468244,nan,nan,nan
laplace,0.5,1,12,softmax,0.23764334809722393,0.5089950189944706,1.0,nan,nan
laplace,0.5,1,12,oracle_ridge,1.1117892887121905,2.441003363798949,nan,nan,nan
laplace,0.5,1,13,csm,0.7424691301331316,1.6461583237361381,nan,2.7135679327480584e-16,nan
laplace,0.5,1,13,simple_average,0.7424691336059057,1.6461583305294267,nan,nan,nan
laplace,0.5,1,13,hebbian,0.7424691336059056,1.6461583305294265,nan,nan,nan
laplace,0.5,1,13,softmax,0.20197993128099873,0.33611608169875873,1.0,nan,nan
laplace,0.5,1,13,oracle_ridge,0.7424691301331314,1.6461583237361375,nan,nan,nan
laplace,0.5,1,14,csm,0.46146883422549434,0.8275883562732358,nan,2.1250336496327346e-16,nan
laplace,0.5,1,14,simple_average,0.46146883636580727,0.8275883604179428,nan,nan,nan
laplace,0.5,1,14,hebbian,0.4614688363658074,0.8275883604179429,nan,nan,nan
laplace,0.5,1,14,softmax,0.23840850392135374,0.44754840562297776,0.5,nan,nan
laplace,0.5,1,14,oracle_ridge,0.46146883422549445,0.8275883562732358,nan,nan,nan
laplace,0.5,1,15,csm,0.7709100946008262,1.3819363989452766,nan,3.4041473526586785e-16,nan
laplace,0.5,1,15,simple_average,0.7709100985933612,1.381936406377745,nan,nan,nan
laplace,0.5,1,15,hebbian,0.770910098593361,1.3819364063777446,nan,nan,nan
laplace,0.5,1,15,softmax,0.20979891712809218,0.33550653204542097,1.0,nan,nan
laplace,0.5,1,15,oracle_ridge,0.7709100946008263,1.3819363989452764,nan,nan,nan
laplace,0.5,2,0,csm,0.355504922514688,0.6013170977906866,nan,2.6623904873269317e-16,nan
laplace,0.5,2,0,simple_average,0.3555049235853876,0.6013170997317556,nan,nan,nan
laplace,0.5,2,0,hebbian,1.8904729136302032,3.2436973500124533,nan,nan,nan
laplace,0.5,2,0,softmax,0.10039477618004101,0.18721303574659204,0.5,nan,nan
laplace,0.5,2,0,oracle_ridge,0.35550492251468807,0.6013170977906868,nan,nan,nan
laplace,0.5,2,1,csm,0.8391185957401663,1.802319211139465,nan,2.8314209332478333e-16,nan
laplace,0.5,2,1,simple_average,0.8391185977574178,1.8023192156203136,nan,nan,nan
laplace,0.5,2,1,hebbian,3.435045756496817,6.784523125207126,nan,nan,nan
laplace,0.5,2,1,softmax,0.28841923901650235,0.4751415306434754,1.0,nan,nan
laplace,0.5,2,1,oracle_ridge,0.8391185957401665,1.8023192111394657,nan,nan,nan
laplace,0.5,2,2,csm,0.26624991996173697,0.5392251533681527,nan,2.2057129452916932e-16,nan
laplace,0.5,2,2,simple_average,0.2662499204733342,0.5392251541714947,nan,nan,nan
laplace,0.5,2,2,hebbian,1.063347598012673,1.6877120329411908,nan,nan,nan
laplace,0.5,2,2,softmax,0.16245126730387646,0.3011989011761554,0.5,nan,nan
laplace,0.5,2,2,oracle_ridge,0.26624991996173697,0.5392251533681527,nan,nan,nan
laplace,0.5,2,3,csm,0.36132344616372203,0.5799615006466924,nan,2.818443638453541e-16,nan
laplace,0.5,2,3,simple_average,0.3613234468782428,0.5799615021059965,nan,nan,nan
laplace,0.5,2,3,hebbian,1.4148848652538453,2.620765749989641,nan,nan,nan
laplace,0.5,2,3,softmax,0.21826377137875627,0.36006223100367624,0.5,nan,nan
laplace,0.5,2,3,oracle_ridge,0.3613234461637219,0.5799615006466924,nan,nan,nan
laplace,0.5,2,4,csm,0.6236378437524951,1.0449449670329882,nan,2.8629593894164634e-16,nan
laplace,0.5,2,4,simple_average,0.6236378450489246,1.0449449696320239,nan,nan,nan
laplace,0.5,2,4,hebbian,2.351810018927196,3.9779906056008247,nan,nan,nan
laplace,0.5,2,4,softmax,0.26079703264491483,0.5208674168229036,1.0,nan,nan
laplace,0.5,2,4,oracle_ridge,0.623637843752495,1.0449449670329884,nan,nan,nan
laplace,0.5,2,5,csm,0.9196893852336723,2.073537595990157,nan,3.943486970695973e-16,nan
laplace,0.5,2,5,simple_average,0.9196893872618693,2.07353760126551,nan,nan,nan
laplace,0.5,2,5,hebbian,3.4944107934673805,8.516321237902094,nan,nan,nan
laplace,0.5,2,5,softmax,0.36483326693062346,0.635787372594875,1.0,nan,nan
laplace,0.5,2,5,oracle_ridge,0.9196893852336725,2.0735375959901576,nan,nan,nan
laplace,0.5,2,6,csm,0.48798781523774,0.9669292536825631,nan,2.334503629258596e-16,nan
laplace,0.5,2,6,simple_average,0.4879878163048545,0.9669292559040094,nan,nan,nan
laplace,0.5,2,6,hebbian,1.8979630045845275,3.9712747492140665,nan,nan,nan
laplace,0.5,2,6,softmax,0.23054763489751745,0.3698339516034682,1.0,nan,nan
laplace,0.5,2,6,oracle_ridge,0.48798781523774015,0.9669292536825632,nan,nan,nan
laplace,0.5,2,7,csm,0.42681014134704437,0.8740395477887779,nan,3.1908349363051135e-16,nan
laplace,0.5,2,7,simple_average,0.4268101425118894,0.8740395502944628,nan,nan,nan
laplace,0.5,2,7,hebbian,2.063031391109044,4.124520609438206,nan,nan,nan
laplace,0.5,2,7,softmax,0.13460526821451352,0.20502035887189896,0.5,nan,nan
laplace,0.5,2,7,oracle_ridge,0.4268101413470444,0.8740395477887778,nan,nan,nan
laplace,0.5,2,8,csm,0.5638619191298522,1.2367516426977132,nan,2.0337298901469137e-16,nan
laplace,0.5,2,8,simple_average,0.5638619205803646,1.2367516456317988,nan,nan,nan
laplace,0.5,2,8,hebbian,2.515189492546333,5.272828946478302,nan,nan,nan
laplace,0.5,2,8,softmax,0.1371744738550834,0.2477556372606709,1.0,nan,nan
laplace,0.5,2,8,oracle_ridge,0.5638619191298522,1.2367516426977132,nan,nan,nan
laplace,0.5,2,9,csm,0.6615449794252392,1.3088231869667912,nan,2.650406641017649e-16,nan
laplace,0.5,2,9,simple_average,0.6615449808212046,1.3088231901499239,nan,nan,nan
laplace,0.5,2,9,hebbian,2.4303213007324556,5.12559478875492,nan,nan,nan
laplace,0.5,2,9,softmax,0.25325458297447506,0.5290068161008168,1.0,nan,nan
laplace,0.5,2,9,oracle_ridge,0.6615449794252392,1.3088231869667915,nan,nan,nan
laplace,0.5,2,10,csm,0.393925389018988,0.809182225712999,nan,2.672178653699708e-16,nan
laplace,0.5,2,10,simple_average,0.39392538999329685,0.8091822278575327,nan,nan,nan
laplace,0.5,2,10,hebbian,1.752385901724518,3.6645192657280083,nan,nan,nan
laplace,0.5,2,10,softmax,0.16409434435400957,0.28193729359780234,0.5,nan,nan
laplace,0.5,2,10,oracle_ridge,0.393925389018988,0.8091822257129994,nan,nan,nan
laplace,0.5,2,11,csm,0.4864387429015754,0.954968750052209,nan,2.5255364647060714e-16,nan
laplace,0.5,2,11,simple_average,0.4864387442570729,0.9549687526082912,nan,nan,nan
laplace,0.5,2,11,hebbian,2.3856737045746153,4.0950461119297366,nan,nan,nan
laplace,0.5,2,11,softmax,0.19625109315480427,0.3388958701635109,0.5,nan,nan
laplace,0.5,2,11,oracle_ridge,0.4864387429015755,0.9549687500522092,nan,nan,nan
laplace,0.5,2,12,csm,0.42464602156614345,0.8126327189954309,nan,2.2163256400630662e-16,nan
laplace,0.5,2,12,simple_average,0.4246460228746557,0.8126327215323008,nan,nan,nan
laplace,0.5,2,12,hebbian,2.3238595860428584,3.7868485644376437,nan,nan,nan
laplace,0.5,2,12,softmax,0.1475114308745987,0.2919067817755774,0.5,nan,nan
laplace,0.5,2,12,oracle_ridge,0.4246460215661435,0.8126327189954309,nan,nan,nan
laplace,0.5,2,13,csm,0.7971407045680596,1.6591383632036556,nan,2.940051468449564e-16,nan
laplace,0.5,2,13,simple_average,0.7971407067149382,1.6591383676569542,nan,nan,nan
laplace,0.5,2,13,hebbian,3.7281285523165115,7.641020262404141,nan,nan,nan
laplace,0.5,2,13,softmax,0.2650704048015079,0.4062719460380073,1.0,nan,nan
laplace,0.5,2,13,oracle_ridge,0.7971407045680596,1.6591383632036547,nan,nan,nan
laplace,0.5,2,14,csm,0.4983191831059077,0.9774470298174617,nan,2.8603933080579847e-16,nan
laplace,0.5,2,14,simple_average,0.49831918428664035,0.9774470322073492,nan,nan,nan
laplace,0.5,2,14,hebbian,2.1630819588341446,4.132575024960771,nan,nan,nan
laplace,0.5,2,14,softmax,0.19795127643258997,0.4149917753390296,0.5,nan,nan
laplace,0.5,2,14,oracle_ridge,0.4983191831059078,0.9774470298174618,nan,nan,nan
laplace,0.5,2,15,csm,0.38602845996889934,1.0480681996321586,nan,2.0584311206676586e-16,nan
laplace,0.5,2,15,simple_average,0.38602846080343245,1.048068201905424,nan,nan,nan
laplace,0.5,2,15,hebbian,1.6543520057897667,4.243426534038092,nan,nan,nan
laplace,0.5,2,15,softmax,0.2985950913962285,0.4869804021673605,0.5,nan,nan
laplace,0.5,2,15,oracle_ridge,0.38602845996889934,1.0480681996321581,nan,nan,nan
laplace,0.5,4,0,csm,0.17161394819397136,0.265287415104089,nan,2.9578551376495053e-16,nan
laplace,0.5,4,0,simple_average,0.17161394838284094,0.265287415389312,nan,nan,nan
laplace,0.5,4,0,hebbian,5.1296339482517315,8.578954540733147,nan,nan,nan
laplace,0.5,4,0,softmax,0.14344006803595494,0.2645312969341359,0.5,nan,nan
laplace,0.5,4,0,oracle_ridge,0.1716139481939713,0.26528741510408893,nan,nan,nan
laplace,0.5,4,1,csm,0.236459438553864,0.4087867061753306,nan,2.928959306419108e-16,nan
laplace,0.5,4,1,simple_average,0.23645943889369947,0.40878670683799945,nan,nan,nan
laplace,0.5,4,1,hebbian,7.403215179215792,12.825346361129986,nan,nan,nan
laplace,0.5,4,1,softmax,0.15520682069698133,0.23566179085307842,0.5,nan,nan
laplace,0.5,4,1,oracle_ridge,0.236459438553864,0.40878670617533036,nan,nan,nan
laplace,0.5,4,2,csm,0.21044052228760582,0.37180614518506705,nan,4.247980630528324e-16,nan
laplace,0.5,4,2,simple_average,0.2104405225837119,0.3718061456579153,nan,nan,nan
laplace,0.5,4,2,hebbian,7.114204841248032,12.065021681181236,nan,nan,nan
laplace,0.5,4,2,softmax,0.13046267754779572,0.22553619981092174,0.5,nan,nan
laplace,0.5,4,2,oracle_ridge,0.21044052228760582,0.37180614518506694,nan,nan,nan
laplace,0.5,4,3,csm,0.2203973191888859,0.3371651567443165,nan,3.069354306998039e-16,nan
laplace,0.5,4,3,simple_average,0.2203973194700397,0.3371651571700978,nan,nan,nan
laplace,0.5,4,3,hebbian,6.042116339523634,9.321503182811991,nan,nan,nan
laplace,0.5,4,3,softmax,0.0950047239932609,0.154131988969988,0.5,nan,nan
laplace,0.5,4,3,oracle_ridge,0.2203973191888859,0.33716515674431635,nan,nan,nan
laplace,0.5,4,4,csm,0.22445035074133113,0.4324894046643023,nan,2.705292184759155e-16,nan
laplace,0.5,4,4,simple_average,0.22445035104783,0.43248940511758116,nan,nan,nan
laplace,0.5,4,4,hebbian,5.938815122337486,7.948154059308408,nan,nan,nan
laplace,0.5,4,4,softmax,0.1225406328951334,0.2505540950914894,0.5,nan,nan
laplace,0.5,4,4,oracle_ridge,0.22445035074133113,0.4324894046643022,nan,nan,nan
laplace,0.5,4,5,csm,0.20020464745803457,0.31630304957265076,nan,2.9453636028058674e-16,nan
laplace,0.5,4,5,simple_average,0.20020464775999372,0.3163030499256309,nan,nan,nan
laplace,0.5,4,5,hebbian,6.512505339501394,10.770999075699303,nan,nan,nan
laplace,0.5,4,5,softmax,0.0990234114403665,0.17509348482469622,0.5,nan,nan
laplace,0.5,4,5,oracle_ridge,0.20020464745803462,0.31630304957265076,nan,nan,nan
laplace,0.5,4,6,csm,0.21249295709260238,0.4327764646195084,nan,3.5176738867957397e-16,nan
laplace,0.5,4,6,simple_average,0.21249295737207047,0.43277646515762863,nan,nan,nan
laplace,0.5,4,6,hebbian,5.108981746670647,8.738217364720052,nan,nan,nan
laplace,0.5,4,6,softmax,0.11432488810349241,0.20618955605997327,0.5,nan,nan
laplace,0.5,4,6,oracle_ridge,0.21249295709260246,0.43277646461950847,nan,nan,nan
laplace,0.5,4,7,csm,0.1954589794956107,0.3178884620130032,nan,2.831151704601158e-16,nan
laplace,0.5,4,7,simple_average,0.1954589797723687,0.3178884624420409,nan,nan,nan
laplace,0.5,4,7,hebbian,6.516502153113604,8.850754889286842,nan,nan,nan
laplace,0.5,4,7,softmax,0.16007632537818234,0.24465250090088542,0.5,nan,nan
laplace,0.5,4,7,oracle_ridge,0.19545897949561072,0.3178884620130033,nan,nan,nan
laplace,0.5,4,8,csm,0.3137156511001252,0.5569198936543933,nan,2.2415158068697815e-16,nan
laplace,0.5,4,8,simple_average,0.31371565150416747,0.5569198943220182,nan,nan,nan
laplace,0.5,4,8,hebbian,7.537847462909545,12.05784629090441,nan,nan,nan
laplace,0.5,4,8,softmax,0.1440956951538568,0.24218758763101234,0.5,nan,nan
laplace,0.5,4,8,oracle_ridge,0.3137156511001252,0.5569198936543933,nan,nan,nan
laplace,0.5,4,9,csm,0.262425785079153,0.4631046000044278,nan,3.5651561824275896e-16,nan
laplace,0.5,4,9,simple_average,0.26242578549757534,0.4631046009648328,nan,nan,nan
laplace,0.5,4,9,hebbian,7.638484045238133,17.58830500764347,nan,nan,nan
laplace,0.5,4,9,softmax,0.12770428731745934,0.24619969917890708,0.5,nan,nan
laplace,0.5,4,9,oracle_ridge,0.2624257850791531,0.4631046000044282,nan,nan,nan
laplace,0.5,4,10,csm,0.2072131769515574,0.46452340340810944,nan,3.0137537534116797e-16,nan
laplace,0.5,4,10,simple_average,0.20721317728203886,0.46452340412543347,nan,nan,nan
laplace,0.5,4,10,hebbian,6.819749809874552,11.234850124739108,nan,nan,nan
laplace,0.5,4,10,softmax,0.08804817763482727,0.16302851710845817,0.5,nan,nan
laplace,0.5,4,10,oracle_ridge,0.20721317695155733,0.4645234034081095,nan,nan,nan
laplace,0.5,4,11,csm,0.2239095813227665,0.4432117722758944,nan,2.886312817752258e-16,nan
laplace,0.5,4,11,simple_average,0.22390958164261754,0.44321177271064655,nan,nan,nan
laplace,0.5,4,11,hebbian,6.455591003636271,11.347849644490156,nan,nan,nan
laplace,0.5,4,11,softmax,0.09163165922025879,0.2061266479067208,0.5,nan,nan
laplace,0.5,4,11,oracle_ridge,0.22390958132276656,0.4432117722758945,nan,nan,nan
laplace,0.5,4,12,csm,0.43324892381084434,0.9134620319688235,nan,3.8777319080663843e-16,nan
laplace,0.5,4,12,simple_average,0.4332489243964688,0.9134620331374818,nan,nan,nan
laplace,0.5,4,12,hebbian,9.857312029854217,15.537312962931,nan,nan,nan
laplace,0.5,4,12,softmax,0.14423444864165233,0.29485298339241367,0.5,nan,nan
laplace,0.5,4,12,oracle_ridge,0.43324892381084407,0.9134620319688229,nan,nan,nan
laplace,0.5,4,13,csm,0.3450319309579276,0.6787788595609726,nan,2.8510041638309603e-16,nan
laplace,0.5,4,13,simple_average,0.3450319313485387,0.6787788602582122,nan,nan,nan
laplace,0.5,4,13,hebbian,7.59484347510841,13.61289712635073,nan,nan,nan
laplace,0.5,4,13,softmax,0.18620956123997368,0.3463289101968948,0.5,nan,nan
laplace,0.5,4,13,oracle_ridge,0.3450319309579275,0.6787788595609724,nan,nan,nan
laplace,0.5,4,14,csm,0.2749237450933888,0.45532804611594896,nan,3.038639001395557e-16,nan
laplace,0.5,4,14,simple_average,0.2749237454701468,0.4553280466674517,nan,nan,nan
laplace,0.5,4,14,hebbian,7.989668838949081,11.00004365169633,nan,nan,nan
laplace,0.5,4,14,softmax,0.1289182531929308,0.27705850383503405,0.5,nan,nan
laplace,0.5,4,14,oracle_ridge,0.2749237450933887,0.4553280461159487,nan,nan,nan
laplace,0.5,4,15,csm,0.25695270316322316,0.4992288581993631,nan,2.409986398144684e-16,nan
laplace,0.5,4,15,simple_average,0.2569527033581174,0.4992288587055994,nan,nan,nan
laplace,0.5,4,15,hebbian,4.040019466255764,8.12260394295106,nan,nan,nan
laplace,0.5,4,15,softmax,0.1810588556261565,0.3354952147381052,0.5,nan,nan
laplace,0.5,4,15,oracle_ridge,0.25695270316322316,0.4992288581993631,nan,nan,nan
laplace,0.5,8,0,csm,0.15846828257609924,0.3537053268656314,nan,2.7527642137337115e-16,nan
laplace,0.5,8,0,simple_average,0.15846828266071966,0.3537053270789334,nan,nan,nan
laplace,0.5,8,0,hebbian,24.003617671949748,35.1218290531753,nan,nan,nan
laplace,0.5,8,0,softmax,0.13027509681967295,0.21274312480377527,0.5,nan,nan
laplace,0.5,8,0,oracle_ridge,0.15846828257609927,0.35370532686563144,nan,nan,nan
laplace,0.5,8,1,csm,0.10533965042547502,0.24376152896194497,nan,2.757834139941654e-16,nan
laplace,0.5,8,1,simple_average,0.10533965048461782,0.24376152912612165,nan,nan,nan
laplace,0.5,8,1,hebbian,16.23799099891658,35.46865318707591,nan,nan,nan
laplace,0.5,8,1,softmax,0.09858642398397342,0.17098592959692654,0.5,nan,nan
laplace,0.5,8,1,oracle_ridge,0.10533965042547501,0.24376152896194495,nan,nan,nan
laplace,0.5,8,2,csm,0.09279573653908801,0.16275469998179046,nan,2.858285430241116e-16,nan
laplace,0.5,8,2,simple_average,0.09279573659284084,0.16275470012639787,nan,nan,nan
laplace,0.5,8,2,hebbian,14.803735149475099,28.335923341437606,nan,nan,nan
laplace,0.5,8,2,softmax,0.0897280834475422,0.18070898066359442,0.5,nan,nan
laplace,0.5,8,2,oracle_ridge,0.09279573653908801,0.1627546999817905,nan,nan,nan
laplace,0.5,8,3,csm,0.143018408696004,0.2943828004225497,nan,3.1573008966926567e-16,nan
laplace,0.5,8,3,simple_average,0.14301840880370337,0.2943828005394699,nan,nan,nan
laplace,0.5,8,3,hebbian,24.080692089738285,35.18040739659968,nan,nan,nan
laplace,0.5,8,3,softmax,0.09560633346156355,0.1906438039299921,0.5,nan,nan
laplace,0.5,8,3,oracle_ridge,0.14301840869600393,0.2943828004225497,nan,nan,nan
laplace,0.5,8,4,csm,0.0970341165876656,0.15230051818707085,nan,2.2950421270738938e-16,nan
laplace,0.5,8,4,simple_average,0.09703411665418436,0.15230051827345928,nan,nan,nan
laplace,0.5,8,4,hebbian,17.160486697533607,27.58987704627812,nan,nan,nan
laplace,0.5,8,4,softmax,0.0730519815362673,0.13243546817559257,0.5,nan,nan
laplace,0.5,8,4,oracle_ridge,0.09703411658766559,0.15230051818707088,nan,nan,nan
laplace,0.5,8,5,csm,0.16720713454862302,0.3130621761434335,nan,2.8120932510273987e-16,nan
laplace,0.5,8,5,simple_average,0.16720713465617057,0.3130621764051437,nan,nan,nan
laplace,0.5,8,5,hebbian,26.97334471982391,39.66081351054551,nan,nan,nan
laplace,0.5,8,5,softmax,0.11349622140485727,0.2150770304368218,0.5,nan,nan
laplace,0.5,8,5,oracle_ridge,0.16720713454862296,0.3130621761434331,nan,nan,nan
laplace,0.5,8,6,csm,0.13540044043841015,0.26336045703147903,nan,2.0920520875987994e-16,nan
laplace,0.5,8,6,simple_average,0.13540044051419403,0.26336045723210694,nan,nan,nan
laplace,0.5,8,6,hebbian,23.61198489987828,36.06373884102976,nan,nan,nan
laplace,0.5,8,6,softmax,0.13531810105618292,0.26314246542504854,0.1,nan,nan
laplace,0.5,8,6,oracle_ridge,0.13540044043841015,0.26336045703147914,nan,nan,nan
laplace,0.5,8,7,csm,0.10849868942596291,0.15580785237629613,nan,2.554598141579083e-16,nan
laplace,0.5,8,7,simple_average,0.10849868947653885,0.15580785239785042,nan,nan,nan
laplace,0.5,8,7,hebbian,13.264455997732227,21.031598172324372,nan,nan,nan
laplace,0.5,8,7,softmax,0.07789729485649932,0.14539316460892024,0.5,nan,nan
laplace,0.5,8,7,oracle_ridge,0.1084986894259629,0.1558078523762961,nan,nan,nan
laplace,0.5,8,8,csm,0.1098763301996465,0.18695778912899996,nan,3.3306406786437805e-16,nan
laplace,0.5,8,8,simple_average,0.10987633027050983,0.18695778922875309,nan,nan,nan
laplace,0.5,8,8,hebbian,20.137825785259807,29.854832070678892,nan,nan,nan
laplace,0.5,8,8,softmax,0.102228417292314,0.16279118212969582,0.5,nan,nan
laplace,0.5,8,8,oracle_ridge,0.10987633019964652,0.1869577891289999,nan,nan,nan
laplace,0.5,8,9,csm,0.13541819930715177,0.25242710075460956,nan,2.7463944031326353e-16,nan
laplace,0.5,8,9,simple_average,0.13541819938458693,0.2524271008549353,nan,nan,nan
laplace,0.5,8,9,hebbian,16.414874696905123,21.871776805286263,nan,nan,nan
laplace,0.5,8,9,softmax,0.09443069555704531,0.20964800178933823,0.5,nan,nan
laplace,0.5,8,9,oracle_ridge,0.13541819930715177,0.2524271007546096,nan,nan,nan
laplace,0.5,8,10,csm,0.1427856634473087,0.21895845468737546,nan,3.459661032541703e-16,nan
laplace,0.5,8,10,simple_average,0.1427856635447273,0.21895845485072912,nan,nan,nan
laplace,0.5,8,10,hebbian,24.0657756843269,38.678422079215935,nan,nan,nan
laplace,0.5,8,10,softmax,0.108097096463868,0.2051979784547316,0.5,nan,nan
laplace,0.5,8,10,oracle_ridge,0.1427856634473087,0.2189584546873755,nan,nan,nan
laplace,0.5,8,11,csm,0.17457307344501058,0.33467419173511925,nan,2.275858089086051e-16,nan
laplace,0.5,8,11,simple_average,0.17457307351873322,0.33467419187763586,nan,nan,nan
laplace,0.5,8,11,hebbian,17.42960605335538,37.25457935551345,nan,nan,nan
laplace,0.5,8,11,softmax,0.15406932985859179,0.2604038547806829,0.5,nan,nan
laplace,0.5,8,11,oracle_ridge,0.1745730734450106,0.3346741917351193,nan,nan,nan
laplace,0.5,8,12,csm,0.20894938536737212,0.42463207305469725,nan,3.270123423049061e-16,nan
laplace,0.5,8,12,simple_average,0.20894938550580422,0.4246320734028449,nan,nan,nan
laplace,0.5,8,12,hebbian,23.510043993709502,49.00264136518207,nan,nan,nan
laplace,0.5,8,12,softmax,0.09798742720307993,0.12247452776339617,0.5,nan,nan
laplace,0.5,8,12,oracle_ridge,0.20894938536737204,0.424632073054697,nan,nan,nan
laplace,0.5,8,13,csm,0.09518865873285139,0.16865253252182047,nan,2.0884419248877342e-16,nan
laplace,0.5,8,13,simple_average,0.09518865877922938,0.16865253265135027,nan,nan,nan
laplace,0.5,8,13,hebbian,14.733081685171008,24.828137560057154,nan,nan,nan
laplace,0.5,8,13,softmax,0.09514785018127217,0.16854261831538933,0.1,nan,nan
laplace,0.5,8,13,oracle_ridge,0.09518865873285141,0.16865253252182053,nan,nan,nan
laplace,0.5,8,14,csm,0.21173758581348046,0.4044509487716134,nan,2.9898393655585223e-16,nan
laplace,0.5,8,14,simple_average,0.2117375859582858,0.4044509490487187,nan,nan,nan
laplace,0.5,8,14,hebbian,34.52774023495451,54.10247760376772,nan,nan,nan
laplace,0.5,8,14,softmax,0.13958313945474676,0.22013388935185366,0.5,nan,nan
laplace,0.5,8,14,oracle_ridge,0.21173758581348043,0.40445094877161325,nan,nan,nan
laplace,0.5,8,15,csm,0.0892633572141415,0.1771163234668902,nan,2.1377111383863086e-16,nan
laplace,0.5,8,15,simple_average,0.0892633572630686,0.17711632354743553,nan,nan,nan
laplace,0.5,8,15,hebbian,13.753856257610707,19.96458093823711,nan,nan,nan
laplace,0.5,8,15,softmax,0.08921478258822738,0.17704108356623005,0.1,nan,nan
laplace,0.5,8,15,oracle_ridge,0.08926335721414148,0.1771163234668902,nan,nan,nan
laplace,0.5,16,0,csm,0.041843436942422596,0.06384517659560113,nan,3.891732694570461e-16,nan
laplace,0.5,16,0,simple_average,0.04184343694981786,0.0638451766112439,nan,nan,nan
laplace,0.5,16,0,hebbian,53.683739632778966,93.15334658868733,nan,nan,nan
laplace,0.5,16,0,softmax,0.04182666396862425,0.0638154841319275,0.1,nan,nan
laplace,0.5,16,0,oracle_ridge,0.04184343694242257,0.06384517659560111,nan,nan,nan
laplace,0.5,16,1,csm,0.059382454171077396,0.08559210589174897,nan,2.818309585005522e-16,nan
laplace,0.5,16,1,simple_average,0.0593824541858016,0.08559210591551998,nan,nan,nan
laplace,0.5,16,1,hebbian,70.8465805483046,137.55521746404187,nan,nan,nan
laplace,0.5,16,1,softmax,0.05935312932936626,0.08554900024541713,0.1,nan,nan
laplace,0.5,16,1,oracle_ridge,0.05938245417107739,0.08559210589174897,nan,nan,nan
laplace,0.5,16,2,csm,0.055800835871003124,0.08559672451663235,nan,3.399578511417401e-16,nan
laplace,0.5,16,2,simple_average,0.0558008358920506,0.08559672455253288,nan,nan,nan
laplace,0.5,16,2,hebbian,64.70465576983437,110.00105927874789,nan,nan,nan
laplace,0.5,16,2,softmax,0.05575814295082194,0.08553019374556917,0.1,nan,nan
laplace,0.5,16,2,oracle_ridge,0.0558008358710031,0.08559672451663232,nan,nan,nan
laplace,0.5,16,3,csm,0.03937320837048625,0.059517956106351036,nan,2.4188404235007734e-16,nan
laplace,0.5,16,3,simple_average,0.039373208383464156,0.05951795612498332,nan,nan,nan
laplace,0.5,16,3,hebbian,71.55370749516601,126.39565869900012,nan,nan,nan
laplace,0.5,16,3,softmax,0.03934310269588642,0.059475750685147655,0.1,nan,nan
laplace,0.5,16,3,oracle_ridge,0.03937320837048626,0.059517956106351036,nan,nan,nan
laplace,0.5,16,4,csm,0.07040537072349765,0.12361269347758091,nan,3.434094138601828e-16,nan
laplace,0.5,16,4,simple_average,0.07040537074392034,0.12361269349907093,nan,nan,nan
laplace,0.5,16,4,hebbian,87.62434018090441,161.6106144625537,nan,nan,nan
laplace,0.5,16,4,softmax,0.07036904464020305,0.12357974981276104,0.1,nan,nan
laplace,0.5,16,4,oracle_ridge,0.07040537072349765,0.1236126934775809,nan,nan,nan
laplace,0.5,16,5,csm,0.06124779998022498,0.09374710520230203,nan,2.5407350173271662e-16,nan
laplace,0.5,16,5,simple_average,0.06124779999808597,0.09374710521918797,nan,nan,nan
laplace,0.5,16,5,hebbian,63.71205366512577,134.68909919815178,nan,nan,nan
laplace,0.5,16,5,softmax,0.061219971240967216,0.09372357861245327,0.1,nan,nan
laplace,0.5,16,5,oracle_ridge,0.06124779998022497,0.09374710520230206,nan,nan,nan
laplace,0.5,16,6,csm,0.07875628422660749,0.1604299843561161,nan,2.464940871521593e-16,nan
laplace,0.5,16,6,simple_average,0.07875628425141651,0.16042998441393827,nan,nan,nan
laplace,0.5,16,6,hebbian,52.74818187791565,93.16580895197019,nan,nan,nan
laplace,0.5,16,6,softmax,0.06373627843237192,0.10492983543608528,0.5,nan,nan
laplace,0.5,16,6,oracle_ridge,0.07875628422660749,0.1604299843561161,nan,nan,nan
laplace,0.5,16,7,csm,0.037299891686956535,0.05981347947586912,nan,3.361204786162315e-16,nan
laplace,0.5,16,7,simple_average,0.0372998917001226,0.059813479502817034,nan,nan,nan
laplace,0.5,16,7,hebbian,47.86254954003945,74.99435782854238,nan,nan,nan
laplace,0.5,16,7,softmax,0.03727251326770352,0.05974279377065457,0.1,nan,nan
laplace,0.5,16,7,oracle_ridge,0.03729989168695654,0.05981347947586914,nan,nan,nan
laplace,0.5,16,8,csm,0.06334041169236747,0.12351394339073256,nan,2.693298628830561e-16,nan
laplace,0.5,16,8,simple_average,0.06334041170023455,0.1235139433981566,nan,nan,nan
laplace,0.5,16,8,hebbian,32.206430430390576,54.576158651130264,nan,nan,nan
laplace,0.5,16,8,softmax,0.06331897107825146,0.12348860470816576,0.1,nan,nan
laplace,0.5,16,8,oracle_ridge,0.06334041169236747,0.12351394339073256,nan,nan,nan
laplace,0.5,16,9,csm,0.08770106094601697,0.14408908654327277,nan,2.3151884914632547e-16,nan
laplace,0.5,16,9,simple_average,0.08770106097273063,0.1440890866303191,nan,nan,nan
laplace,0.5,16,9,hebbian,120.74197251061824,221.08073260215974,nan,nan,nan
laplace,0.5,16,9,softmax,0.0876461773554538,0.1439402160029891,0.1,nan,nan
laplace,0.5,16,9,oracle_ridge,0.08770106094601697,0.1440890865432728,nan,nan,nan
laplace,0.5,16,10,csm,0.03937452762083276,0.06651681308537007,nan,2.7738578870889894e-16,nan
laplace,0.5,16,10,simple_average,0.03937452763539699,0.06651681310610935,nan,nan,nan
laplace,0.5,16,10,hebbian,60.101397052324984,116.48005966493433,nan,nan,nan
laplace,0.5,16,10,softmax,0.03934157505268703,0.06648376371043681,0.1,nan,nan
laplace,0.5,16,10,oracle_ridge,0.03937452762083275,0.0665168130853701,nan,nan,nan
laplace,0.5,16,11,csm,0.04579586706065332,0.08432840996667115,nan,2.8236185156013665e-16,nan
laplace,0.5,16,11,simple_average,0.04579586708751491,0.08432841000702407,nan,nan,nan
laplace,0.5,16,11,hebbian,85.41701890888025,144.5675648195264,nan,nan,nan
laplace,0.5,16,11,softmax,0.04573899172307109,0.08424556061450628,0.1,nan,nan
laplace,0.5,16,11,oracle_ridge,0.04579586706065334,0.08432840996667117,nan,nan,nan
laplace,0.5,16,12,csm,0.08249369871463896,0.14691926695086302,nan,2.8680658449156494e-16,nan
laplace,0.5,16,12,simple_average,0.08249369874984376,0.14691926699980287,nan,nan,nan
laplace,0.5,16,12,hebbian,77.89467825065333,145.22763921205245,nan,nan,nan
laplace,0.5,16,12,softmax,0.05721486707522003,0.11520644449111449,0.5,nan,nan
laplace,0.5,16,12,oracle_ridge,0.082493698714639,0.14691926695086305,nan,nan,nan
laplace,0.5,16,13,csm,0.061262271861128495,0.11707924917625438,nan,1.9893420225040174e-16,nan
laplace,0.5,16,13,simple_average,0.061262271886740646,0.11707924922420881,nan,nan,nan
laplace,0.5,16,13,hebbian,84.3522769526206,141.62275252328087,nan,nan,nan
laplace,0.5,16,13,softmax,0.0612017860552989,0.11695763167557785,0.1,nan,nan
laplace,0.5,16,13,oracle_ridge,0.061262271861128495,0.11707924917625444,nan,nan,nan
laplace,0.5,16,14,csm,0.03766199540532248,0.05933570130865036,nan,2.707142440334701e-16,nan
laplace,0.5,16,14,simple_average,0.03766199542795613,0.05933570133423197,nan,nan,nan
laplace,0.5,16,14,hebbian,52.077679978119555,75.7208620446528,nan,nan,nan
laplace,0.5,16,14,softmax,0.02381079107448863,0.036032139296756,0.5,nan,nan
laplace,0.5,16,14,oracle_ridge,0.03766199540532249,0.05933570130865038,nan,nan,nan
laplace,0.5,16,15,csm,0.06230900214732179,0.12222184142751986,nan,3.263530983879648e-16,nan
laplace,0.5,16,15,simple_average,0.06230900217591126,0.12222184152023075,nan,nan,nan
laplace,0.5,16,15,hebbian,94.33468683767036,197.6039258146373,nan,nan,nan
laplace,0.5,16,15,softmax,0.062248011218332046,0.1220156180153134,0.1,nan,nan
laplace,0.5,16,15,oracle_ridge,0.0623090021473218,0.12222184142751996,nan,nan,nan
laplace,1.0,1,0,csm,5.298502694595732,9.25975584752984,nan,3.1100634365400723e-16,nan
laplace,1.0,1,0,simple_average,5.298502800737024,9.259756038877786,nan,nan,nan
laplace,1.0,1,0,hebbian,5.298502800737026,9.25975603887779,nan,nan,nan
laplace,1.0,1,0,softmax,0.7067731928598997,0.8803817013574674,1.0,nan,nan
laplace,1.0,1,0,oracle_ridge,5.298502694595731,9.259755847529842,nan,nan,nan
laplace,1.0,1,1,csm,4.288408785982291,7.8519062308113705,nan,3.081028578672724e-16,nan
laplace,1.0,1,1,simple_average,4.288408872078847,7.851906389762928,nan,nan,nan
laplace,1.0,1,1,hebbian,4.288408872078845,7.85190638976293,nan,nan,nan
laplace,1.0,1,1,softmax,0.6729075473671324,0.9977558528897515,1.0,nan,nan
laplace,1.0,1,1,oracle_ridge,4.288408785982291,7.85190623081137,nan,nan,nan
laplace,1.0,1,2,csm,3.8990956192219905,8.975711612079904,nan,2.81393332342361e-16,nan
laplace,1.0,1,2,simple_average,3.8990957059810114,8.975711799011604,nan,nan,nan
laplace,1.0,1,2,hebbian,3.899095705981011,8.9757117990116,nan,nan,nan
laplace,1.0,1,2,softmax,0.770426394326237,1.396328385366792,1.0,nan,nan
laplace,1.0,1,2,oracle_ridge,3.89909561922199,8.9757116120799,nan,nan,nan
laplace,1.0,1,3,csm,1.3802300430349965,2.264007093671876,nan,3.076374486864273e-16,nan
laplace,1.0,1,3,simple_average,1.380230070185045,2.2640071293603694,nan,nan,nan
laplace,1.0,1,3,hebbian,1.3802300701850447,2.264007129360369,nan,nan,nan
laplace,1.0,1,3,softmax,0.2092933881173625,0.32294325494669635,1.0,nan,nan
laplace,1.0,1,3,oracle_ridge,1.380230043034997,2.2640070936718755,nan,nan,nan
laplace,1.0,1,4,csm,4.991565281273148,9.009019688985909,nan,3.8776405143537386e-16,nan
laplace,1.0,1,4,simple_average,4.991565383028021,9.009019878758465,nan,nan,nan
laplace,1.0,1,4,hebbian,4.991565383028022,9.009019878758469,nan,nan,nan
laplace,1.0,1,4,softmax,0.9399522800867168,1.3260829087304573,1.0,nan,nan
laplace,1.0,1,4,oracle_ridge,4.991565281273151,9.009019688985916,nan,nan,nan
laplace,1.0,1,5,csm,2.8841199893490415,5.461206879604876,nan,2.661292806300335e-16,nan
laplace,1.0,1,5,simple_average,2.8841200406026415,5.461206978063511,nan,nan,nan
laplace,1.0,1,5,hebbian,2.884120040602642,5.461206978063513,nan,nan,nan
laplace,1.0,1,5,softmax,0.6371532996354994,1.0457561292751507,1.0,nan,nan
laplace,1.0,1,5,oracle_ridge,2.8841199893490415,5.461206879604875,nan,nan,nan
laplace,1.0,1,6,csm,4.130038660681075,7.511307942234887,nan,3.010658977981223e-16,nan
laplace,1.0,1,6,simple_average,4.130038740963526,7.511308096439366,nan,nan,nan
laplace,1.0,1,6,hebbian,4.130038740963526,7.511308096439368,nan,nan,nan
laplace,1.0,1,6,softmax,0.4971579466242453,0.7281549381359969,1.0,nan,nan
laplace,1.0,1,6,oracle_ridge,4.130038660681074,7.51130794223489,nan,nan,nan
laplace,1.0,1,7,csm,4.683526654476023,11.22054078380895,nan,2.64063756364257e-16,nan
laplace,1.0,1,7,simple_average,4.683526752334777,11.22054102052272,nan,nan,nan
laplace,1.0,1,7,hebbian,4.6835267523347754,11.220541020522717,nan,nan,nan
laplace,1.0,1,7,softmax,0.7153716377491142,1.1858499299227168,1.0,nan,nan
laplace,1.0,1,7,oracle_ridge,4.683526654476024,11.220540783808952,nan,nan,nan
laplace,1.0,1,8,csm,2.9593413127752246,5.471667318485204,nan,3.0852166767283664e-16,nan
laplace,1.0,1,8,simple_average,2.959341374041272,5.471667435282909,nan,nan,nan
laplace,1.0,1,8,hebbian,2.959341374041272,5.47166743528291,nan,nan,nan
laplace,1.0,1,8,softmax,0.6452413926270141,0.9036130396512312,1.0,nan,nan
laplace,1.0,1,8,oracle_ridge,2.9593413127752237,5.471667318485202,nan,nan,nan
laplace,1.0,1,9,csm,5.294582511572665,13.098737884670228,nan,2.2893618400851186e-16,nan
laplace,1.0,1,9,simple_average,5.294582620256426,13.098738147938608,nan,nan,nan
laplace,1.0,1,9,hebbian,5.2945826202564295,13.098738147938619,nan,nan,nan
laplace,1.0,1,9,softmax,0.9781138237637846,1.697123285341367,1.0,nan,nan
laplace,1.0,1,9,oracle_ridge,5.2945825115726635,13.098737884670227,nan,nan,nan
laplace,1.0,1,10,csm,4.657046801293282,9.944741694216205,nan,3.7988219535256666e-16,nan
laplace,1.0,1,10,simple_average,4.6570468942134955,9.944741894321943,nan,nan,nan
laplace,1.0,1,10,hebbian,4.657046894213494,9.944741894321936,nan,nan,nan
laplace,1.0,1,10,softmax,0.9729075315962828,1.8208265815957703,1.0,nan,nan
laplace,1.0,1,10,oracle_ridge,4.6570468012932835,9.944741694216207,nan,nan,nan
laplace,1.0,1,11,csm,3.0242663064090523,6.189595918365843,nan,2.3843174094216625e-16,nan
laplace,1.0,1,11,simple_average,3.0242663664785985,6.189596049673891,nan,nan,nan
laplace,1.0,1,11,hebbian,3.0242663664785976,6.189596049673885,nan,nan,nan
laplace,1.0,1,11,softmax,0.48688275416792587,0.8331223138844782,1.0,nan,nan
laplace,1.0,1,11,oracle_ridge,3.024266306409052,6.189595918365841,nan,nan,nan
laplace,1.0,1,12,csm,4.447157089899602,9.764013318164158,nan,2.6248525364486714e-16,nan
laplace,1.0,1,12,simple_average,4.4471571753263515,9.764013494587306,nan,nan,nan
laplace,1.0,1,12,hebbian,4.44715717532635,9.7640134945873,nan,nan,nan
laplace,1.0,1,12,softmax,0.6262536595353863,1.3096476962707055,1.0,nan,nan
laplace,1.0,1,12,oracle_ridge,4.447157089899603,9.76401331816416,nan,nan,nan
laplace,1.0,1,13,csm,2.969876476942665,6.584633201925065,nan,4.068959190548149e-16,nan
laplace,1.0,1,13,simple_average,2.969876534423623,6.584633322117707,nan,nan,nan
laplace,1.0,1,13,hebbian,2.9698765344236224,6.584633322117706,nan,nan,nan
laplace,1.0,1,13,softmax,0.34492917272087875,0.5353369627733582,1.0,nan,nan
laplace,1.0,1,13,oracle_ridge,2.969876476942664,6.584633201925064,nan,nan,nan
laplace,1.0,1,14,csm,1.8458753098819727,3.310353375410581,nan,2.1118264605726018e-16,nan
laplace,1.0,1,14,simple_average,1.845875345463229,3.310353441671771,nan,nan,nan
laplace,1.0,1,14,hebbian,1.84587534546323,3.3103534416717717,nan,nan,nan
laplace,1.0,1,14,softmax,0.5075958218670598,0.8303707179786357,1.0,nan,nan
laplace,1.0,1,14,oracle_ridge,1.8458753098819725,3.3103533754105805,nan,nan,nan
laplace,1.0,1,15,csm,3.0836403315967598,5.527745510773771,nan,2.1080734115025438e-16,nan
laplace,1.0,1,15,simple_average,3.083640394373445,5.52774562551098,nan,nan,nan
laplace,1.0,1,15,hebbian,3.083640394373444,5.527745625510978,nan,nan,nan
laplace,1.0,1,15,softmax,0.44165616678523134,0.6199146831703104,1.0,nan,nan
laplace,1.0,1,15,oracle_ridge,3.0836403315967598,5.527745510773772,nan,nan,nan
laplace,1.0,2,0,csm,1.4220196786658557,2.4052683713721286,nan,2.47080821555569e-16,nan
laplace,1.0,2,0,simple_average,1.4220196943415502,2.405268398927022,nan,nan,nan
laplace,1.0,2,0,hebbian,6.447631428133276,11.159944189071608,nan,nan,nan
laplace,1.0,2,0,softmax,0.18822188558170483,0.30951916312232763,1.0,nan,nan
laplace,1.0,2,0,oracle_ridge,1.4220196786658559,2.405268371372129,nan,nan,nan
laplace,1.0,2,1,csm,3.3564743581092866,7.209276790588084,nan,3.312721553185302e-16,nan
laplace,1.0,2,1,simple_average,3.3564743910296717,7.209276862481256,nan,nan,nan
laplace,1.0,2,1,hebbian,13.375597233583083,28.982692019811164,nan,nan,nan
laplace,1.0,2,1,softmax,0.7260441993209146,1.0565315035075622,1.0,nan,nan
laplace,1.0,2,1,oracle_ridge,3.3564743581092866,7.209276790588086,nan,nan,nan
laplace,1.0,2,2,csm,1.0649996724755606,2.1569005994747394,nan,2.638954442725704e-16,nan
laplace,1.0,2,2,simple_average,1.064999681893337,2.1569006166859794,nan,nan,nan
laplace,1.0,2,2,hebbian,4.011902553667408,7.286860761526726,nan,nan,nan
laplace,1.0,2,2,softmax,0.3272858958202492,0.5247713637977212,1.0,nan,nan
laplace,1.0,2,2,oracle_ridge,1.0649996724755608,2.1569005994747394,nan,nan,nan
laplace,1.0,2,3,csm,1.4452937745703351,2.3198459851503226,nan,2.9556153953173605e-16,nan
laplace,1.0,2,3,simple_average,1.4452937875129712,2.3198460084239865,nan,nan,nan
laplace,1.0,2,3,hebbian,5.448705907296183,9.4061716107204,nan,nan,nan
laplace,1.0,2,3,softmax,0.4057656957044208,0.7896263432893962,1.0,nan,nan
laplace,1.0,2,3,oracle_ridge,1.4452937745703354,2.3198459851503226,nan,nan,nan
laplace,1.0,2,4,csm,2.4945513573515044,4.17977983683691,nan,2.444724955525429e-16,nan
laplace,1.0,2,4,simple_average,2.4945513801956984,4.179779878528095,nan,nan,nan
laplace,1.0,2,4,hebbian,9.415200295178412,16.46255416946852,nan,nan,nan
laplace,1.0,2,4,softmax,0.5995589817563953,0.9827507824944847,1.0,nan,nan
laplace,1.0,2,4,oracle_ridge,2.494551357351505,4.179779836836911,nan,nan,nan
laplace,1.0,2,5,csm,3.6787575144281144,8.29415032138847,nan,1.9928091553678848e-16,nan
laplace,1.0,2,5,simple_average,3.678757549047477,8.294150405062037,nan,nan,nan
laplace,1.0,2,5,hebbian,14.09704071213972,33.545184408441536,nan,nan,nan
laplace,1.0,2,5,softmax,1.031393942051068,1.7733903499819066,1.0,nan,nan
laplace,1.0,2,5,oracle_ridge,3.678757514428115,8.294150321388472,nan,nan,nan
laplace,1.0,2,6,csm,1.9519512469227462,3.867716986505884,nan,3.1630136506034247e-16,nan
laplace,1.0,2,6,simple_average,1.9519512652194184,3.8677170236160383,nan,nan,nan
laplace,1.0,2,6,hebbian,7.50924871753309,14.795059404360604,nan,nan,nan
laplace,1.0,2,6,softmax,0.54414405153558,0.8286924064158274,1.0,nan,nan
laplace,1.0,2,6,oracle_ridge,1.951951246922746,3.867716986505884,nan,nan,nan
laplace,1.0,2,7,csm,1.7072405521925942,3.49615816365158,nan,2.9205735070438804e-16,nan
laplace,1.0,2,7,simple_average,1.7072405700475577,3.496158201177851,nan,nan,nan
laplace,1.0,2,7,hebbian,7.34126462647827,15.125932910093901,nan,nan,nan
laplace,1.0,2,7,softmax,0.23159708634495013,0.33327414779268283,1.0,nan,nan
laplace,1.0,2,7,oracle_ridge,1.7072405521925944,3.49615816365158,nan,nan,nan
laplace,1.0,2,8,csm,2.2554476594401223,4.947006534319483,nan,2.9869032158183347e-16,nan
laplace,1.0,2,8,simple_average,2.255447682321458,4.9470065825271945,nan,nan,nan
laplace,1.0,2,8,hebbian,9.346904607823731,19.552271782374373,nan,nan,nan
laplace,1.0,2,8,softmax,0.22592613839716064,0.419902529506578,1.0,nan,nan
laplace,1.0,2,8,oracle_ridge,2.2554476594401214,4.947006534319481,nan,nan,nan
laplace,1.0,2,9,csm,2.646179898886194,5.23529270895817,nan,2.3587194401865656e-16,nan
laplace,1.0,2,9,simple_average,2.6461799232848184,5.2352927605996955,nan,nan,nan
laplace,1.0,2,9,hebbian,9.956226138654609,20.68919284196007,nan,nan,nan
laplace,1.0,2,9,softmax,0.5772648101600956,1.0187192183421563,1.0,nan,nan
laplace,1.0,2,9,oracle_ridge,2.646179898886195,5.235292708958172,nan,nan,nan
laplace,1.0,2,10,csm,1.5757015443002085,3.2367288780902177,nan,3.497657968545435e-16,nan
laplace,1.0,2,10,simple_average,1.5757015599731874,3.236728911430131,nan,nan,nan
laplace,1.0,2,10,hebbian,6.462683266064916,13.602037704766277,nan,nan,nan
laplace,1.0,2,10,softmax,0.3970376820744188,0.5945092243302058,1.0,nan,nan
laplace,1.0,2,10,oracle_ridge,1.575701544300209,3.236728878090219,nan,nan,nan
laplace,1.0,2,11,csm,1.9457549564555363,3.819874970885131,nan,2.5148216483623105e-16,nan
laplace,1.0,2,11,simple_average,1.9457549770282916,3.8198750104331642,nan,nan,nan
laplace,1.0,2,11,hebbian,8.445979695848159,15.371084107889024,nan,nan,nan
laplace,1.0,2,11,softmax,0.44627437512499957,0.6532768408726385,1.0,nan,nan
laplace,1.0,2,11,oracle_ridge,1.945754956455536,3.819874970885131,nan,nan,nan
laplace,1.0,2,12,csm,1.6985840725376042,3.250530849581589,nan,2.836044710299515e-16,nan
laplace,1.0,2,12,simple_average,1.6985840914986228,3.250530886129203,nan,nan,nan
laplace,1.0,2,12,hebbian,7.814647322083598,14.965273961988423,nan,nan,nan
laplace,1.0,2,12,softmax,0.3237179463643688,0.6214224991714625,1.0,nan,nan
laplace,1.0,2,12,oracle_ridge,1.6985840725376042,3.250530849581588,nan,nan,nan
laplace,1.0,2,13,csm,3.1885627937419114,6.6365534018186585,nan,3.707223633912022e-16,nan
laplace,1.0,2,13,simple_average,3.1885628268597532,6.636553470627817,nan,nan,nan
laplace,1.0,2,13,hebbian,13.540259837659978,28.03940559924979,nan,nan,nan
laplace,1.0,2,13,softmax,0.5330724183909477,0.7517095615421373,1.0,nan,nan
laplace,1.0,2,13,oracle_ridge,3.1885627937419105,6.63655340181866,nan,nan,nan
laplace,1.0,2,14,csm,1.9932767177343163,3.9097880901613564,nan,2.6287438029556875e-16,nan
laplace,1.0,2,14,simple_average,1.9932767371465616,3.9097881288293967,nan,nan,nan
laplace,1.0,2,14,hebbian,8.038807730586305,15.775971475427312,nan,nan,nan
laplace,1.0,2,14,softmax,0.30712464536369877,0.6754227956081689,1.0,nan,nan
laplace,1.0,2,14,oracle_ridge,1.993276717734317,3.9097880901613578,nan,nan,nan
laplace,1.0,2,15,csm,1.544113828816897,4.192272768474212,nan,3.8330696881509386e-16,nan
laplace,1.0,2,15,simple_average,1.5441138432137302,4.192272807621696,nan,nan,nan
laplace,1.0,2,15,hebbian,6.077832637888012,16.265196679265756,nan,nan,nan
laplace,1.0,2,15,softmax,0.8118041459553673,1.2555877480920499,1.0,nan,nan
laplace,1.0,2,15,oracle_ridge,1.5441138288168963,4.192272768474209,nan,nan,nan
laplace,1.0,4,0,csm,0.6864557903042678,1.0611496566225902,nan,2.6207471555227504e-16,nan
laplace,1.0,4,0,simple_average,0.6864557935313638,1.0611496615572482,nan,nan,nan
laplace,1.0,4,0,hebbian,12.874664383367753,23.0751189678985,nan,nan,nan
laplace,1.0,4,0,softmax,0.30832738990618747,0.5375785808052889,1.0,nan,nan
laplace,1.0,4,0,oracle_ridge,0.6864557903042678,1.0611496566225904,nan,nan,nan
laplace,1.0,4,1,csm,0.9458377504915203,1.6351468179627797,nan,2.737894564939763e-16,nan
laplace,1.0,4,1,simple_average,0.945837755574798,1.635146827351998,nan,nan,nan
laplace,1.0,4,1,hebbian,19.603081684888323,33.99261689002208,nan,nan,nan
laplace,1.0,4,1,softmax,0.3444968886945009,0.6199609585119957,1.0,nan,nan
laplace,1.0,4,1,oracle_ridge,0.9458377504915204,1.6351468179627795,nan,nan,nan
laplace,1.0,4,2,csm,0.8417620858615943,1.487224575130814,nan,2.9625514563316096e-16,nan
laplace,1.0,4,2,simple_average,0.8417620903348477,1.4872245826316617,nan,nan,nan
laplace,1.0,4,2,hebbian,17.85001347340677,26.10061081675229,nan,nan,nan
laplace,1.0,4,2,softmax,0.27272565100565604,0.483200970962231,0.5,nan,nan
laplace,1.0,4,2,oracle_ridge,0.8417620858615943,1.4872245751308144,nan,nan,nan
laplace,1.0,4,3,csm,0.8815892734269554,1.3486606219024895,nan,3.2459132707953573e-16,nan
laplace,1.0,4,3,simple_average,0.8815892778801588,1.348660628680391,nan,nan,nan
laplace,1.0,4,3,hebbian,16.729805366805344,24.351307506191503,nan,nan,nan
laplace,1.0,4,3,softmax,0.1801705778963861,0.34241665474060173,1.0,nan,nan
laplace,1.0,4,3,oracle_ridge,0.8815892734269553,1.348660621902489,nan,nan,nan
laplace,1.0,4,4,csm,0.8978013994948256,1.7299576125191989,nan,2.353085922740161e-16,nan
laplace,1.0,4,4,simple_average,0.8978014041913202,1.7299576204703246,nan,nan,nan
laplace,1.0,4,4,hebbian,17.210401919306516,26.556440537731266,nan,nan,nan
laplace,1.0,4,4,softmax,0.2634969670850842,0.4735369107309013,1.0,nan,nan
laplace,1.0,4,4,oracle_ridge,0.8978013994948257,1.7299576125191993,nan,nan,nan
laplace,1.0,4,5,csm,0.8008185866222555,1.2652121937156517,nan,3.080053609772651e-16,nan
laplace,1.0,4,5,simple_average,0.8008185910399748,1.2652121997025236,nan,nan,nan
laplace,1.0,4,5,hebbian,17.11503171484773,27.12449567020181,nan,nan,nan
laplace,1.0,4,5,softmax,0.220318795052257,0.45456259803174115,1.0,nan,nan
laplace,1.0,4,5,oracle_ridge,0.8008185866222557,1.2652121937156522,nan,nan,nan
laplace,1.0,4,6,csm,0.8499718251276078,1.7311058519977882,nan,3.2789307102175437e-16,nan
laplace,1.0,4,6,simple_average,0.849971829488282,1.7311058606305145,nan,nan,nan
laplace,1.0,4,6,hebbian,15.574599504803246,29.239718500151422,nan,nan,nan
laplace,1.0,4,6,softmax,0.2568105427003425,0.45760658698146744,1.0,nan,nan
laplace,1.0,4,6,oracle_ridge,0.849971825127608,1.7311058519977889,nan,nan,nan
laplace,1.0,4,7,csm,0.7818359149208213,1.2715538431569773,nan,3.246878064319087e-16,nan
laplace,1.0,4,7,simple_average,0.781835919089475,1.2715538497681635,nan,nan,nan
laplace,1.0,4,7,hebbian,16.52127106406692,26.04534699776851,nan,nan,nan
laplace,1.0,4,7,softmax,0.3832667150890726,0.6013008236003149,1.0,nan,nan
laplace,1.0,4,7,oracle_ridge,0.7818359149208212,1.2715538431569773,nan,nan,nan
laplace,1.0,4,8,csm,1.2548625996471752,2.227679566377876,nan,2.6078357235687836e-16,nan
laplace,1.0,4,8,simple_average,1.2548626060166697,2.2276795772880718,nan,nan,nan
laplace,1.0,4,8,hebbian,22.824634785309115,36.65013671539159,nan,nan,nan
laplace,1.0,4,8,softmax,0.31588524034452514,0.5195559067623543,1.0,nan,nan
laplace,1.0,4,8,oracle_ridge,1.254862599647175,2.227679566377876,nan,nan,nan
laplace,1.0,4,9,csm,1.0497031360186653,1.8524183915450465,nan,2.8741152539402177e-16,nan
laplace,1.0,4,9,simple_average,1.0497031419903013,1.852418403859331,nan,nan,nan
laplace,1.0,4,9,hebbian,21.970410125989964,46.953101680656985,nan,nan,nan
laplace,1.0,4,9,softmax,0.3406302922533377,0.610195551019395,1.0,nan,nan
laplace,1.0,4,9,oracle_ridge,1.0497031360186653,1.8524183915450467,nan,nan,nan
laplace,1.0,4,10,csm,0.8288527044121724,1.8580936061179092,nan,2.670538699174869e-16,nan
laplace,1.0,4,10,simple_average,0.8288527091281552,1.8580936165017339,nan,nan,nan
laplace,1.0,4,10,hebbian,18.13810844147508,36.156027374721845,nan,nan,nan
laplace,1.0,4,10,softmax,0.1659942565894998,0.3823906108304481,1.0,nan,nan
laplace,1.0,4,10,oracle_ridge,0.8288527044121725,1.8580936061179096,nan,nan,nan
laplace,1.0,4,11,csm,0.8956383217725666,1.772847082932452,nan,2.781900547473531e-16,nan
laplace,1.0,4,11,simple_average,0.89563832657047,1.7728470908425862,nan,nan,nan
laplace,1.0,4,11,hebbian,17.97055979135632,32.094305224528526,nan,nan,nan
laplace,1.0,4,11,softmax,0.16484730316405322,0.26656550283671787,1.0,nan,nan
laplace,1.0,4,11,oracle_ridge,0.8956383217725666,1.772847082932452,nan,nan,nan
laplace,1.0,4,12,csm,1.7329956885683893,3.6538481140660384,nan,2.0900987209348574e-16,nan
laplace,1.0,4,12,simple_average,1.7329956975858751,3.653848132549927,nan,nan,nan
laplace,1.0,4,12,hebbian,31.499276758591357,58.26653648775712,nan,nan,nan
laplace,1.0,4,12,softmax,0.24817028575042757,0.49705020417776574,1.0,nan,nan
laplace,1.0,4,12,oracle_ridge,1.7329956885683897,3.6538481140660393,nan,nan,nan
laplace,1.0,4,13,csm,1.3801277188189462,2.7151154286671426,nan,2.223264397456688e-16,nan
laplace,1.0,4,13,simple_average,1.3801277253941548,2.7151154410328493,nan,nan,nan
laplace,1.0,4,13,hebbian,23.375344069214336,45.290392254786454,nan,nan,nan
laplace,1.0,4,13,softmax,0.33967951866508606,0.5455020514583759,1.0,nan,nan
laplace,1.0,4,13,oracle_ridge,1.3801277188189462,2.7151154286671426,nan,nan,nan
laplace,1.0,4,14,csm,1.0996949761172858,1.8213121777045036,nan,2.4144468158724546e-16,nan
laplace,1.0,4,14,simple_average,1.0996949818805875,1.8213121866698068,nan,nan,nan
laplace,1.0,4,14,hebbian,21.821592763726514,34.85412316702559,nan,nan,nan
laplace,1.0,4,14,softmax,0.3379633715285467,0.6103575592842162,1.0,nan,nan
laplace,1.0,4,14,oracle_ridge,1.099694976117286,1.8213121777045038,nan,nan,nan
laplace,1.0,4,15,csm,1.027810809303789,1.996915425780218,nan,2.0922178239280152e-16,nan
laplace,1.0,4,15,simple_average,1.0278108134324695,1.9969154348223976,nan,nan,nan
laplace,1.0,4,15,hebbian,13.948853531819992,31.470255134822917,nan,nan,nan
laplace,1.0,4,15,softmax,0.30650923988868983,0.6073507824770574,1.0,nan,nan
laplace,1.0,4,15,oracle_ridge,1.027810809303789,1.9969154257802177,nan,nan,nan
laplace,1.0,8,0,csm,0.6338731291735741,1.4148213048407918,nan,3.226915072330387e-16,nan
laplace,1.0,8,0,simple_average,0.6338731306428786,1.4148213083157335,nan,nan,nan
laplace,1.0,8,0,hebbian,51.84504931776685,80.77477448360953,nan,nan,nan
laplace,1.0,8,0,softmax,0.23249969440462465,0.37648255758648497,1.0,nan,nan
laplace,1.0,8,0,oracle_ridge,0.6338731291735741,1.4148213048407914,nan,nan,nan
laplace,1.0,8,1,csm,0.4213586009386306,0.9750461139722653,nan,2.522288319032753e-16,nan
laplace,1.0,8,1,simple_average,0.4213586019384713,0.9750461165044864,nan,nan,nan
laplace,1.0,8,1,hebbian,35.26355540547784,67.73954120874748,nan,nan,nan
laplace,1.0,8,1,softmax,0.192594738529917,0.368900664075904,0.5,nan,nan
laplace,1.0,8,1,oracle_ridge,0.4213586009386306,0.9750461139722656,nan,nan,nan
laplace,1.0,8,2,csm,0.37118294547736214,0.6510187985349595,nan,3.072642811970167e-16,nan
laplace,1.0,8,2,simple_average,0.3711829463713634,0.651018800505592,nan,nan,nan
laplace,1.0,8,2,hebbian,31.859898506084384,58.30072859261041,nan,nan,nan
laplace,1.0,8,2,softmax,0.18622786399855085,0.41108924329342017,0.5,nan,nan
laplace,1.0,8,2,oracle_ridge,0.3711829454773622,0.6510187985349596,nan,nan,nan
laplace,1.0,8,3,csm,0.5720736336381258,1.177531199750604,nan,3.1416225515812204e-16,nan
laplace,1.0,8,3,simple_average,0.5720736352148135,1.1775312021578794,nan,nan,nan
laplace,1.0,8,3,hebbian,54.82190001618564,84.72717012991856,nan,nan,nan
laplace,1.0,8,3,softmax,0.2296192331032567,0.5159822310596531,0.5,nan,nan
laplace,1.0,8,3,oracle_ridge,0.5720736336381261,1.1775311997506044,nan,nan,nan
laplace,1.0,8,4,csm,0.3881364655994168,0.6092020716412274,nan,2.4571400686769596e-16,nan
laplace,1.0,8,4,simple_average,0.3881364666167375,0.6092020730938373,nan,nan,nan
laplace,1.0,8,4,hebbian,36.84338137913336,56.393784474051394,nan,nan,nan
laplace,1.0,8,4,softmax,0.13907046487140515,0.285289985487965,0.5,nan,nan
laplace,1.0,8,4,oracle_ridge,0.3881364655994168,0.6092020716412276,nan,nan,nan
laplace,1.0,8,5,csm,0.6688285369282658,1.2522487019615804,nan,2.83212993046796e-16,nan
laplace,1.0,8,5,simple_average,0.6688285386246824,1.252248705620575,nan,nan,nan
laplace,1.0,8,5,hebbian,59.62244766814561,97.35323103279052,nan,nan,nan
laplace,1.0,8,5,softmax,0.2588473701557687,0.45871725326171486,0.5,nan,nan
laplace,1.0,8,5,oracle_ridge,0.6688285369282658,1.2522487019615804,nan,nan,nan
laplace,1.0,8,6,csm,0.5416017607735026,1.0534418260066023,nan,2.89643101508071e-16,nan
laplace,1.0,8,6,simple_average,0.5416017620567761,1.053441828928428,nan,nan,nan
laplace,1.0,8,6,hebbian,48.024492152973934,77.27506718370572,nan,nan,nan
laplace,1.0,8,6,softmax,0.24899726631961322,0.471405378379416,0.5,nan,nan
laplace,1.0,8,6,oracle_ridge,0.5416017607735026,1.053441826006602,nan,nan,nan
laplace,1.0,8,7,csm,0.43399475695905426,0.623231408639928,nan,2.2292499072707167e-16,nan
laplace,1.0,8,7,simple_average,0.43399475790615544,0.6232314095914017,nan,nan,nan
laplace,1.0,8,7,hebbian,31.00756175623016,40.334787313418246,nan,nan,nan
laplace,1.0,8,7,softmax,0.14540983046128725,0.2507107204486522,1.0,nan,nan
laplace,1.0,8,7,oracle_ridge,0.43399475695905426,0.6232314086399281,nan,nan,nan
laplace,1.0,8,8,csm,0.43950531996575126,0.7478311551821992,nan,4.3975450650239134e-16,nan
laplace,1.0,8,8,simple_average,0.43950532108203927,0.7478311569150122,nan,nan,nan
laplace,1.0,8,8,hebbian,41.62663279538578,62.96646621976028,nan,nan,nan
laplace,1.0,8,8,softmax,0.18378049154242576,0.2977515599737073,0.5,nan,nan
laplace,1.0,8,8,oracle_ridge,0.43950531996575115,0.747831155182199,nan,nan,nan
laplace,1.0,8,9,csm,0.5416727962417756,1.009708401355001,nan,2.3844922611856695e-16,nan
laplace,1.0,8,9,simple_average,0.5416727975383477,1.0097084034197414,nan,nan,nan
laplace,1.0,8,9,hebbian,41.12470932266237,59.38234432633938,nan,nan,nan
laplace,1.0,8,9,softmax,0.1733983145725308,0.351472362479062,1.0,nan,nan
laplace,1.0,8,9,oracle_ridge,0.5416727962417756,1.009708401355001,nan,nan,nan
laplace,1.0,8,10,csm,0.5711426526856315,0.875833817001294,nan,3.032109720014591e-16,nan
laplace,1.0,8,10,simple_average,0.5711426541789093,0.8758338194029168,nan,nan,nan
laplace,1.0,8,10,hebbian,52.946053668691135,87.20317987928937,nan,nan,nan
laplace,1.0,8,10,softmax,0.22132931149744528,0.3836400832342901,1.0,nan,nan
laplace,1.0,8,10,oracle_ridge,0.5711426526856315,0.8758338170012944,nan,nan,nan
laplace,1.0,8,11,csm,0.6982922926122861,1.338696764697039,nan,2.6143624898411217e-16,nan
laplace,1.0,8,11,simple_average,0.6982922940749329,1.3386967675105435,nan,nan,nan
laplace,1.0,8,11,hebbian,44.60656250161279,77.91621573304305,nan,nan,nan
laplace,1.0,8,11,softmax,0.2957263969636132,0.5143414532986857,1.0,nan,nan
laplace,1.0,8,11,oracle_ridge,0.6982922926122862,1.338696764697039,nan,nan,nan
laplace,1.0,8,12,csm,0.8357975398710127,1.698528288703038,nan,2.428098588186852e-16,nan
laplace,1.0,8,12,simple_average,0.8357975420232169,1.6985282936113797,nan,nan,nan
laplace,1.0,8,12,hebbian,65.03303482114268,143.67929059160076,nan,nan,nan
laplace,1.0,8,12,softmax,0.18404761370892175,0.28356948912491814,1.0,nan,nan
laplace,1.0,8,12,oracle_ridge,0.8357975398710127,1.698528288703037,nan,nan,nan
laplace,1.0,8,13,csm,0.38075463426995065,0.6746101287259009,nan,2.4288087922139533e-16,nan
laplace,1.0,8,13,simple_average,0.38075463511691754,0.6746101306054012,nan,nan,nan
laplace,1.0,8,13,hebbian,30.659101910991573,56.64252575723914,nan,nan,nan
laplace,1.0,8,13,softmax,0.19773906607399805,0.36300635307105533,0.5,nan,nan
laplace,1.0,8,13,oracle_ridge,0.3807546342699507,0.6746101287259009,nan,nan,nan
laplace,1.0,8,14,csm,0.8469503416160118,1.6178037919557753,nan,2.495585200381009e-16,nan
laplace,1.0,8,14,simple_average,0.8469503438331432,1.617803796194875,nan,nan,nan
laplace,1.0,8,14,hebbian,77.41588861191185,143.72233817111086,nan,nan,nan
laplace,1.0,8,14,softmax,0.2514717308893192,0.40354897237076054,1.0,nan,nan
laplace,1.0,8,14,oracle_ridge,0.846950341616012,1.617803791955776,nan,nan,nan
laplace,1.0,8,15,csm,0.3570534282145407,0.708465292659797,nan,3.4440316819980848e-16,nan
laplace,1.0,8,15,simple_average,0.3570534290522744,0.7084652941897421,nan,nan,nan
laplace,1.0,8,15,hebbian,29.662662967666556,54.886849863927104,nan,nan,nan
laplace,1.0,8,15,softmax,0.19921041361397587,0.31927848258589825,0.5,nan,nan
laplace,1.0,8,15,oracle_ridge,0.3570534282145406,0.708465292659797,nan,nan,nan
laplace,1.0,16,0,csm,0.1673737476355006,0.2553807061602207,nan,3.196569940311535e-16,nan
laplace,1.0,16,0,simple_average,0.16737374779927144,0.2553807064449756,nan,nan,nan
laplace,1.0,16,0,hebbian,77.09378303921311,130.07858799490714,nan,nan,nan
laplace,1.0,16,0,softmax,0.12425713887549675,0.1632671443423913,0.5,nan,nan
laplace,1.0,16,0,oracle_ridge,0.16737374763550064,0.2553807061602208,nan,nan,nan
laplace,1.0,16,1,csm,0.2375298164769564,0.3423684232579308,nan,2.7949944063651974e-16,nan
laplace,1.0,16,1,simple_average,0.23752981674320636,0.3423684236620799,nan,nan,nan
laplace,1.0,16,1,hebbian,110.56514879980533,213.6713493182347,nan,nan,nan
laplace,1.0,16,1,softmax,0.13557814370723098,0.20474983403007077,0.5,nan,nan
laplace,1.0,16,1,oracle_ridge,0.23752981647695637,0.3423684232579307,nan,nan,nan
laplace,1.0,16,2,csm,0.22320334326032037,0.3423868977089358,nan,1.7211604362590937e-16,nan
laplace,1.0,16,2,simple_average,0.2232033435682024,0.34238689821013146,nan,nan,nan
laplace,1.0,16,2,hebbian,113.10426540440206,190.3855955764332,nan,nan,nan
laplace,1.0,16,2,softmax,0.1085432577525934,0.19294796909046452,0.5,nan,nan
laplace,1.0,16,2,oracle_ridge,0.22320334326032037,0.34238689770893577,nan,nan,nan
laplace,1.0,16,3,csm,0.15749283333159986,0.23807182420207976,nan,2.3235095843032895e-16,nan
laplace,1.0,16,3,simple_average,0.15749283353385662,0.23807182449993328,nan,nan,nan
laplace,1.0,16,3,hebbian,102.82738376114472,177.48373470808124,nan,nan,nan
laplace,1.0,16,3,softmax,0.1154604355586922,0.1997928584682603,0.5,nan,nan
laplace,1.0,16,3,oracle_ridge,0.15749283333159983,0.2380718242020797,nan,nan,nan
laplace,1.0,16,4,csm,0.2816214826362865,0.49445077351533095,nan,2.746705663345799e-16,nan
laplace,1.0,16,4,simple_average,0.2816214829756814,0.4944507739962838,nan,nan,nan
laplace,1.0,16,4,hebbian,139.270300831928,266.0565489966157,nan,nan,nan
laplace,1.0,16,4,softmax,0.21225456253637265,0.3389435349715473,0.5,nan,nan
laplace,1.0,16,4,oracle_ridge,0.2816214826362864,0.4944507735153309,nan,nan,nan
laplace,1.0,16,5,csm,0.24499119969633626,0.3749884205072965,nan,2.1428236685405207e-16,nan
laplace,1.0,16,5,simple_average,0.24499119999234392,0.3749884208767519,nan,nan,nan
laplace,1.0,16,5,hebbian,108.78596042497358,189.424358202246,nan,nan,nan
laplace,1.0,16,5,softmax,0.15307940801834705,0.271655344189657,0.5,nan,nan
laplace,1.0,16,5,oracle_ridge,0.24499119969633626,0.37498842050729647,nan,nan,nan
laplace,1.0,16,6,csm,0.3150251366103029,0.6417199367920993,nan,3.060916844905239e-16,nan
laplace,1.0,16,6,simple_average,0.31502513700566603,0.6417199376557531,nan,nan,nan
laplace,1.0,16,6,hebbian,113.53667920976807,222.51389355474527,nan,nan,nan
laplace,1.0,16,6,softmax,0.12346868750302131,0.22761678473403318,0.5,nan,nan
laplace,1.0,16,6,oracle_ridge,0.31502513661030296,0.6417199367920996,nan,nan,nan
laplace,1.0,16,7,csm,0.14919956660191241,0.23925391764615167,nan,2.4815719101103804e-16,nan
laplace,1.0,16,7,simple_average,0.14919956680049043,0.23925391801126808,nan,nan,nan
laplace,1.0,16,7,hebbian,78.82794984482013,129.74499326918922,nan,nan,nan
laplace,1.0,16,7,softmax,0.08007033674235887,0.10272744675418793,0.5,nan,nan
laplace,1.0,16,7,oracle_ridge,0.1491995666019124,0.2392539176461517,nan,nan,nan
laplace,1.0,16,8,csm,0.25336164657965043,0.4940557732244493,nan,2.9152108570453814e-16,nan
laplace,1.0,16,8,simple_average,0.2533616468009382,0.4940557735926265,nan,nan,nan
laplace,1.0,16,8,hebbian,62.53235563907043,108.81053478382864,nan,nan,nan
laplace,1.0,16,8,softmax,0.13337882078301333,0.3140159755590465,1.0,nan,nan
laplace,1.0,16,8,oracle_ridge,0.25336164657965055,0.49405577322444943,nan,nan,nan
laplace,1.0,16,9,csm,0.3508042434579605,0.5763563454646816,nan,3.097197979685707e-16,nan
laplace,1.0,16,9,simple_average,0.3508042438909226,0.5763563465212765,nan,nan,nan
laplace,1.0,16,9,hebbian,187.0320073193501,396.281921297678,nan,nan,nan
laplace,1.0,16,9,softmax,0.21253377187615013,0.32367591536902224,0.5,nan,nan
laplace,1.0,16,9,oracle_ridge,0.3508042434579606,0.5763563454646821,nan,nan,nan
laplace,1.0,16,10,csm,0.15749811032663763,0.2660672520922311,nan,2.2487265059531034e-16,nan
laplace,1.0,16,10,simple_average,0.15749811054158802,0.2660672524244374,nan,nan,nan
laplace,1.0,16,10,hebbian,93.81195872002802,166.62098887567092,nan,nan,nan
laplace,1.0,16,10,softmax,0.08436355483400258,0.14126746596532844,0.5,nan,nan
laplace,1.0,16,10,oracle_ridge,0.15749811032663763,0.26606725209223114,nan,nan,nan
laplace,1.0,16,11,csm,0.18318346802067742,0.3373136394944525,nan,1.8532574549980134e-16,nan
laplace,1.0,16,11,simple_average,0.1831834683500597,0.3373136400280965,nan,nan,nan
laplace,1.0,16,11,hebbian,139.8656100174762,230.83613094506134,nan,nan,nan
laplace,1.0,16,11,softmax,0.09559333442876959,0.19562636377217474,0.5,nan,nan
laplace,1.0,16,11,oracle_ridge,0.18318346802067736,0.33731363949445237,nan,nan,nan
laplace,1.0,16,12,csm,0.32997479451150213,0.5876770672403937,nan,2.7227154894429334e-16,nan
laplace,1.0,16,12,simple_average,0.329974794999375,0.5876770679992115,nan,nan,nan
laplace,1.0,16,12,hebbian,155.72757942451778,267.9929270647894,nan,nan,nan
laplace,1.0,16,12,softmax,0.1092817146893287,0.2065355543426034,0.5,nan,nan
laplace,1.0,16,12,oracle_ridge,0.32997479451150213,0.5876770672403936,nan,nan,nan
laplace,1.0,16,13,csm,0.24504908718890975,0.46831699622050205,nan,2.921383376179092e-16,nan
laplace,1.0,16,13,simple_average,0.24504908754696253,0.46831699689683504,nan,nan,nan
laplace,1.0,16,13,hebbian,141.33603104548087,253.60313196917244,nan,nan,nan
laplace,1.0,16,13,softmax,0.10548444677050846,0.15074068402542243,0.5,nan,nan
laplace,1.0,16,13,oracle_ridge,0.2450490871889098,0.46831699622050216,nan,nan,nan
laplace,1.0,16,14,csm,0.1506479814366004,0.23734280498393592,nan,2.4087448450659767e-16,nan
laplace,1.0,16,14,simple_average,0.15064798171182453,0.23734280533692784,nan,nan,nan
laplace,1.0,16,14,hebbian,97.68961201042323,132.3248746925006,nan,nan,nan
laplace,1.0,16,14,softmax,0.040901937777293396,0.05985908854410766,0.5,nan,nan
laplace,1.0,16,14,oracle_ridge,0.1506479814366004,0.237342804983936,nan,nan,nan
laplace,1.0,16,15,csm,0.2492360083191571,0.4888873650336823,nan,3.0672179851336564e-16,nan
laplace,1.0,16,15,simple_average,0.249236008703645,0.48888736608092287,nan,nan,nan
laplace,1.0,16,15,hebbian,156.19304824664923,403.2187243532002,nan,nan,nan
laplace,1.0,16,15,softmax,0.13988531897131365,0.23066470269520015,0.5,nan,nan
laplace,1.0,16,15,oracle_ridge,0.24923600831915704,0.48888736503368213,nan,nan,nan
student_like,0.1,1,0,csm,0.029720396373277093,0.048576387023472785,nan,2.9415398925280345e-16,nan
student_like,0.1,1,0,simple_average,0.029720396375936653,0.048576387024619985,nan,nan,nan
student_like,0.1,1,0,hebbian,0.029720396375936653,0.04857638702461999,nan,nan,nan
student_like,0.1,1,0,softmax,0.029711442484347046,0.04857527754125027,0.1,nan,nan
student_like,0.1,1,0,oracle_ridge,0.029720396373277086,0.0485763870234728,nan,nan,nan
student_like,0.1,1,1,csm,0.06312194512208277,0.14076383921260893,nan,2.1534204988441298e-16,nan
student_like,0.1,1,1,simple_average,0.06312194513406949,0.14076383924018881,nan,nan,nan
student_like,0.1,1,1,hebbian,0.06312194513406949,0.14076383924018884,nan,nan,nan
student_like,0.1,1,1,softmax,0.06309018316348625,0.14069468696407017,0.1,nan,nan
student_like,0.1,1,1,oracle_ridge,0.06312194512208277,0.14076383921260893,nan,nan,nan
student_like,0.1,1,2,csm,0.02049990580648998,0.030908868499997338,nan,2.356934575397178e-16,nan
student_like,0.1,1,2,simple_average,0.020499905810502334,0.030908868510325278,nan,nan,nan
student_like,0.1,1,2,hebbian,0.020499905810502338,0.03090886851032526,nan,nan,nan
student_like,0.1,1,2,softmax,0.020482222330445336,0.0308678741897771,0.1,nan,nan
student_like,0.1,1,2,oracle_ridge,0.020499905806489978,0.030908868499997345,nan,nan,nan
student_like,0.1,1,3,csm,0.018171712134625987,0.031044697081844423,nan,2.8129301208654107e-16,nan
student_like,0.1,1,3,simple_average,0.018171712140719998,0.031044697087829577,nan,nan,nan
student_like,0.1,1,3,hebbian,0.018171712140719977,0.031044697087829545,nan,nan,nan
student_like,0.1,1,3,softmax,0.018155821425613908,0.031013966384850652,0.1,nan,nan
student_like,0.1,1,3,oracle_ridge,0.018171712134625987,0.031044697081844416,nan,nan,nan
student_like,0.1,1,4,csm,0.01973892031462919,0.029599066586445975,nan,3.352287315212312e-16,nan
student_like,0.1,1,4,simple_average,0.019738920318755647,0.02959906659538747,nan,nan,nan
student_like,0.1,1,4,hebbian,0.019738920318755643,0.029599066595387465,nan,nan,nan
student_like,0.1,1,4,softmax,0.019722414462572217,0.029579932271477434,0.1,nan,nan
student_like,0.1,1,4,oracle_ridge,0.019738920314629198,0.029599066586446,nan,nan,nan
student_like,0.1,1,5,csm,0.09629694186212205,0.2255051358745751,nan,2.3925390362634455e-16,nan
student_like,0.1,1,5,simple_average,0.09629694188853813,0.22550513592877652,nan,nan,nan
student_like,0.1,1,5,hebbian,0.09629694188853816,0.22550513592877663,nan,nan,nan
student_like,0.1,1,5,softmax,0.06838497474605024,0.13707279649462678,0.5,nan,nan
student_like,0.1,1,5,oracle_ridge,0.09629694186212204,0.22550513587457507,nan,nan,nan
student_like,0.1,1,6,csm,0.011942196100376324,0.020847433915704986,nan,2.92308946106503e-16,nan
student_like,0.1,1,6,simple_average,0.011942196102134706,0.020847433919922307,nan,nan,nan
student_like,0.1,1,6,hebbian,0.011942196102134716,0.020847433919922324,nan,nan,nan
student_like,0.1,1,6,softmax,0.011940402926443591,0.020846824076567835,0.1,nan,nan
student_like,0.1,1,6,oracle_ridge,0.011942196100376324,0.02084743391570499,nan,nan,nan
student_like,0.1,1,7,csm,0.0443657429295544,0.10096218778225005,nan,3.1762891783252646e-16,nan
student_like,0.1,1,7,simple_average,0.04436574293555279,0.10096218780494177,nan,nan,nan
student_like,0.1,1,7,hebbian,0.04436574293555276,0.10096218780494169,nan,nan,nan
student_like,0.1,1,7,softmax,0.04434775511714376,0.10089268560813341,0.1,nan,nan
student_like,0.1,1,7,oracle_ridge,0.044365742929554405,0.10096218778225004,nan,nan,nan
student_like,0.1,1,8,csm,0.04448343918864163,0.09441107850747008,nan,2.384560611635907e-16,nan
student_like,0.1,1,8,simple_average,0.0444834391917687,0.09441107851953238,nan,nan,nan
student_like,0.1,1,8,hebbian,0.0444834391917687,0.09441107851953238,nan,nan,nan
student_like,0.1,1,8,softmax,0.044472270180953746,0.0943555365566706,0.1,nan,nan
student_like,0.1,1,8,oracle_ridge,0.04448343918864165,0.09441107850747009,nan,nan,nan
student_like,0.1,1,9,csm,0.06280829062372903,0.13515084774044164,nan,2.741245996212435e-16,nan
student_like,0.1,1,9,simple_average,0.06280829063746615,0.13515084776729075,nan,nan,nan
student_like,0.1,1,9,hebbian,0.06280829063746615,0.13515084776729075,nan,nan,nan
student_like,0.1,1,9,softmax,0.0627585830740319,0.13505877139042055,0.1,nan,nan
student_like,0.1,1,9,oracle_ridge,0.06280829062372903,0.13515084774044164,nan,nan,nan
student_like,0.1,1,10,csm,0.01619765740601942,0.02841370484178431,nan,2.8429412262905037e-16,nan
student_like,0.1,1,10,simple_average,0.016197657408399038,0.028413704839663413,nan,nan,nan
student_like,0.1,1,10,hebbian,0.016197657408399038,0.02841370483966341,nan,nan,nan
student_like,0.1,1,10,softmax,0.016186069772000114,0.028416677376476254,0.1,nan,nan
student_like,0.1,1,10,oracle_ridge,0.016197657406019424,0.028413704841784317,nan,nan,nan
student_like,0.1,1,11,csm,0.01614256037140097,0.039548248202128836,nan,2.6839511392902294e-16,nan
student_like,0.1,1,11,simple_average,0.016142560373873432,0.039548248212799446,nan,nan,nan
student_like,0.1,1,11,hebbian,0.01614256037387344,0.039548248212799474,nan,nan,nan
student_like,0.1,1,11,softmax,0.016130266055470303,0.03950179531056141,0.1,nan,nan
student_like,0.1,1,11,oracle_ridge,0.016142560371400962,0.03954824820212881,nan,nan,nan
student_like,0.1,1,12,csm,0.015603302610232395,0.023224186513536478,nan,2.600562011698891e-16,nan
student_like,0.1,1,12,simple_average,0.01560330261156586,0.023224186516904693,nan,nan,nan
student_like,0.1,1,12,hebbian,0.015603302611565865,0.023224186516904704,nan,nan,nan
student_like,0.1,1,12,softmax,0.015595689163428031,0.023210483176651017,0.1,nan,nan
student_like,0.1,1,12,oracle_ridge,0.015603302610232394,0.02322418651353649,nan,nan,nan
student_like,0.1,1,13,csm,0.014659269180448863,0.023237539609175722,nan,2.7069070017694055e-16,nan
student_like,0.1,1,13,simple_average,0.014659269184855992,0.02323753962062731,nan,nan,nan
student_like,0.1,1,13,hebbian,0.01465926918485599,0.02323753962062732,nan,nan,nan
student_like,0.1,1,13,softmax,0.01464298475658958,0.023203300628088324,0.1,nan,nan
student_like,0.1,1,13,oracle_ridge,0.014659269180448865,0.02323753960917572,nan,nan,nan
student_like,0.1,1,14,csm,0.03286025593650109,0.06617387667456265,nan,2.093086948806559e-16,nan
student_like,0.1,1,14,simple_average,0.032860255944827034,0.0661738766914666,nan,nan,nan
student_like,0.1,1,14,hebbian,0.03286025594482701,0.06617387669146657,nan,nan,nan
student_like,0.1,1,14,softmax,0.032829359250863124,0.06611427818860895,0.1,nan,nan
student_like,0.1,1,14,oracle_ridge,0.03286025593650108,0.06617387667456262,nan,nan,nan
student_like,0.1,1,15,csm,0.08170285180889138,0.19204456374094292,nan,2.9459999741750353e-16,nan
student_like,0.1,1,15,simple_average,0.08170285182693957,0.19204456379140591,nan,nan,nan
student_like,0.1,1,15,hebbian,0.08170285182693961,0.19204456379140608,nan,nan,nan
student_like,0.1,1,15,softmax,0.08164871545836115,0.19189589195900952,0.1,nan,nan
student_like,0.1,1,15,oracle_ridge,0.08170285180889142,0.19204456374094298,nan,nan,nan
student_like,0.1,2,0,csm,0.017499645661026273,0.032124296530599415,nan,3.8602171682367883e-16,nan
student_like,0.1,2,0,simple_average,0.01749964566272479,0.03212429653606321,nan,nan,nan
student_like,0.1,2,0,hebbian,0.2945458911199724,0.5151383148448323,nan,nan,nan
student_like,0.1,2,0,softmax,0.017485933692954314,0.03209542669253011,0.1,nan,nan
student_like,0.1,2,0,oracle_ridge,0.01749964566102627,0.03212429653059939,nan,nan,nan
student_like,0.1,2,1,csm,0.015803175374360826,0.030080530566556875,nan,2.358424873960601e-16,nan
student_like,0.1,2,1,simple_average,0.015803175376212127,0.030080530567499524,nan,nan,nan
student_like,0.1,2,1,hebbian,0.2552799239987468,0.4339831537476114,nan,nan,nan
student_like,0.1,2,1,softmax,0.01579307275566015,0.030070977409532223,0.1,nan,nan
student_like,0.1,2,1,oracle_ridge,0.015803175374360826,0.03008053056655686,nan,nan,nan
student_like,0.1,2,2,csm,0.013246781553327772,0.02498823843711764,nan,2.8981533514780827e-16,nan
student_like,0.1,2,2,simple_average,0.013246781553816483,0.02498823843991707,nan,nan,nan
student_like,0.1,2,2,hebbian,0.33657147367228785,0.5889206263451505,nan,nan,nan
student_like,0.1,2,2,softmax,0.013246062996280172,0.024975442632360862,0.1,nan,nan
student_like,0.1,2,2,oracle_ridge,0.013246781553327772,0.024988238437117623,nan,nan,nan
student_like,0.1,2,3,csm,0.014013096070642264,0.02783952157999923,nan,3.133563742914356e-16,nan
student_like,0.1,2,3,simple_average,0.01401309607207063,0.027839521584963254,nan,nan,nan
student_like,0.1,2,3,hebbian,0.24864865997982077,0.392266700949038,nan,nan,nan
student_like,0.1,2,3,softmax,0.014003007093488243,0.027805029858255833,0.1,nan,nan
student_like,0.1,2,3,oracle_ridge,0.01401309607064227,0.027839521579999266,nan,nan,nan
student_like,0.1,2,4,csm,0.028115061508219522,0.05795129120696604,nan,3.8510086717510747e-16,nan
student_like,0.1,2,4,simple_average,0.02811506151139199,0.057951291212935976,nan,nan,nan
student_like,0.1,2,4,hebbian,0.3648311696984271,0.9167016614163933,nan,nan,nan
student_like,0.1,2,4,softmax,0.028093908379542336,0.05790577230045477,0.1,nan,nan
student_like,0.1,2,4,oracle_ridge,0.028115061508219505,0.05795129120696601,nan,nan,nan
student_like,0.1,2,5,csm,0.013022069653520364,0.02081407012990916,nan,3.3077686278177396e-16,nan
student_like,0.1,2,5,simple_average,0.013022069654752635,0.020814070132778254,nan,nan,nan
student_like,0.1,2,5,hebbian,0.18442392127068885,0.31423249309748486,nan,nan,nan
student_like,0.1,2,5,softmax,0.01301753428718925,0.02080106943739201,0.1,nan,nan
student_like,0.1,2,5,oracle_ridge,0.013022069653520364,0.02081407012990916,nan,nan,nan
student_like,0.1,2,6,csm,0.009427896068735661,0.023270976246635353,nan,2.6782009601616217e-16,nan
student_like,0.1,2,6,simple_average,0.009427896070974754,0.023270976252761033,nan,nan,nan
student_like,0.1,2,6,hebbian,0.2691510776485595,0.530821863957221,nan,nan,nan
student_like,0.1,2,6,softmax,0.009413100195513344,0.023230194783158353,0.1,nan,nan
student_like,0.1,2,6,oracle_ridge,0.009427896068735658,0.023270976246635346,nan,nan,nan
student_like,0.1,2,7,csm,0.053490820636573594,0.1295173091166264,nan,2.532834193513499e-16,nan
student_like,0.1,2,7,simple_average,0.05349082064323581,0.12951730913396403,nan,nan,nan
student_like,0.1,2,7,hebbian,0.5095856611244055,0.9149553939969403,nan,nan,nan
student_like,0.1,2,7,softmax,0.0534434965007719,0.12938680702954536,0.1,nan,nan
student_like,0.1,2,7,oracle_ridge,0.05349082063657361,0.12951730911662648,nan,nan,nan
student_like,0.1,2,8,csm,0.03272188458972905,0.06421469640959468,nan,3.043047864223801e-16,nan
student_like,0.1,2,8,simple_average,0.03272188459189933,0.06421469641126687,nan,nan,nan
student_like,0.1,2,8,hebbian,0.29894409825448265,0.4683603656318613,nan,nan,nan
student_like,0.1,2,8,softmax,0.03271164907771078,0.06419898389733493,0.1,nan,nan
student_like,0.1,2,8,oracle_ridge,0.03272188458972905,0.0642146964095947,nan,nan,nan
student_like,0.1,2,9,csm,0.019135561381356428,0.04198488213878691,nan,2.6560689499564387e-16,nan
student_like,0.1,2,9,simple_average,0.01913556138192563,0.041984882138786886,nan,nan,nan
student_like,0.1,2,9,hebbian,0.22599148923192328,0.3573116443750879,nan,nan,nan
student_like,0.1,2,9,softmax,0.01913431033641016,0.04198375429774894,0.1,nan,nan
student_like,0.1,2,9,oracle_ridge,0.019135561381356424,0.04198488213878689,nan,nan,nan
student_like,0.1,2,10,csm,0.0210915238805838,0.04939741956971955,nan,3.4397891998263926e-16,nan
student_like,0.1,2,10,simple_average,0.02109152388286442,0.04939741957703223,nan,nan,nan
student_like,0.1,2,10,hebbian,0.2631480903906744,0.4189199173471911,nan,nan,nan
student_like,0.1,2,10,softmax,0.021073915908283666,0.04934246678806791,0.1,nan,nan
student_like,0.1,2,10,oracle_ridge,0.021091523880583798,0.049397419569719554,nan,nan,nan
student_like,0.1,2,11,csm,0.016603115448193484,0.026472770006129343,nan,2.6863846534894034e-16,nan
student_like,0.1,2,11,simple_average,0.016603115451187048,0.026472770011394815,nan,nan,nan
student_like,0.1,2,11,hebbian,0.26905151387688353,0.4956476556130058,nan,nan,nan
student_like,0.1,2,11,softmax,0.016582728618133716,0.02643492697908306,0.1,nan,nan
student_like,0.1,2,11,oracle_ridge,0.016603115448193484,0.026472770006129333,nan,nan,nan
student_like,0.1,2,12,csm,0.03846859879247873,0.07777727976442039,nan,3.1197366257105867e-16,nan
student_like,0.1,2,12,simple_average,0.03846859879614903,0.07777727977503121,nan,nan,nan
student_like,0.1,2,12,hebbian,0.4768568647218377,0.8554407540085291,nan,nan,nan
student_like,0.1,2,12,softmax,0.03844212693975038,0.0776996038012488,0.1,nan,nan
student_like,0.1,2,12,oracle_ridge,0.03846859879247874,0.0777772797644204,nan,nan,nan
student_like,0.1,2,13,csm,0.03039773455228686,0.058268335116648,nan,3.1193555069878266e-16,nan
student_like,0.1,2,13,simple_average,0.030397734553504932,0.05826833511813887,nan,nan,nan
student_like,0.1,2,13,hebbian,0.2635002050979659,0.4920015551542402,nan,nan,nan
student_like,0.1,2,13,softmax,0.030389714067702377,0.058250996630128074,0.1,nan,nan
student_like,0.1,2,13,oracle_ridge,0.030397734552286847,0.05826833511664797,nan,nan,nan
student_like,0.1,2,14,csm,0.017422232543703203,0.03894931754344964,nan,2.204325971702712e-16,nan
student_like,0.1,2,14,simple_average,0.017422232545495603,0.03894931754583424,nan,nan,nan
student_like,0.1,2,14,hebbian,0.3408533977113748,0.585116069897573,nan,nan,nan
student_like,0.1,2,14,softmax,0.017414113560806986,0.03893470133028354,0.1,nan,nan
student_like,0.1,2,14,oracle_ridge,0.017422232543703196,0.03894931754344963,nan,nan,nan
student_like,0.1,2,15,csm,0.01453208056139359,0.02879669458388408,nan,3.0419462157598047e-16,nan
student_like,0.1,2,15,simple_average,0.014532080560540256,0.02879669458172283,nan,nan,nan
student_like,0.1,2,15,hebbian,0.23462131596012276,0.37614806505194914,nan,nan,nan
student_like,0.1,2,15,softmax,0.014532080560540256,0.02879669458172283,0.001,nan,nan
student_like,0.1,2,15,oracle_ridge,0.01453208056139359,0.028796694583884112,nan,nan,nan
student_like,0.1,4,0,csm,0.017880990090116546,0.04592264258794145,nan,2.529587433253643e-16,nan
student_like,0.1,4,0,simple_average,0.01788099009153781,0.04592264259127417,nan,nan,nan
student_like,0.1,4,0,hebbian,3.0346715251317926,4.840034101987728,nan,nan,nan
student_like,0.1,4,0,softmax,0.017862950191266574,0.04588438182030401,0.1,nan,nan
student_like,0.1,4,0,oracle_ridge,0.017880990090116552,0.04592264258794148,nan,nan,nan
student_like,0.1,4,1,csm,0.010357921750381546,0.022051284205281827,nan,2.6649515054277853e-16,nan
student_like,0.1,4,1,simple_average,0.01035792175087602,0.02205128420687408,nan,nan,nan
student_like,0.1,4,1,hebbian,1.6164316422910514,2.6043050261589307,nan,nan,nan
student_like,0.1,4,1,softmax,0.010353123134550526,0.022033729946566594,0.1,nan,nan
student_like,0.1,4,1,oracle_ridge,0.01035792175038154,0.022051284205281813,nan,nan,nan
student_like,0.1,4,2,csm,0.011142354234888659,0.01779362342612782,nan,3.2488054167886967e-16,nan
student_like,0.1,4,2,simple_average,0.011142354234750846,0.017793623424108795,nan,nan,nan
student_like,0.1,4,2,hebbian,2.0142978747229514,3.1769020187059223,nan,nan,nan
student_like,0.1,4,2,softmax,0.011142354234750844,0.017793623424108795,0.001,nan,nan
student_like,0.1,4,2,oracle_ridge,0.011142354234888652,0.01779362342612781,nan,nan,nan
student_like,0.1,4,3,csm,0.009739311639087814,0.013589311150794908,nan,3.429337773319006e-16,nan
student_like,0.1,4,3,simple_average,0.009739311639832469,0.013589311151818703,nan,nan,nan
student_like,0.1,4,3,hebbian,2.283578857284957,4.098307907176289,nan,nan,nan
student_like,0.1,4,3,softmax,0.009730251797453477,0.013577016089449818,0.1,nan,nan
student_like,0.1,4,3,oracle_ridge,0.009739311639087823,0.013589311150794932,nan,nan,nan
student_like,0.1,4,4,csm,0.0164719531951385,0.030477713498383737,nan,2.8635236782901724e-16,nan
student_like,0.1,4,4,simple_average,0.016471953195649744,0.030477713498485957,nan,nan,nan
student_like,0.1,4,4,hebbian,1.8061392463465908,3.6762399942808988,nan,nan,nan
student_like,0.1,4,4,softmax,0.01646533672560678,0.030478844036693698,0.1,nan,nan
student_like,0.1,4,4,oracle_ridge,0.016471953195138493,0.030477713498383737,nan,nan,nan
student_like,0.1,4,5,csm,0.004222204536666965,0.007171467707500806,nan,2.930219234949461e-16,nan
student_like,0.1,4,5,simple_average,0.004222204536686279,0.007171467707781142,nan,nan,nan
student_like,0.1,4,5,hebbian,1.8205074313604197,2.7526691140275577,nan,nan,nan
student_like,0.1,4,5,softmax,0.004222204536686279,0.007171467707781142,0.001,nan,nan
student_like,0.1,4,5,oracle_ridge,0.004222204536666965,0.007171467707500804,nan,nan,nan
student_like,0.1,4,6,csm,0.01447201336801427,0.03133167593446998,nan,2.844259291302399e-16,nan
student_like,0.1,4,6,simple_average,0.014472013368660854,0.03133167593674337,nan,nan,nan
student_like,0.1,4,6,hebbian,1.947737683020271,3.3092995110187693,nan,nan,nan
student_like,0.1,4,6,softmax,0.014463754002282503,0.031309760191628636,0.1,nan,nan
student_like,0.1,4,6,oracle_ridge,0.014472013368014278,0.03133167593446998,nan,nan,nan
student_like,0.1,4,7,csm,0.006528321417574251,0.012417193336221917,nan,2.9234157396252425e-16,nan
student_like,0.1,4,7,simple_average,0.006528321418110246,0.01241719333677357,nan,nan,nan
student_like,0.1,4,7,hebbian,2.3048720327835106,3.6207601905903326,nan,nan,nan
student_like,0.1,4,7,softmax,0.006520538440769666,0.012404910497849038,0.1,nan,nan
student_like,0.1,4,7,oracle_ridge,0.006528321417574251,0.012417193336221946,nan,nan,nan
student_like,0.1,4,8,csm,0.02076498629135913,0.04460830279915614,nan,3.7897164079483837e-16,nan
student_like,0.1,4,8,simple_average,0.02076498629257708,0.044608302800797264,nan,nan,nan
student_like,0.1,4,8,hebbian,2.9601319059529434,5.208158841109764,nan,nan,nan
student_like,0.1,4,8,softmax,0.02074860476515933,0.04458419151852171,0.1,nan,nan
student_like,0.1,4,8,oracle_ridge,0.02076498629135913,0.044608302799156126,nan,nan,nan
student_like,0.1,4,9,csm,0.008615594871164521,0.022936391195866653,nan,4.0931788028503906e-16,nan
student_like,0.1,4,9,simple_average,0.008615594871623123,0.022936391194792724,nan,nan,nan
student_like,0.1,4,9,hebbian,2.2389547142022885,5.165287599015872,nan,nan,nan
student_like,0.1,4,9,softmax,0.008609330237436047,0.02294169395994509,0.1,nan,nan
student_like,0.1,4,9,oracle_ridge,0.008615594871164518,0.022936391195866657,nan,nan,nan
student_like,0.1,4,10,csm,0.028419997382214325,0.05674561125153839,nan,2.595844687040208e-16,nan
student_like,0.1,4,10,simple_average,0.028419997383489534,0.05674561125415909,nan,nan,nan
student_like,0.1,4,10,hebbian,2.4098474423526994,4.411915451242524,nan,nan,nan
student_like,0.1,4,10,softmax,0.028404192588886743,0.05671572499157678,0.1,nan,nan
student_like,0.1,4,10,oracle_ridge,0.02841999738221432,0.05674561125153838,nan,nan,nan
student_like,0.1,4,11,csm,0.019552437187026872,0.03943316848172649,nan,3.3851503674300945e-16,nan
student_like,0.1,4,11,simple_average,0.019552437188489404,0.03943316848486458,nan,nan,nan
student_like,0.1,4,11,hebbian,3.456490900992642,5.484939145962254,nan,nan,nan
student_like,0.1,4,11,softmax,0.019534725912401373,0.0393949123674062,0.1,nan,nan
student_like,0.1,4,11,oracle_ridge,0.019552437187026872,0.03943316848172651,nan,nan,nan
student_like,0.1,4,12,csm,0.009314329849541853,0.015979512384804627,nan,2.5589370804177145e-16,nan
student_like,0.1,4,12,simple_average,0.009314329849749028,0.01597951238367326,nan,nan,nan
student_like,0.1,4,12,hebbian,2.711841937845514,4.293584110123022,nan,nan,nan
student_like,0.1,4,12,softmax,0.009312588902152714,0.01599513240268721,0.1,nan,nan
student_like,0.1,4,12,oracle_ridge,0.009314329849541848,0.015979512384804596,nan,nan,nan
student_like,0.1,4,13,csm,0.008089283474796056,0.015023227423427208,nan,3.519077728915576e-16,nan
student_like,0.1,4,13,simple_average,0.008089283475298595,0.01502322742508706,nan,nan,nan
student_like,0.1,4,13,hebbian,2.4530789272282316,4.97894792963088,nan,nan,nan
student_like,0.1,4,13,softmax,0.008079531441851442,0.014999725503365561,0.1,nan,nan
student_like,0.1,4,13,oracle_ridge,0.00808928347479606,0.015023227423427215,nan,nan,nan
student_like,0.1,4,14,csm,0.012029812755595495,0.02574877640132856,nan,2.559244259473417e-16,nan
student_like,0.1,4,14,simple_average,0.012029812757204748,0.02574877640360699,nan,nan,nan
student_like,0.1,4,14,hebbian,2.27286598799767,3.630879563810206,nan,nan,nan
student_like,0.1,4,14,softmax,0.01201039226511201,0.025729272503336065,0.1,nan,nan
student_like,0.1,4,14,oracle_ridge,0.0120298127555955,0.025748776401328582,nan,nan,nan
student_like,0.1,4,15,csm,0.005662769478578578,0.011143815209324706,nan,2.8403750509097073e-16,nan
student_like,0.1,4,15,simple_average,0.005662769479048399,0.011143815210484914,nan,nan,nan
student_like,0.1,4,15,hebbian,2.3640627504549503,4.021152409990052,nan,nan,nan
student_like,0.1,4,15,softmax,0.005655721065202698,0.011127573202331485,0.1,nan,nan
student_like,0.1,4,15,oracle_ridge,0.00566276947857858,0.011143815209324712,nan,nan,nan
student_like,0.1,8,0,csm,0.005684040491560763,0.018157598214866986,nan,3.6331060284229367e-16,nan
student_like,0.1,8,0,simple_average,0.005684040491697816,0.01815759821588468,nan,nan,nan
student_like,0.1,8,0,hebbian,12.264548393666653,24.382339624610918,nan,nan,nan
student_like,0.1,8,0,softmax,0.005680107612563424,0.018134214255605737,0.1,nan,nan
student_like,0.1,8,0,oracle_ridge,0.005684040491560752,0.018157598214866934,nan,nan,nan
student_like,0.1,8,1,csm,0.004217688181049057,0.00874694438821568,nan,3.2625297429309014e-16,nan
student_like,0.1,8,1,simple_average,0.004217688181290525,0.008746944388792262,nan,nan,nan
student_like,0.1,8,1,hebbian,13.225791953207992,20.398273146295367,nan,nan,nan
student_like,0.1,8,1,softmax,0.004210995376695379,0.008726744989264809,0.1,nan,nan
student_like,0.1,8,1,oracle_ridge,0.004217688181049049,0.008746944388215664,nan,nan,nan
student_like,0.1,8,2,csm,0.0027862273025364495,0.005357084021101122,nan,3.1937275453838177e-16,nan
student_like,0.1,8,2,simple_average,0.0027862273026383185,0.005357084021293767,nan,nan,nan
student_like,0.1,8,2,hebbian,9.573932709631372,17.171664611627577,nan,nan,nan
student_like,0.1,8,2,softmax,0.0027823850645566518,0.005350715959553288,0.1,nan,nan
student_like,0.1,8,2,oracle_ridge,0.0027862273025364495,0.005357084021101126,nan,nan,nan
student_like,0.1,8,3,csm,0.004168717560605365,0.006289182775603683,nan,2.78042840181244e-16,nan
student_like,0.1,8,3,simple_average,0.004168717560886279,0.006289182775705909,nan,nan,nan
student_like,0.1,8,3,hebbian,13.674190372017355,24.98727106747932,nan,nan,nan
student_like,0.1,8,3,softmax,0.004161025908242142,0.006283056049060922,0.1,nan,nan
student_like,0.1,8,3,oracle_ridge,0.0041687175606053666,0.006289182775603687,nan,nan,nan
student_like,0.1,8,4,csm,0.007782947874366021,0.020161252594403798,nan,3.294050820533736e-16,nan
student_like,0.1,8,4,simple_average,0.007782947874342175,0.020161252594165808,nan,nan,nan
student_like,0.1,8,4,hebbian,11.745071276395613,18.472338942926726,nan,nan,nan
student_like,0.1,8,4,softmax,0.007782947874342177,0.020161252594165822,0.001,nan,nan
student_like,0.1,8,4,oracle_ridge,0.007782947874366023,0.02016125259440379,nan,nan,nan
student_like,0.1,8,5,csm,0.00613480223567473,0.009206916907263595,nan,2.083896969853965e-16,nan
student_like,0.1,8,5,simple_average,0.006134802236131319,0.009206916908192692,nan,nan,nan
student_like,0.1,8,5,hebbian,15.041170183112953,21.61977339251362,nan,nan,nan
student_like,0.1,8,5,softmax,0.006122930505799817,0.009187969816142626,0.1,nan,nan
student_like,0.1,8,5,oracle_ridge,0.006134802235674728,0.009206916907263602,nan,nan,nan
student_like,0.1,8,6,csm,0.004832409117575165,0.007824171748413366,nan,2.810325944831944e-16,nan
student_like,0.1,8,6,simple_average,0.004832409117723226,0.007824171748500312,nan,nan,nan
student_like,0.1,8,6,hebbian,13.37621604110729,22.52212491743301,nan,nan,nan
student_like,0.1,8,6,softmax,0.004825217451194647,0.007812852645265433,0.1,nan,nan
student_like,0.1,8,6,oracle_ridge,0.004832409117575163,0.00782417174841336,nan,nan,nan
student_like,0.1,8,7,csm,0.0016262199730644861,0.002894901302368929,nan,4.1593363189559827e-16,nan
student_like,0.1,8,7,simple_average,0.0016262199730803155,0.0028949013024734,nan,nan,nan
student_like,0.1,8,7,hebbian,7.100753758550923,13.359792976317674,nan,nan,nan
student_like,0.1,8,7,softmax,0.0016250706562715063,0.0028937414829009827,0.1,nan,nan
student_like,0.1,8,7,oracle_ridge,0.0016262199730644814,0.002894901302368923,nan,nan,nan
student_like,0.1,8,8,csm,0.004387288913662213,0.008691304374223469,nan,3.5854146291741957e-16,nan
student_like,0.1,8,8,simple_average,0.004387288913828206,0.008691304374461504,nan,nan,nan
student_like,0.1,8,8,hebbian,9.207264277528399,17.186310497179715,nan,nan,nan
student_like,0.1,8,8,softmax,0.004382667652259175,0.008685397809814708,0.1,nan,nan
student_like,0.1,8,8,oracle_ridge,0.004387288913662206,0.008691304374223458,nan,nan,nan
student_like,0.1,8,9,csm,0.003517079773527067,0.0052342762005031015,nan,2.754038082937032e-16,nan
student_like,0.1,8,9,simple_average,0.003517079773479005,0.005234276200647808,nan,nan,nan
student_like,0.1,8,9,hebbian,10.932651018842805,18.243764554299215,nan,nan,nan
student_like,0.1,8,9,softmax,0.003515543250626061,0.0052269561891709,0.1,nan,nan
student_like,0.1,8,9,oracle_ridge,0.0035170797735270664,0.005234276200503095,nan,nan,nan
student_like,0.1,8,10,csm,0.004363770778269437,0.006924857655450274,nan,2.563830216394015e-16,nan
student_like,0.1,8,10,simple_average,0.004363770778629718,0.006924857656068189,nan,nan,nan
student_like,0.1,8,10,hebbian,12.195903523037233,18.106485629522954,nan,nan,nan
student_like,0.1,8,10,softmax,0.004356676313797889,0.006908500219463505,0.1,nan,nan
student_like,0.1,8,10,oracle_ridge,0.004363770778269435,0.006924857655450272,nan,nan,nan
student_like,0.1,8,11,csm,0.005296823820383008,0.011489971024801851,nan,3.7212167449653395e-16,nan
student_like,0.1,8,11,simple_average,0.005296823820727356,0.01148997102551303,nan,nan,nan
student_like,0.1,8,11,hebbian,13.326213222109665,22.720602145793517,nan,nan,nan
student_like,0.1,8,11,softmax,0.005287789282349873,0.01147491508145732,0.1,nan,nan
student_like,0.1,8,11,oracle_ridge,0.005296823820383014,0.011489971024801877,nan,nan,nan
student_like,0.1,8,12,csm,0.006933397419038796,0.015051818034843777,nan,3.066062863362842e-16,nan
student_like,0.1,8,12,simple_average,0.006933397419272434,0.015051818035269398,nan,nan,nan
student_like,0.1,8,12,hebbian,10.065226637653137,16.908792339637728,nan,nan,nan
student_like,0.1,8,12,softmax,0.00692596106853583,0.015034074375263157,0.1,nan,nan
student_like,0.1,8,12,oracle_ridge,0.006933397419038798,0.015051818034843772,nan,nan,nan
student_like,0.1,8,13,csm,0.013755478059495903,0.03567168419565203,nan,2.0699696039196271e-16,nan
student_like,0.1,8,13,simple_average,0.013755478059934028,0.035671684196649525,nan,nan,nan
student_like,0.1,8,13,hebbian,15.330480420761475,28.416036304592858,nan,nan,nan
student_like,0.1,8,13,softmax,0.013742314275594535,0.03564624239811437,0.1,nan,nan
student_like,0.1,8,13,oracle_ridge,0.013755478059495892,0.035671684195652004,nan,nan,nan
student_like,0.1,8,14,csm,0.007966409161107215,0.016931998630123575,nan,3.12089463350804e-16,nan
student_like,0.1,8,14,simple_average,0.0079664091613867,0.016931998630928678,nan,nan,nan
student_like,0.1,8,14,hebbian,9.7978704659217,20.17591556180103,nan,nan,nan
student_like,0.1,8,14,softmax,0.007962245188497565,0.016917101867221472,0.1,nan,nan
student_like,0.1,8,14,oracle_ridge,0.007966409161107215,0.016931998630123565,nan,nan,nan
student_like,0.1,8,15,csm,0.006062075551756248,0.010949121305394834,nan,3.3775355446778396e-16,nan
student_like,0.1,8,15,simple_average,0.0060620755521560606,0.010949121305311386,nan,nan,nan
student_like,0.1,8,15,hebbian,19.042819627351008,32.36971674365902,nan,nan,nan
student_like,0.1,8,15,softmax,0.006050937546615296,0.010942622387476241,0.1,nan,nan
student_like,0.1,8,15,oracle_ridge,0.00606207555175625,0.010949121305394811,nan,nan,nan
student_like,0.1,16,0,csm,0.00330701106897766,0.005059196230716726,nan,3.1774069781067037e-16,nan
student_like,0.1,16,0,simple_average,0.0033070110690796677,0.005059196230959818,nan,nan,nan
student_like,0.1,16,0,hebbian,35.366796452327314,64.22200216363532,nan,nan,nan
student_like,0.1,16,0,softmax,0.0033022560299605444,0.005045484977849782,0.1,nan,nan
student_like,0.1,16,0,oracle_ridge,0.003307011068977664,0.005059196230716738,nan,nan,nan
student_like,0.1,16,1,csm,0.0031173969938718617,0.006487910153807222,nan,2.2358668512803504e-16,nan
student_like,0.1,16,1,simple_average,0.003117396993928042,0.00648791015409781,nan,nan,nan
student_like,0.1,16,1,hebbian,62.3122903136786,83.58152061900311,nan,nan,nan
student_like,0.1,16,1,softmax,0.0031164677329865876,0.00647354235278873,0.1,nan,nan
student_like,0.1,16,1,oracle_ridge,0.003117396993871858,0.006487910153807209,nan,nan,nan
student_like,0.1,16,2,csm,0.004817321728542224,0.01133896341557384,nan,2.7997699179195273e-16,nan
student_like,0.1,16,2,simple_average,0.0048173217286765595,0.011338963416001865,nan,nan,nan
student_like,0.1,16,2,hebbian,66.70368760392971,95.85226596546319,nan,nan,nan
student_like,0.1,16,2,softmax,0.00480881599432466,0.011310005235927185,0.1,nan,nan
student_like,0.1,16,2,oracle_ridge,0.004817321728542217,0.011338963415573836,nan,nan,nan
student_like,0.1,16,3,csm,0.0021319603005367864,0.0031233777041784812,nan,3.3612269050781815e-16,nan
student_like,0.1,16,3,simple_average,0.00213196030057882,0.003123377704253159,nan,nan,nan
student_like,0.1,16,3,hebbian,40.66393089236797,60.25169361245425,nan,nan,nan
student_like,0.1,16,3,softmax,0.002129943648889196,0.003122582745502116,0.1,nan,nan
student_like,0.1,16,3,oracle_ridge,0.0021319603005367904,0.0031233777041784964,nan,nan,nan
student_like,0.1,16,4,csm,0.0031678923623237173,0.005268950103041413,nan,2.499190604725541e-16,nan
student_like,0.1,16,4,simple_average,0.0031678923623475125,0.005268950103144031,nan,nan,nan
student_like,0.1,16,4,hebbian,68.05682673138035,106.90452016144401,nan,nan,nan
student_like,0.1,16,4,softmax,0.0031668608744081796,0.00526229076098285,0.1,nan,nan
student_like,0.1,16,4,oracle_ridge,0.003167892362323722,0.005268950103041421,nan,nan,nan
student_like,0.1,16,5,csm,0.0031269751395102633,0.004922215199193527,nan,2.975237312009606e-16,nan
student_like,0.1,16,5,simple_average,0.0031269751396064676,0.004922215199540821,nan,nan,nan
student_like,0.1,16,5,hebbian,70.27128567567676,110.18579996462667,nan,nan,nan
student_like,0.1,16,5,softmax,0.0031238303367875407,0.00491299015688057,0.1,nan,nan
student_like,0.1,16,5,oracle_ridge,0.003126975139510265,0.004922215199193526,nan,nan,nan
student_like,0.1,16,6,csm,0.002076323712150564,0.0028782020994945136,nan,2.1074064625084192e-16,nan
student_like,0.1,16,6,simple_average,0.0020763237121946775,0.002878202099459581,nan,nan,nan
student_like,0.1,16,6,hebbian,36.518875056539585,51.24327291367167,nan,nan,nan
student_like,0.1,16,6,softmax,0.00207387691416533,0.002877759309113078,0.1,nan,nan
student_like,0.1,16,6,oracle_ridge,0.0020763237121505644,0.002878202099494508,nan,nan,nan
student_like,0.1,16,7,csm,0.0021869233602686325,0.004707050641884583,nan,3.07154656083711e-16,nan
student_like,0.1,16,7,simple_average,0.002186923360313094,0.004707050641863409,nan,nan,nan
student_like,0.1,16,7,hebbian,62.984551115255194,104.8409147951366,nan,nan,nan
student_like,0.1,16,7,softmax,0.0021863071479945578,0.004713038435887079,0.1,nan,nan
student_like,0.1,16,7,oracle_ridge,0.002186923360268634,0.004707050641884592,nan,nan,nan
student_like,0.1,16,8,csm,0.0020401826337616467,0.004177961553999669,nan,3.3064013476554937e-16,nan
student_like,0.1,16,8,simple_average,0.002040182633704999,0.004177961554011821,nan,nan,nan
student_like,0.1,16,8,hebbian,49.04509356197868,66.5706218183633,nan,nan,nan
student_like,0.1,16,8,softmax,0.002040182633704999,0.004177961554011824,0.001,nan,nan
student_like,0.1,16,8,oracle_ridge,0.002040182633761648,0.004177961553999678,nan,nan,nan
student_like,0.1,16,9,csm,0.001931982846203945,0.0034557902969299414,nan,3.3615873724892934e-16,nan
student_like,0.1,16,9,simple_average,0.0019319828463169562,0.0034557902971089948,nan,nan,nan
student_like,0.1,16,9,hebbian,61.8324723605828,110.55380709733399,nan,nan,nan
student_like,0.1,16,9,softmax,0.0019260125320411706,0.0034475398961741296,0.1,nan,nan
student_like,0.1,16,9,oracle_ridge,0.001931982846203946,0.0034557902969299488,nan,nan,nan
student_like,0.1,16,10,csm,0.002379916125256219,0.004131588480211705,nan,3.362306525481511e-16,nan
student_like,0.1,16,10,simple_average,0.002379916125328805,0.004131588480479666,nan,nan,nan
student_like,0.1,16,10,hebbian,57.9363904734262,103.56533683213776,nan,nan,nan
student_like,0.1,16,10,softmax,0.002376362579593481,0.004116466052737607,0.1,nan,nan
student_like,0.1,16,10,oracle_ridge,0.0023799161252562153,0.004131588480211701,nan,nan,nan
student_like,0.1,16,11,csm,0.003492736947395491,0.007240697186434464,nan,2.3434962908048906e-16,nan
student_like,0.1,16,11,simple_average,0.0034927369474416423,0.00724069718635379,nan,nan,nan
student_like,0.1,16,11,hebbian,44.44530507660899,76.34221411382596,nan,nan,nan
student_like,0.1,16,11,softmax,0.0034900638852548753,0.007245083498845535,0.1,nan,nan
student_like,0.1,16,11,oracle_ridge,0.003492736947395494,0.0072406971864344685,nan,nan,nan
student_like,0.1,16,12,csm,0.0012334271307704483,0.0023063491567905155,nan,2.5872932730652263e-16,nan
student_like,0.1,16,12,simple_average,0.0012334271307796732,0.002306349156749019,nan,nan,nan
student_like,0.1,16,12,hebbian,40.0795867054862,84.64604286199165,nan,nan,nan
student_like,0.1,16,12,softmax,0.0012324344456185457,0.002307448026416208,0.1,nan,nan
student_like,0.1,16,12,oracle_ridge,0.0012334271307704483,0.002306349156790517,nan,nan,nan
student_like,0.1,16,13,csm,0.003743122474143149,0.005825872403195119,nan,2.0505169789113751e-16,nan
student_like,0.1,16,13,simple_average,0.0037431224743027674,0.005825872403397437,nan,nan,nan
student_like,0.1,16,13,hebbian,41.27837909275834,70.27584775445244,nan,nan,nan
student_like,0.1,16,13,softmax,0.003735458630750044,0.005817288699664308,0.1,nan,nan
student_like,0.1,16,13,oracle_ridge,0.0037431224741431494,0.005825872403195116,nan,nan,nan
student_like,0.1,16,14,csm,0.002066992240087688,0.003690464360595051,nan,3.2587021743036327e-16,nan
student_like,0.1,16,14,simple_average,0.002066992240085696,0.00369046436048782,nan,nan,nan
student_like,0.1,16,14,hebbian,54.53448014442823,112.3003127911003,nan,nan,nan
student_like,0.1,16,14,softmax,0.0020667919261054346,0.0036959131802973134,0.1,nan,nan
student_like,0.1,16,14,oracle_ridge,0.0020669922400876864,0.0036904643605950465,nan,nan,nan
student_like,0.1,16,15,csm,0.00239857822751452,0.005838720642974382,nan,2.88971068644957e-16,nan
student_like,0.1,16,15,simple_average,0.002398578227584494,0.00583872064325822,nan,nan,nan
student_like,0.1,16,15,hebbian,81.95555366862033,164.57804870042375,nan,nan,nan
student_like,0.1,16,15,softmax,0.002394191745319984,0.005820366331152282,0.1,nan,nan
student_like,0.1,16,15,oracle_ridge,0.0023985782275145195,0.0058387206429743824,nan,nan,nan
student_like,0.5,1,0,csm,0.7430099060939315,1.2144096706144618,nan,2.278938477927246e-16,nan
student_like,0.5,1,0,simple_average,0.7430099093984162,1.2144096756154994,nan,nan,nan
student_like,0.5,1,0,hebbian,0.7430099093984162,1.2144096756154996,nan,nan,nan
student_like,0.5,1,0,softmax,0.287553848668037,0.6174028068559165,1.0,nan,nan
student_like,0.5,1,0,oracle_ridge,0.7430099060939315,1.214409670614462,nan,nan,nan
student_like,0.5,1,1,csm,1.5780486205412052,3.5190959634808574,nan,2.587613382777723e-16,nan
student_like,0.5,1,1,simple_average,1.5780486283517368,3.5190959810047193,nan,nan,nan
student_like,0.5,1,1,hebbian,1.5780486283517363,3.5190959810047193,nan,nan,nan
student_like,0.5,1,1,softmax,0.4381938378542618,0.9486856137334791,1.0,nan,nan
student_like,0.5,1,1,oracle_ridge,1.5780486205412054,3.519095963480857,nan,nan,nan
student_like,0.5,1,2,csm,0.5124976427110237,0.772721708376252,nan,1.687180485821273e-16,nan
student_like,0.5,1,2,simple_average,0.5124976452625583,0.772721712758132,nan,nan,nan
student_like,0.5,1,2,hebbian,0.5124976452625584,0.7727217127581317,nan,nan,nan
student_like,0.5,1,2,softmax,0.22254686662164103,0.3086914268297236,0.5,nan,nan
student_like,0.5,1,2,oracle_ridge,0.5124976427110237,0.7727217083762521,nan,nan,nan
student_like,0.5,1,3,csm,0.4542928009390772,0.7761174233431253,nan,3.0357172793822663e-16,nan
student_like,0.5,1,3,simple_average,0.45429280351799983,0.7761174271957392,nan,nan,nan
student_like,0.5,1,3,hebbian,0.45429280351799955,0.7761174271957388,nan,nan,nan
student_like,0.5,1,3,softmax,0.17836014302359915,0.26047005761305464,0.5,nan,nan
student_like,0.5,1,3,oracle_ridge,0.4542928009390771,0.7761174233431248,nan,nan,nan
student_like,0.5,1,4,csm,0.4934730054791924,0.7399766608070943,nan,2.7539461875374337e-16,nan
student_like,0.5,1,4,simple_average,0.49347300796889115,0.7399766648846867,nan,nan,nan
student_like,0.5,1,4,hebbian,0.49347300796889115,0.7399766648846867,nan,nan,nan
student_like,0.5,1,4,softmax,0.15548732832780374,0.24153145714624144,1.0,nan,nan
student_like,0.5,1,4,oracle_ridge,0.4934730054791923,0.7399766608070942,nan,nan,nan
student_like,0.5,1,5,csm,2.407423534281748,5.637628368893721,nan,2.9874352287989254e-16,nan
student_like,0.5,1,5,simple_average,2.407423547213453,5.637628398219412,nan,nan,nan
student_like,0.5,1,5,hebbian,2.4074235472134546,5.637628398219417,nan,nan,nan
student_like,0.5,1,5,softmax,0.3841761520308259,0.7591652888972522,1.0,nan,nan
student_like,0.5,1,5,oracle_ridge,2.407423534281747,5.6376283688937185,nan,nan,nan
student_like,0.5,1,6,csm,0.2985549011393508,0.5211858453861502,nan,3.6384990491116815e-16,nan
student_like,0.5,1,6,simple_average,0.2985549025533676,0.5211858479980576,nan,nan,nan
student_like,0.5,1,6,hebbian,0.2985549025533676,0.5211858479980577,nan,nan,nan
student_like,0.5,1,6,softmax,0.15261626614342025,0.2879284113562284,0.5,nan,nan
student_like,0.5,1,6,oracle_ridge,0.2985549011393508,0.52118584538615,nan,nan,nan
student_like,0.5,1,7,csm,1.1091435682024464,2.5240546821908563,nan,2.7429400003886583e-16,nan
student_like,0.5,1,7,simple_average,1.1091435733888197,2.524054695123544,nan,nan,nan
student_like,0.5,1,7,hebbian,1.1091435733888193,2.524054695123543,nan,nan,nan
student_like,0.5,1,7,softmax,0.308129690147956,0.8248541911882301,1.0,nan,nan
student_like,0.5,1,7,oracle_ridge,1.1091435682024462,2.524054682190855,nan,nan,nan
student_like,0.5,1,8,csm,1.1120859749549918,2.360276952039415,nan,3.2513127322263444e-16,nan
student_like,0.5,1,8,simple_average,1.1120859797942173,2.3602769629883094,nan,nan,nan
student_like,0.5,1,8,hebbian,1.1120859797942173,2.360276962988309,nan,nan,nan
student_like,0.5,1,8,softmax,0.35375675786586186,0.6790368639035785,1.0,nan,nan
student_like,0.5,1,8,oracle_ridge,1.1120859749549923,2.360276952039415,nan,nan,nan
student_like,0.5,1,9,csm,1.5702072579386832,3.3787711773110436,nan,3.542076135436582e-16,nan
student_like,0.5,1,9,simple_average,1.570207265936654,3.378771194182269,nan,nan,nan
student_like,0.5,1,9,hebbian,1.5702072659366546,3.37877119418227,nan,nan,nan
student_like,0.5,1,9,softmax,0.24919485479708672,0.359306752229992,1.0,nan,nan
student_like,0.5,1,9,oracle_ridge,1.5702072579386825,3.3787711773110414,nan,nan,nan
student_like,0.5,1,10,csm,0.4049414332927585,0.710342618415329,nan,2.9249403704872873e-16,nan
student_like,0.5,1,10,simple_average,0.40494143520997583,0.7103426209915853,nan,nan,nan
student_like,0.5,1,10,hebbian,0.40494143520997594,0.7103426209915854,nan,nan,nan
student_like,0.5,1,10,softmax,0.19603971219916702,0.39623848278003054,0.5,nan,nan
student_like,0.5,1,10,oracle_ridge,0.40494143329275856,0.7103426184153291,nan,nan,nan
student_like,0.5,1,11,csm,0.4035640074235206,0.9887062000313328,nan,3.5523002708531224e-16,nan
student_like,0.5,1,11,simple_average,0.4035640093468358,0.9887062053199862,nan,nan,nan
student_like,0.5,1,11,hebbian,0.4035640093468358,0.9887062053199863,nan,nan,nan
student_like,0.5,1,11,softmax,0.17968488353757747,0.4064743949325706,0.5,nan,nan
student_like,0.5,1,11,oracle_ridge,0.40356400742352055,0.9887062000313322,nan,nan,nan
student_like,0.5,1,12,csm,0.39008256356213267,0.5806046601791721,nan,2.705738570140729e-16,nan
student_like,0.5,1,12,simple_average,0.39008256528914653,0.5806046629226174,nan,nan,nan
student_like,0.5,1,12,hebbian,0.3900825652891466,0.5806046629226175,nan,nan,nan
student_like,0.5,1,12,softmax,0.23931687409067992,0.34850076786010414,0.5,nan,nan
student_like,0.5,1,12,oracle_ridge,0.39008256356213267,0.580604660179172,nan,nan,nan
student_like,0.5,1,13,csm,0.36648172760458175,0.5809384867604812,nan,2.495172557508611e-16,nan
student_like,0.5,1,13,simple_average,0.3664817296213997,0.5809384905156826,nan,nan,nan
student_like,0.5,1,13,hebbian,0.36648172962139963,0.5809384905156825,nan,nan,nan
student_like,0.5,1,13,softmax,0.13137477327648756,0.19266790296821976,0.5,nan,nan
student_like,0.5,1,13,oracle_ridge,0.36648172760458186,0.5809384867604815,nan,nan,nan
student_like,0.5,1,14,csm,0.821506394293906,1.6543469085562805,nan,2.31279574479521e-16,nan
student_like,0.5,1,14,simple_average,0.8215063986206758,1.6543469172866647,nan,nan,nan
student_like,0.5,1,14,hebbian,0.8215063986206753,1.6543469172866643,nan,nan,nan
student_like,0.5,1,14,softmax,0.2234549054903189,0.34224521232822175,1.0,nan,nan
student_like,0.5,1,14,oracle_ridge,0.8215063942939063,1.6543469085562812,nan,nan,nan
student_like,0.5,1,15,csm,2.042571285247181,4.801114069272818,nan,3.3883707396364496e-16,nan
student_like,0.5,1,15,simple_average,2.0425712956734894,4.801114094785149,nan,nan,nan
student_like,0.5,1,15,hebbian,2.042571295673489,4.801114094785148,nan,nan,nan
student_like,0.5,1,15,softmax,0.4859379972709361,0.7531823494528531,1.0,nan,nan
student_like,0.5,1,15,oracle_ridge,2.0425712852471802,4.801114069272815,nan,nan,nan
student_like,0.5,2,0,csm,0.43749114048082216,0.8031074111123874,nan,2.9870288968236227e-16,nan
student_like,0.5,2,0,simple_average,0.4374911415681196,0.8031074134015798,nan,nan,nan
student_like,0.5,2,0,hebbian,1.9662809177609348,3.862291595727802,nan,nan,nan
student_like,0.5,2,0,softmax,0.1585542929451323,0.30883420420054225,0.5,nan,nan
student_like,0.5,2,0,oracle_ridge,0.43749114048082205,0.8031074111123875,nan,nan,nan
student_like,0.5,2,1,csm,0.3950793833837325,0.7520132625656304,nan,3.3078365982526657e-16,nan
student_like,0.5,2,1,simple_average,0.39507938440530316,0.7520132641874882,nan,nan,nan
student_like,0.5,2,1,hebbian,1.815740977024372,2.759003346599348,nan,nan,nan
student_like,0.5,2,1,softmax,0.1682342871176126,0.30829136979632266,0.5,nan,nan
student_like,0.5,2,1,oracle_ridge,0.39507938338373266,0.7520132625656306,nan,nan,nan
student_like,0.5,2,2,csm,0.3311695381219836,0.6247059593985822,nan,2.4967784773980873e-16,nan
student_like,0.5,2,2,simple_average,0.33116953884541206,0.6247059609979267,nan,nan,nan
student_like,0.5,2,2,hebbian,1.4745083175510993,2.438856980004878,nan,nan,nan
student_like,0.5,2,2,softmax,0.20655040446017706,0.3479090712069497,0.5,nan,nan
student_like,0.5,2,2,oracle_ridge,0.33116953812198363,0.6247059593985824,nan,nan,nan
student_like,0.5,2,3,csm,0.35032740092256537,0.6959880376116055,nan,3.507790878983879e-16,nan
student_like,0.5,2,3,simple_average,0.3503274018017657,0.6959880396240813,nan,nan,nan
student_like,0.5,2,3,hebbian,1.5982346047886091,3.1022053768051183,nan,nan,nan
student_like,0.5,2,3,softmax,0.16066538446072703,0.3188591574240623,0.5,nan,nan
student_like,0.5,2,3,oracle_ridge,0.3503274009225654,0.695988037611606,nan,nan,nan
student_like,0.5,2,4,csm,0.7028765359824871,1.448782276679592,nan,3.791683674593104e-16,nan
student_like,0.5,2,4,simple_average,0.7028765377848,1.4487822803233996,nan,nan,nan
student_like,0.5,2,4,hebbian,3.121632878760834,6.4673014335403884,nan,nan,nan
student_like,0.5,2,4,softmax,0.20524444191382368,0.39050449068613413,1.0,nan,nan
student_like,0.5,2,4,oracle_ridge,0.7028765359824867,1.4487822766795913,nan,nan,nan
student_like,0.5,2,5,csm,0.3255517405636784,0.5203517519201166,nan,3.1620472733637425e-16,nan
student_like,0.5,2,5,simple_average,0.3255517413688158,0.5203517533194563,nan,nan,nan
student_like,0.5,2,5,hebbian,1.4233529349633556,2.460649436298593,nan,nan,nan
student_like,0.5,2,5,softmax,0.15870460959597113,0.22414357203117,1.0,nan,nan
student_like,0.5,2,5,oracle_ridge,0.3255517405636784,0.5203517519201165,nan,nan,nan
student_like,0.5,2,6,csm,0.23569740102308684,0.5817744043897675,nan,2.373092956705397e-16,nan
student_like,0.5,2,6,simple_average,0.23569740177436882,0.5817744063190257,nan,nan,nan
student_like,0.5,2,6,hebbian,1.381638345003183,3.3726082391902636,nan,nan,nan
student_like,0.5,2,6,softmax,0.09888837825432593,0.16542790416117378,0.5,nan,nan
student_like,0.5,2,6,oracle_ridge,0.23569740102308678,0.5817744043897674,nan,nan,nan
student_like,0.5,2,7,csm,1.3372705125735758,3.237932719706035,nan,2.1023023097063724e-16,nan
student_like,0.5,2,7,simple_average,1.3372705160808958,3.2379327283491017,nan,nan,nan
student_like,0.5,2,7,hebbian,5.85480820798489,13.972348544922614,nan,nan,nan
student_like,0.5,2,7,softmax,0.23797092644119966,0.4331609901522434,1.0,nan,nan
student_like,0.5,2,7,oracle_ridge,1.3372705125735758,3.237932719706036,nan,nan,nan
student_like,0.5,2,8,csm,0.8180471128901033,1.6053674068619115,nan,2.2240444173795007e-16,nan
student_like,0.5,2,8,simple_average,0.818047114797483,1.6053674102816717,nan,nan,nan
student_like,0.5,2,8,hebbian,3.2639403430952934,5.758200512209405,nan,nan,nan
student_like,0.5,2,8,softmax,0.21840059869879913,0.38141757791302067,1.0,nan,nan
student_like,0.5,2,8,oracle_ridge,0.8180471128901035,1.6053674068619117,nan,nan,nan
student_like,0.5,2,9,csm,0.47838903352021245,1.0496220513704329,nan,2.916020161915449e-16,nan
student_like,0.5,2,9,simple_average,0.4783890345481407,1.0496220534696719,nan,nan,nan
student_like,0.5,2,9,hebbian,1.8479087621526067,3.613536600017205,nan,nan,nan
student_like,0.5,2,9,softmax,0.20410638893732486,0.3642353644862883,1.0,nan,nan
student_like,0.5,2,9,oracle_ridge,0.47838903352021245,1.0496220513704329,nan,nan,nan
student_like,0.5,2,10,csm,0.527288095731957,1.2349354860418502,nan,2.5925785510630245e-16,nan
student_like,0.5,2,10,simple_average,0.5272880970716105,1.2349354894258056,nan,nan,nan
student_like,0.5,2,10,hebbian,2.3153692629908313,5.649409939535792,nan,nan,nan
student_like,0.5,2,10,softmax,0.1319183174431293,0.22051454433598755,1.0,nan,nan
student_like,0.5,2,10,oracle_ridge,0.5272880957319571,1.2349354860418504,nan,nan,nan
student_like,0.5,2,11,csm,0.4150778850753243,0.6618192483030477,nan,3.612177644990677e-16,nan
student_like,0.5,2,11,simple_average,0.41507788627967607,0.6618192502848702,nan,nan,nan
student_like,0.5,2,11,hebbian,2.0762716649919515,3.176365886288061,nan,nan,nan
student_like,0.5,2,11,softmax,0.13245598533875755,0.20990712798100108,0.5,nan,nan
student_like,0.5,2,11,oracle_ridge,0.4150778850753243,0.6618192483030476,nan,nan,nan
student_like,0.5,2,12,csm,0.9617149675215106,1.9444319891605688,nan,2.925341394860422e-16,nan
student_like,0.5,2,12,simple_average,0.9617149699037256,1.9444319943757797,nan,nan,nan
student_like,0.5,2,12,hebbian,4.141589528054615,8.631058722184978,nan,nan,nan
student_like,0.5,2,12,softmax,0.23021601145019477,0.4146637460612568,1.0,nan,nan
student_like,0.5,2,12,oracle_ridge,0.9617149675215105,1.9444319891605688,nan,nan,nan
student_like,0.5,2,13,csm,0.7599433621654761,1.4567083748536915,nan,3.7090889740420566e-16,nan
student_like,0.5,2,13,simple_average,0.7599433638376232,1.4567083779534717,nan,nan,nan
student_like,0.5,2,13,hebbian,2.8902121410115913,5.800582532088186,nan,nan,nan
student_like,0.5,2,13,softmax,0.21981155055719953,0.2792702084941843,1.0,nan,nan
student_like,0.5,2,13,oracle_ridge,0.7599433621654764,1.4567083748536918,nan,nan,nan
student_like,0.5,2,14,csm,0.43555581254222775,0.9737329364003129,nan,2.3925899390654526e-16,nan
student_like,0.5,2,14,simple_average,0.43555581363738993,0.9737329386458559,nan,nan,nan
student_like,0.5,2,14,hebbian,2.0214169662556944,4.026430106242524,nan,nan,nan
student_like,0.5,2,14,softmax,0.20717759765528682,0.4164438499733128,0.5,nan,nan
student_like,0.5,2,14,oracle_ridge,0.43555581254222775,0.973732936400313,nan,nan,nan
student_like,0.5,2,15,csm,0.3633020133935688,0.719917363373394,nan,2.4108770030958186e-16,nan
student_like,0.5,2,15,simple_average,0.36330201401350637,0.7199173645430709,nan,nan,nan
student_like,0.5,2,15,hebbian,1.2606546460185581,2.5647233152092848,nan,nan,nan
student_like,0.5,2,15,softmax,0.2880181240144067,0.4768429336715096,0.5,nan,nan
student_like,0.5,2,15,oracle_ridge,0.36330201339356877,0.7199173633733938,nan,nan,nan
student_like,0.5,4,0,csm,0.447024751663765,1.1480660632172057,nan,2.6892995436972787e-16,nan
student_like,0.5,4,0,simple_average,0.44702475228844524,1.1480660647818537,nan,nan,nan
student_like,0.5,4,0,hebbian,10.91318593248446,21.993666856333345,nan,nan,nan
student_like,0.5,4,0,softmax,0.1973566887371148,0.37184333374082984,0.5,nan,nan
student_like,0.5,4,0,oracle_ridge,0.447024751663765,1.1480660632172055,nan,nan,nan
student_like,0.5,4,1,csm,0.2589480434511434,0.5512821044215386,nan,3.3164286662060353e-16,nan
student_like,0.5,4,1,simple_average,0.25894804377190045,0.5512821051718518,nan,nan,nan
student_like,0.5,4,1,hebbian,5.548899712403593,11.331414489359455,nan,nan,nan
student_like,0.5,4,1,softmax,0.14070392939525753,0.255836594772681,0.5,nan,nan
student_like,0.5,4,1,oracle_ridge,0.25894804345114336,0.5512821044215385,nan,nan,nan
student_like,0.5,4,2,csm,0.27855885560743954,0.4448405854102597,nan,2.5196839665899615e-16,nan
student_like,0.5,4,2,simple_average,0.27855885586877116,0.44484058560271994,nan,nan,nan
student_like,0.5,4,2,hebbian,4.958683419456223,8.84874243209882,nan,nan,nan
student_like,0.5,4,2,softmax,0.1847110303615937,0.4170049405805294,0.5,nan,nan
student_like,0.5,4,2,oracle_ridge,0.27855885560743954,0.44484058541025956,nan,nan,nan
student_like,0.5,4,3,csm,0.2434827906592479,0.33973277832776194,nan,2.45358054559654e-16,nan
student_like,0.5,4,3,simple_average,0.24348279099581166,0.3397327787954675,nan,nan,nan
student_like,0.5,4,3,hebbian,6.51822328794673,9.433614969460017,nan,nan,nan
student_like,0.5,4,3,softmax,0.11654257259928263,0.23128352300635022,0.5,nan,nan
student_like,0.5,4,3,oracle_ridge,0.2434827906592479,0.33973277832776194,nan,nan,nan
student_like,0.5,4,4,csm,0.41179882941553864,0.7619428366874292,nan,3.0026411704194956e-16,nan
student_like,0.5,4,4,simple_average,0.4117988298912436,0.7619428374621489,nan,nan,nan
student_like,0.5,4,4,hebbian,7.5316571594752535,20.15176955498685,nan,nan,nan
student_like,0.5,4,4,softmax,0.18638238040798244,0.3485343774591538,1.0,nan,nan
student_like,0.5,4,4,oracle_ridge,0.4117988294155387,0.7619428366874291,nan,nan,nan
student_like,0.5,4,5,csm,0.10555511330918821,0.17928669248020035,nan,2.419599593499929e-16,nan
student_like,0.5,4,5,simple_average,0.10555511341715698,0.1792866926945286,nan,nan,nan
student_like,0.5,4,5,hebbian,3.073576765647994,4.900276059937474,nan,nan,nan
student_like,0.5,4,5,softmax,0.08964374606877498,0.17576208931985635,0.5,nan,nan
student_like,0.5,4,5,oracle_ridge,0.10555511330918821,0.17928669248020032,nan,nan,nan
student_like,0.5,4,6,csm,0.36180033377389864,0.7832918973511173,nan,2.255617921334716e-16,nan
student_like,0.5,4,6,simple_average,0.36180033421652136,0.7832918984185843,nan,nan,nan
student_like,0.5,4,6,hebbian,7.357107412519958,14.941916535452144,nan,nan,nan
student_like,0.5,4,6,softmax,0.16306666403013478,0.3326932800322417,0.5,nan,nan
student_like,0.5,4,6,oracle_ridge,0.3618003337738987,0.7832918973511175,nan,nan,nan
student_like,0.5,4,7,csm,0.1632080352225486,0.31042983303995325,nan,2.4142200998198347e-16,nan
student_like,0.5,4,7,simple_average,0.16320803545275614,0.3104298334193393,nan,nan,nan
student_like,0.5,4,7,hebbian,5.214140643481613,10.665711302524281,nan,nan,nan
student_like,0.5,4,7,softmax,0.07591939122227984,0.12519214266059078,0.5,nan,nan
student_like,0.5,4,7,oracle_ridge,0.16320803522254862,0.3104298330399533,nan,nan,nan
student_like,0.5,4,8,csm,0.5191246566430594,1.1152075686995822,nan,2.0189678802924567e-16,nan
student_like,0.5,4,8,simple_average,0.5191246573144269,1.1152075700199315,nan,nan,nan
student_like,0.5,4,8,hebbian,11.278894002947974,20.441023717801766,nan,nan,nan
student_like,0.5,4,8,softmax,0.2298037606732874,0.36190268572195444,0.5,nan,nan
student_like,0.5,4,8,oracle_ridge,0.5191246566430594,1.1152075686995822,nan,nan,nan
student_like,0.5,4,9,csm,0.2153898715178622,0.5734097794306486,nan,2.633651812479879e-16,nan
student_like,0.5,4,9,simple_average,0.21538987179057809,0.5734097798698181,nan,nan,nan
student_like,0.5,4,9,hebbian,5.600773704709851,11.242791763876776,nan,nan,nan
student_like,0.5,4,9,softmax,0.1234237092690848,0.34651110705447846,0.5,nan,nan
student_like,0.5,4,9,oracle_ridge,0.21538987151786226,0.5734097794306487,nan,nan,nan
student_like,0.5,4,10,csm,0.7104999337173356,1.418640279607747,nan,2.840988080329671e-16,nan
student_like,0.5,4,10,simple_average,0.7104999345872383,1.4186402813539774,nan,nan,nan
student_like,0.5,4,10,hebbian,13.043232403263387,24.08397215470525,nan,nan,nan
student_like,0.5,4,10,softmax,0.22724768501438736,0.3924160377279272,1.0,nan,nan
student_like,0.5,4,10,oracle_ridge,0.7104999337173358,1.4186402796077475,nan,nan,nan
student_like,0.5,4,11,csm,0.4888109290406079,0.9858292107435277,nan,1.8258254476483214e-16,nan
student_like,0.5,4,11,simple_average,0.4888109297122352,0.9858292121216145,nan,nan,nan
student_like,0.5,4,11,hebbian,11.89564896284758,19.81960349601435,nan,nan,nan
student_like,0.5,4,11,softmax,0.24537640248923243,0.3205981783772457,0.5,nan,nan
student_like,0.5,4,11,oracle_ridge,0.48881092904060797,0.9858292107435278,nan,nan,nan
student_like,0.5,4,12,csm,0.23285824598497062,0.3994878093337612,nan,2.70712315250349e-16,nan
student_like,0.5,4,12,simple_average,0.2328582462437257,0.39948780959183167,nan,nan,nan
student_like,0.5,4,12,hebbian,5.792145089752999,9.10204005435402,nan,nan,nan
student_like,0.5,4,12,softmax,0.17249701638949866,0.3211844749600892,0.5,nan,nan
student_like,0.5,4,12,oracle_ridge,0.23285824598497062,0.3994878093337612,nan,nan,nan
student_like,0.5,4,13,csm,0.2022320866174161,0.37558068504411557,nan,3.1189497522681927e-16,nan
student_like,0.5,4,13,simple_average,0.20223208688246475,0.3755806856271764,nan,nan,nan
student_like,0.5,4,13,hebbian,5.747655900331518,10.067346792998947,nan,nan,nan
student_like,0.5,4,13,softmax,0.1306976616233195,0.17741142228633833,0.5,nan,nan
student_like,0.5,4,13,oracle_ridge,0.20223208661741598,0.3755806850441155,nan,nan,nan
student_like,0.5,4,14,csm,0.30074531842821667,0.6437194091616525,nan,2.741779897460406e-16,nan
student_like,0.5,4,14,simple_average,0.3007453189301187,0.6437194100901749,nan,nan,nan
student_like,0.5,4,14,hebbian,8.827215749073346,15.061137614889347,nan,nan,nan
student_like,0.5,4,14,softmax,0.09982317895796645,0.2308662959690203,0.5,nan,nan
student_like,0.5,4,14,oracle_ridge,0.3007453184282167,0.6437194091616525,nan,nan,nan
student_like,0.5,4,15,csm,0.14156923677591404,0.27859537983850385,nan,2.7169723013771787e-16,nan
student_like,0.5,4,15,simple_average,0.14156923697621,0.2785953802621229,nan,nan,nan
student_like,0.5,4,15,hebbian,4.89698190051662,8.811138886436044,nan,nan,nan
student_like,0.5,4,15,softmax,0.09777062372620798,0.19648100979473335,0.5,nan,nan
student_like,0.5,4,15,oracle_ridge,0.14156923677591401,0.2785953798385037,nan,nan,nan
student_like,0.5,8,0,csm,0.14210101220426188,0.45393995504292955,nan,2.9048254337683154e-16,nan
student_like,0.5,8,0,simple_average,0.14210101229244537,0.4539399553971169,nan,nan,nan
student_like,0.5,8,0,hebbian,20.90497393616119,48.59098221572165,nan,nan,nan
student_like,0.5,8,0,softmax,0.10988528095421896,0.2023643493387939,0.5,nan,nan
student_like,0.5,8,0,oracle_ridge,0.14210101220426188,0.45393995504292955,nan,nan,nan
student_like,0.5,8,1,csm,0.10544220444935826,0.21867360953839596,nan,2.8225948684110286e-16,nan
student_like,0.5,8,1,simple_average,0.10544220453226313,0.2186736097198065,nan,nan,nan
student_like,0.5,8,1,hebbian,22.141784395692184,37.1935402295879,nan,nan,nan
student_like,0.5,8,1,softmax,0.09087041544257057,0.1372820618936952,0.5,nan,nan
student_like,0.5,8,1,oracle_ridge,0.10544220444935826,0.2186736095383959,nan,nan,nan
student_like,0.5,8,2,csm,0.06965568251839649,0.13392710044129955,nan,3.3906816301811737e-16,nan
student_like,0.5,8,2,simple_average,0.06965568256595794,0.13392710053234413,nan,nan,nan
student_like,0.5,8,2,hebbian,14.430839887779415,21.033291724603746,nan,nan,nan
student_like,0.5,8,2,softmax,0.06224006342119918,0.12783288029550915,0.5,nan,nan
student_like,0.5,8,2,oracle_ridge,0.06965568251839648,0.1339271004412996,nan,nan,nan
student_like,0.5,8,3,csm,0.10421793893493325,0.15722956930125312,nan,2.5372779389022406e-16,nan
student_like,0.5,8,3,simple_average,0.104217939022157,0.15722956939264773,nan,nan,nan
student_like,0.5,8,3,hebbian,23.243819923454105,41.6084308740202,nan,nan,nan
student_like,0.5,8,3,softmax,0.07609339687624593,0.11666651182648792,0.5,nan,nan
student_like,0.5,8,3,oracle_ridge,0.10421793893493327,0.15722956930125317,nan,nan,nan
student_like,0.5,8,4,csm,0.19457369676424752,0.504031314631874,nan,2.9327006462974056e-16,nan
student_like,0.5,8,4,simple_average,0.1945736968585544,0.5040313148541454,nan,nan,nan
student_like,0.5,8,4,hebbian,19.78571774137503,36.346477931073004,nan,nan,nan
student_like,0.5,8,4,softmax,0.1525804590868015,0.26647078138564473,0.5,nan,nan
student_like,0.5,8,4,oracle_ridge,0.19457369676424752,0.5040313146318739,nan,nan,nan
student_like,0.5,8,5,csm,0.15337005576952528,0.23017292247359358,nan,3.166847670768245e-16,nan
student_like,0.5,8,5,simple_average,0.15337005590328295,0.2301729227048172,nan,nan,nan
student_like,0.5,8,5,hebbian,29.897741671958926,44.53093391781372,nan,nan,nan
student_like,0.5,8,5,softmax,0.09053202299240684,0.16232540150007696,0.5,nan,nan
student_like,0.5,8,5,oracle_ridge,0.15337005576952523,0.2301729224735935,nan,nan,nan
student_like,0.5,8,6,csm,0.12081022786416795,0.1956042936038374,nan,2.24964632319667e-16,nan
student_like,0.5,8,6,simple_average,0.12081022794308068,0.1956042937125079,nan,nan,nan
student_like,0.5,8,6,hebbian,21.28712129051501,40.43598896837922,nan,nan,nan
student_like,0.5,8,6,softmax,0.09104603857442162,0.135725918598464,0.5,nan,nan
student_like,0.5,8,6,oracle_ridge,0.12081022786416798,0.1956042936038374,nan,nan,nan
student_like,0.5,8,7,csm,0.040655499304700554,0.07237253251258781,nan,2.533012915999683e-16,nan
student_like,0.5,8,7,simple_average,0.0406554993270079,0.07237253256183503,nan,nan,nan
student_like,0.5,8,7,hebbian,9.153873526049898,16.12169165720094,nan,nan,nan
student_like,0.5,8,7,softmax,0.04062798524747581,0.07232824858305799,0.1,nan,nan
student_like,0.5,8,7,oracle_ridge,0.04065549930470054,0.07237253251258773,nan,nan,nan
student_like,0.5,8,8,csm,0.10968222277011462,0.21728260922314446,nan,3.0281066078979813e-16,nan
student_like,0.5,8,8,simple_average,0.10968222284570514,0.21728260936153757,nan,nan,nan
student_like,0.5,8,8,hebbian,16.955275509775934,25.69372983967983,nan,nan,nan
student_like,0.5,8,8,softmax,0.0769455093369108,0.1440522424461289,0.5,nan,nan
student_like,0.5,8,8,oracle_ridge,0.1096822227701146,0.21728260922314444,nan,nan,nan
student_like,0.5,8,9,csm,0.08792699429901944,0.13085690493268032,nan,3.587655200626912e-16,nan
student_like,0.5,8,9,simple_average,0.08792699433697508,0.1308569050161951,nan,nan,nan
student_like,0.5,8,9,hebbian,13.897940924244878,33.1457644990632,nan,nan,nan
student_like,0.5,8,9,softmax,0.08787925623890784,0.13076367057663194,0.1,nan,nan
student_like,0.5,8,9,oracle_ridge,0.08792699429901946,0.13085690493268035,nan,nan,nan
student_like,0.5,8,10,csm,0.10909426936615996,0.17312144123790318,nan,2.696315801864943e-16,nan
student_like,0.5,8,10,simple_average,0.10909426946574297,0.17312144140170477,nan,nan,nan
student_like,0.5,8,10,hebbian,23.400030649862835,37.11634893199841,nan,nan,nan
student_like,0.5,8,10,softmax,0.07652308953766913,0.15651614947214498,0.5,nan,nan
student_like,0.5,8,10,oracle_ridge,0.10909426936615993,0.17312144123790316,nan,nan,nan
student_like,0.5,8,11,csm,0.13242059540893036,0.28724927540530504,nan,3.1749440884132244e-16,nan
student_like,0.5,8,11,simple_average,0.13242059551818391,0.2872492756378257,nan,nan,nan
student_like,0.5,8,11,hebbian,25.25983826447507,46.22201548785981,nan,nan,nan
student_like,0.5,8,11,softmax,0.07997634747534516,0.14722524343876486,0.5,nan,nan
student_like,0.5,8,11,oracle_ridge,0.13242059540893036,0.28724927540530504,nan,nan,nan
student_like,0.5,8,12,csm,0.17333493536593952,0.37629545064038217,nan,3.935021949879851e-16,nan
student_like,0.5,8,12,simple_average,0.17333493548181084,0.3762954508817349,nan,nan,nan
student_like,0.5,8,12,hebbian,21.795420120628762,34.28426991901348,nan,nan,nan
student_like,0.5,8,12,softmax,0.07719559341820825,0.1185588137269393,0.5,nan,nan
student_like,0.5,8,12,oracle_ridge,0.17333493536593955,0.37629545064038217,nan,nan,nan
student_like,0.5,8,13,csm,0.3438869512716433,0.8917921043456634,nan,2.2735158474447543e-16,nan
student_like,0.5,8,13,simple_average,0.34388695149835063,0.8917921049162378,nan,nan,nan
student_like,0.5,8,13,hebbian,38.14729437650068,73.80942968107779,nan,nan,nan
student_like,0.5,8,13,softmax,0.12867213585009868,0.27314831414732654,0.5,nan,nan
student_like,0.5,8,13,oracle_ridge,0.34388695127164337,0.8917921043456636,nan,nan,nan
student_like,0.5,8,14,csm,0.19916022890015286,0.42329996546093,nan,2.563903992134219e-16,nan
student_like,0.5,8,14,simple_average,0.19916022903466743,0.4232999657732168,nan,nan,nan
student_like,0.5,8,14,hebbian,23.473521367975835,45.16830861778673,nan,nan,nan
student_like,0.5,8,14,softmax,0.11892121912576394,0.2044530985881132,0.5,nan,nan
student_like,0.5,8,14,oracle_ridge,0.19916022890015295,0.4232999654609301,nan,nan,nan
student_like,0.5,8,15,csm,0.15155188867814978,0.27372803250635064,nan,3.499079613002808e-16,nan
student_like,0.5,8,15,simple_average,0.15155188880390147,0.2737280326327845,nan,nan,nan
student_like,0.5,8,15,hebbian,32.80289283140141,57.68581936243695,nan,nan,nan
student_like,0.5,8,15,softmax,0.08588136297825487,0.14526142023354666,0.5,nan,nan
student_like,0.5,8,15,oracle_ridge,0.1515518886781497,0.2737280325063506,nan,nan,nan
student_like,0.5,16,0,csm,0.08267527669357361,0.12647990571199205,nan,2.73127818248005e-16,nan
student_like,0.5,16,0,simple_average,0.08267527672699168,0.12647990577399543,nan,nan,nan
student_like,0.5,16,0,hebbian,65.00204983940307,106.71445220122011,nan,nan,nan
student_like,0.5,16,0,softmax,0.06440589786980527,0.12488974228873036,0.5,nan,nan
student_like,0.5,16,0,oracle_ridge,0.08267527669357363,0.1264799057119921,nan,nan,nan
student_like,0.5,16,1,csm,0.07793492482169456,0.16219775377557322,nan,2.6103385653421053e-16,nan
student_like,0.5,16,1,simple_average,0.07793492484820103,0.1621977538524452,nan,nan,nan
student_like,0.5,16,1,hebbian,84.10981804816197,141.40963671068903,nan,nan,nan
student_like,0.5,16,1,softmax,0.077891199215885,0.16204822126359586,0.1,nan,nan
student_like,0.5,16,1,oracle_ridge,0.07793492482169456,0.16219775377557322,nan,nan,nan
student_like,0.5,16,2,csm,0.12043304317001251,0.28347408527567164,nan,3.686822832817823e-16,nan
student_like,0.5,16,2,simple_average,0.12043304321691402,0.2834740854000467,nan,nan,nan
student_like,0.5,16,2,hebbian,107.68756506942734,166.2800083646223,nan,nan,nan
student_like,0.5,16,2,softmax,0.08541357070540218,0.14643961434209454,0.5,nan,nan
student_like,0.5,16,2,oracle_ridge,0.12043304317001252,0.28347408527567164,nan,nan,nan
student_like,0.5,16,3,csm,0.05329900749589131,0.07808444257747264,nan,2.2731547556460687e-16,nan
student_like,0.5,16,3,simple_average,0.05329900751447053,0.07808444260632905,nan,nan,nan
student_like,0.5,16,3,hebbian,56.12605925946638,94.09350719928561,nan,nan,nan
student_like,0.5,16,3,softmax,0.053259927785491865,0.07803986938975038,0.1,nan,nan
student_like,0.5,16,3,oracle_ridge,0.05329900749589131,0.07808444257747266,nan,nan,nan
student_like,0.5,16,4,csm,0.07919730903591593,0.13172375253284396,nan,3.3776933351252253e-16,nan
student_like,0.5,16,4,simple_average,0.07919730905868783,0.13172375257860078,nan,nan,nan
student_like,0.5,16,4,hebbian,85.09070264680932,154.7069910198351,nan,nan,nan
student_like,0.5,16,4,softmax,0.07914943425896746,0.13162283045940154,0.1,nan,nan
student_like,0.5,16,4,oracle_ridge,0.07919730903591586,0.13172375253284388,nan,nan,nan
student_like,0.5,16,5,csm,0.07817437845859374,0.12305537991434962,nan,2.1332854873456362e-16,nan
student_like,0.5,16,5,simple_average,0.0781743784901617,0.12305537998852067,nan,nan,nan
student_like,0.5,16,5,hebbian,98.25550823646111,152.46855061230426,nan,nan,nan
student_like,0.5,16,5,softmax,0.07811649694620448,0.12294740987598547,0.1,nan,nan
student_like,0.5,16,5,oracle_ridge,0.07817437845859372,0.12305537991434962,nan,nan,nan
student_like,0.5,16,6,csm,0.051908092786376404,0.07195505247286775,nan,2.2091758147702864e-16,nan
student_like,0.5,16,6,simple_average,0.05190809280486694,0.07195505248648952,nan,nan,nan
student_like,0.5,16,6,hebbian,52.064263861391794,92.22013306671617,nan,nan,nan
student_like,0.5,16,6,softmax,0.05186890126362315,0.07192663642568024,0.1,nan,nan
student_like,0.5,16,6,oracle_ridge,0.05190809278637641,0.07195505247286776,nan,nan,nan
student_like,0.5,16,7,csm,0.05467308398860114,0.117676266019814,nan,3.8053262648083945e-16,nan
student_like,0.5,16,7,simple_average,0.054673084007827354,0.11767626604658521,nan,nan,nan
student_like,0.5,16,7,hebbian,79.0516736256138,115.01116221692959,nan,nan,nan
student_like,0.5,16,7,softmax,0.05464968992990495,0.11766491793199758,0.1,nan,nan
student_like,0.5,16,7,oracle_ridge,0.054673083988601184,0.11767626601981403,nan,nan,nan
student_like,0.5,16,8,csm,0.05100456583695467,0.10444903882266508,nan,2.3317855557106508e-16,nan
student_like,0.5,16,8,simple_average,0.05100456584262497,0.1044490388502956,nan,nan,nan
student_like,0.5,16,8,hebbian,48.96189575534871,73.07554570699894,nan,nan,nan
student_like,0.5,16,8,softmax,0.050992073604716665,0.10438333009722695,0.1,nan,nan
student_like,0.5,16,8,oracle_ridge,0.05100456583695469,0.10444903882266511,nan,nan,nan
student_like,0.5,16,9,csm,0.04829957113172275,0.08639475738374437,nan,2.456448435018075e-16,nan
student_like,0.5,16,9,simple_average,0.0482995711579239,0.08639475742772479,nan,nan,nan
student_like,0.5,16,9,hebbian,87.35154471623923,164.3247785798829,nan,nan,nan
student_like,0.5,16,9,softmax,0.04824342737230174,0.08630874241189188,0.1,nan,nan
student_like,0.5,16,9,oracle_ridge,0.04829957113172277,0.08639475738374443,nan,nan,nan
student_like,0.5,16,10,csm,0.05949790310927173,0.10328971195267389,nan,3.414862996520148e-16,nan
student_like,0.5,16,10,simple_average,0.05949790313322012,0.10328971201199155,nan,nan,nan
student_like,0.5,16,10,hebbian,79.13911051311248,132.01555707475956,nan,nan,nan
student_like,0.5,16,10,softmax,0.059446578857813265,0.10315241327520003,0.1,nan,nan
student_like,0.5,16,10,oracle_ridge,0.059497903109271714,0.10328971195267383,nan,nan,nan
student_like,0.5,16,11,csm,0.08731842365844109,0.18101742962366946,nan,1.9763058469647678e-16,nan
student_like,0.5,16,11,simple_average,0.08731842368604106,0.18101742965884474,nan,nan,nan
student_like,0.5,16,11,hebbian,66.2891506048559,115.21275677973259,nan,nan,nan
student_like,0.5,16,11,softmax,0.07947463215736306,0.14506174366252858,0.5,nan,nan
student_like,0.5,16,11,oracle_ridge,0.0873184236584411,0.18101742962366948,nan,nan,nan
student_like,0.5,16,12,csm,0.03083567826063056,0.05765872890949955,nan,2.7934813168842625e-16,nan
student_like,0.5,16,12,simple_average,0.030835678269491837,0.05765872891872545,nan,nan,nan
student_like,0.5,16,12,hebbian,46.70555225786907,89.95674594375322,nan,nan,nan
student_like,0.5,16,12,softmax,0.030814612981230685,0.05763341816655524,0.1,nan,nan
student_like,0.5,16,12,oracle_ridge,0.030835678260630557,0.05765872890949957,nan,nan,nan
student_like,0.5,16,13,csm,0.0935780618142232,0.14564681002323798,nan,3.188470392807e-16,nan
student_like,0.5,16,13,simple_average,0.09357806185756917,0.14564681008493588,nan,nan,nan
student_like,0.5,16,13,hebbian,81.6056004219896,119.77186380845191,nan,nan,nan
student_like,0.5,16,13,softmax,0.04830214226339927,0.07140110181464479,0.5,nan,nan
student_like,0.5,16,13,oracle_ridge,0.09357806181422323,0.145646810023238,nan,nan,nan
student_like,0.5,16,14,csm,0.05167480598947272,0.09226160900253642,nan,2.367806349548043e-16,nan
student_like,0.5,16,14,simple_average,0.0516748060021424,0.09226160901219546,nan,nan,nan
student_like,0.5,16,14,hebbian,62.95948599053496,153.8064294726401,nan,nan,nan
student_like,0.5,16,14,softmax,0.051646037767239965,0.09224031529740175,0.1,nan,nan
student_like,0.5,16,14,oracle_ridge,0.051674805989472695,0.09226160900253642,nan,nan,nan
student_like,0.5,16,15,csm,0.0599644556658742,0.14596801600948464,nan,2.608142669630775e-16,nan
student_like,0.5,16,15,simple_average,0.059964455689612325,0.14596801608145543,nan,nan,nan
student_like,0.5,16,15,hebbian,102.8353754424061,209.8591469881996,nan,nan,nan
student_like,0.5,16,15,softmax,0.05991159396792348,0.14579567830451304,0.1,nan,nan
student_like,0.5,16,15,oracle_ridge,0.05996445566587421,0.14596801600948456,nan,nan,nan
student_like,1.0,1,0,csm,2.9720395814373903,4.85763861387731,nan,3.0858555216452656e-16,nan
student_like,1.0,1,0,simple_average,2.9720396375936646,4.857638702461998,nan,nan,nan
student_like,1.0,1,0,hebbian,2.9720396375936646,4.8576387024619985,nan,nan,nan
student_like,1.0,1,0,softmax,0.7203111245635458,1.4253758765440998,1.0,nan,nan
student_like,1.0,1,0,oracle_ridge,2.9720395814373903,4.85763861387731,nan,nan,nan
student_like,1.0,1,1,csm,6.312194387800752,14.076383643064146,nan,2.135307698012707e-16,nan
student_like,1.0,1,1,simple_average,6.312194513406947,14.076383924018877,nan,nan,nan
student_like,1.0,1,1,hebbian,6.312194513406948,14.076383924018884,nan,nan,nan
student_like,1.0,1,1,softmax,1.2494305252024773,2.2894173830286766,1.0,nan,nan
student_like,1.0,1,1,oracle_ridge,6.312194387800751,14.076383643064146,nan,nan,nan
student_like,1.0,1,2,csm,2.049990540138051,3.0908867850686192,nan,2.442799546352322e-16,nan
student_like,1.0,1,2,simple_average,2.049990581050233,3.090886851032528,nan,nan,nan
student_like,1.0,1,2,hebbian,2.049990581050233,3.090886851032527,nan,nan,nan
student_like,1.0,1,2,softmax,0.5426547522854431,0.8302216580504835,1.0,nan,nan
student_like,1.0,1,2,oracle_ridge,2.0499905401380505,3.0908867850686192,nan,nan,nan
student_like,1.0,1,3,csm,1.8171711752689061,3.1044696469173476,nan,2.2732263941729905e-16,nan
student_like,1.0,1,3,simple_average,1.8171712140719993,3.1044697087829567,nan,nan,nan
student_like,1.0,1,3,hebbian,1.8171712140719982,3.1044697087829554,nan,nan,nan
student_like,1.0,1,3,softmax,0.3826033479335165,0.5164209224111985,1.0,nan,nan
student_like,1.0,1,3,oracle_ridge,1.8171711752689061,3.104469646917348,nan,nan,nan
student_like,1.0,1,4,csm,1.973891992219054,2.9599065973189407,nan,2.613284576138253e-16,nan
student_like,1.0,1,4,simple_average,1.9738920318755646,2.9599066595387464,nan,nan,nan
student_like,1.0,1,4,hebbian,1.973892031875565,2.9599066595387478,nan,nan,nan
student_like,1.0,1,4,softmax,0.2816949771145202,0.469791893905521,1.0,nan,nan
student_like,1.0,1,4,oracle_ridge,1.9738919922190548,2.959906597318942,nan,nan,nan
student_like,1.0,1,5,csm,9.629693989103227,22.550513132766977,nan,3.470901159942743e-16,nan
student_like,1.0,1,5,simple_average,9.629694188853811,22.55051359287765,nan,nan,nan
student_like,1.0,1,5,hebbian,9.629694188853815,22.55051359287766,nan,nan,nan
student_like,1.0,1,5,softmax,1.249584362771215,2.2791461844560743,1.0,nan,nan
student_like,1.0,1,5,oracle_ridge,9.629693989103222,22.550513132766966,nan,nan,nan
student_like,1.0,1,6,csm,1.19421958695914,2.084743350249537,nan,3.6535282247411348e-16,nan
student_like,1.0,1,6,simple_average,1.1942196102134703,2.0847433919922302,nan,nan,nan
student_like,1.0,1,6,hebbian,1.1942196102134701,2.0847433919922307,nan,nan,nan
student_like,1.0,1,6,softmax,0.29436046675892236,0.5268354707762591,1.0,nan,nan
student_like,1.0,1,6,oracle_ridge,1.1942195869591399,2.0847433502495365,nan,nan,nan
student_like,1.0,1,7,csm,4.436574207698549,10.096218576070479,nan,2.7932070251756876e-16,nan
student_like,1.0,1,7,simple_average,4.436574293555279,10.096218780494176,nan,nan,nan
student_like,1.0,1,7,hebbian,4.436574293555276,10.09621878049417,nan,nan,nan
student_like,1.0,1,7,softmax,0.9075926578323334,2.071162625845206,1.0,nan,nan
student_like,1.0,1,7,oracle_ridge,4.43657420769855,10.096218576070482,nan,nan,nan
student_like,1.0,1,8,csm,4.44834383597963,9.441107669951013,nan,1.8657339441727912e-16,nan
student_like,1.0,1,8,simple_average,4.448343919176869,9.441107851953237,nan,nan,nan
student_like,1.0,1,8,hebbian,4.448343919176869,9.441107851953237,nan,nan,nan
student_like,1.0,1,8,softmax,0.7755116263827668,1.4510469444384104,1.0,nan,nan
student_like,1.0,1,8,oracle_ridge,4.448343835979631,9.441107669951013,nan,nan,nan
student_like,1.0,1,9,csm,6.28082893695456,13.515084506608419,nan,3.4595987675614186e-16,nan
student_like,1.0,1,9,simple_average,6.280829063746616,13.515084776729076,nan,nan,nan
student_like,1.0,1,9,hebbian,6.2808290637466175,13.51508477672908,nan,nan,nan
student_like,1.0,1,9,softmax,0.5779881824113207,1.0048316342309729,1.0,nan,nan
student_like,1.0,1,9,oracle_ridge,6.280828936954556,13.515084506608414,nan,nan,nan
student_like,1.0,1,10,csm,1.6197657093045073,2.841370434942585,nan,2.761301526870398e-16,nan
student_like,1.0,1,10,simple_average,1.6197657408399033,2.841370483966341,nan,nan,nan
student_like,1.0,1,10,hebbian,1.6197657408399035,2.841370483966341,nan,nan,nan
student_like,1.0,1,10,softmax,0.3789463004558403,0.7050508582932336,1.0,nan,nan
student_like,1.0,1,10,oracle_ridge,1.6197657093045068,2.8413704349425846,nan,nan,nan
student_like,1.0,1,11,csm,1.6142560058582607,3.954824739422468,nan,2.3217828763417353e-16,nan
student_like,1.0,1,11,simple_average,1.6142560373873431,3.954824821279945,nan,nan,nan
student_like,1.0,1,11,hebbian,1.6142560373873431,3.9548248212799444,nan,nan,nan
student_like,1.0,1,11,softmax,0.37338452654297105,0.7989816456103238,1.0,nan,nan
student_like,1.0,1,11,oracle_ridge,1.6142560058582607,3.954824739422467,nan,nan,nan
student_like,1.0,1,12,csm,1.5603302317371726,2.3224186065187213,nan,2.307450398144085e-16,nan
student_like,1.0,1,12,simple_average,1.5603302611565861,2.3224186516904695,nan,nan,nan
student_like,1.0,1,12,hebbian,1.5603302611565866,2.322418651690471,nan,nan,nan
student_like,1.0,1,12,softmax,0.6601422257816605,0.936655776073794,1.0,nan,nan
student_like,1.0,1,12,oracle_ridge,1.5603302317371728,2.322418606518721,nan,nan,nan
student_like,1.0,1,13,csm,1.4659268876917864,2.3237539087835826,nan,3.495240925193818e-16,nan
student_like,1.0,1,13,simple_average,1.4659269184855988,2.3237539620627303,nan,nan,nan
student_like,1.0,1,13,hebbian,1.4659269184855983,2.3237539620627294,nan,nan,nan
student_like,1.0,1,13,softmax,0.24881967417586115,0.39227270467829933,1.0,nan,nan
student_like,1.0,1,13,oracle_ridge,1.4659268876917864,2.3237539087835812,nan,nan,nan
student_like,1.0,1,14,csm,3.28602552700829,6.61738753312971,nan,2.69354581565734e-16,nan
student_like,1.0,1,14,simple_average,3.286025594482703,6.617387669146659,nan,nan,nan
student_like,1.0,1,14,hebbian,3.286025594482702,6.617387669146658,nan,nan,nan
student_like,1.0,1,14,softmax,0.552217849522743,0.9414384092333941,1.0,nan,nan
student_like,1.0,1,14,oracle_ridge,3.2860255270082908,6.617387533129713,nan,nan,nan
student_like,1.0,1,15,csm,8.170285017580643,19.204455982997388,nan,2.456730141400229e-16,nan
student_like,1.0,1,15,simple_average,8.170285182693958,19.204456379140595,nan,nan,nan
student_like,1.0,1,15,hebbian,8.170285182693965,19.20445637914061,nan,nan,nan
student_like,1.0,1,15,softmax,1.4031321849065468,2.173923157484473,1.0,nan,nan
student_like,1.0,1,15,oracle_ridge,8.170285017580644,19.20445598299739,nan,nan,nan
student_like,1.0,2,0,csm,1.7499645488242765,3.2124296192306336,nan,3.600015006705172e-16,nan
student_like,1.0,2,0,simple_average,1.7499645662724788,3.2124296536063204,nan,nan,nan
student_like,1.0,2,0,hebbian,7.2058859203526,13.8655904911277,nan,nan,nan
student_like,1.0,2,0,softmax,0.2830219896815176,0.39090404510410287,1.0,nan,nan
student_like,1.0,2,0,oracle_ridge,1.749964548824277,3.2124296192306345,nan,nan,nan
student_like,1.0,2,1,csm,1.580317521547061,3.0080530287348286,nan,3.109364487649805e-16,nan
student_like,1.0,2,1,simple_average,1.5803175376212129,3.008053056749952,nan,nan,nan
student_like,1.0,2,1,hebbian,6.610888861024586,11.358144720083914,nan,nan,nan
student_like,1.0,2,1,softmax,0.34906181068461395,0.5694762147936969,1.0,nan,nan
student_like,1.0,2,1,oracle_ridge,1.580317521547061,3.008053028734829,nan,nan,nan
student_like,1.0,2,2,csm,1.3246781429708303,2.498823818702832,nan,2.945245805070678e-16,nan
student_like,1.0,2,2,simple_average,1.3246781553816482,2.498823843991707,nan,nan,nan
student_like,1.0,2,2,hebbian,5.281350052086579,9.740791514507444,nan,nan,nan
student_like,1.0,2,2,softmax,0.3840136814271978,0.5834757641156094,1.0,nan,nan
student_like,1.0,2,2,oracle_ridge,1.3246781429708303,2.4988238187028333,nan,nan,nan
student_like,1.0,2,3,csm,1.4013095931669122,2.7839521284767583,nan,3.4648239069533205e-16,nan
student_like,1.0,2,3,simple_average,1.4013096072070625,2.7839521584963247,nan,nan,nan
student_like,1.0,2,3,hebbian,5.807574328772306,12.088813781560077,nan,nan,nan
student_like,1.0,2,3,softmax,0.36984885460707795,0.6227935191389627,1.0,nan,nan
student_like,1.0,2,3,oracle_ridge,1.4013095931669126,2.78395212847676,nan,nan,nan
student_like,1.0,2,4,csm,2.811506122663164,5.795129063167489,nan,2.0966758357696115e-16,nan
student_like,1.0,2,4,simple_average,2.8115061511392,5.7951291212935985,nan,nan,nan
student_like,1.0,2,4,hebbian,11.628346087139402,23.56125223318036,nan,nan,nan
student_like,1.0,2,4,softmax,0.3841485970435038,0.7803187137933568,1.0,nan,nan
student_like,1.0,2,4,oracle_ridge,2.8115061226631637,5.795129063167488,nan,nan,nan
student_like,1.0,2,5,csm,1.3022069525231292,2.0814069916760722,nan,2.9890172869182863e-16,nan
student_like,1.0,2,5,simple_average,1.302206965475263,2.0814070132778246,nan,nan,nan
student_like,1.0,2,5,hebbian,5.315986739934663,8.862407118489134,nan,nan,nan
student_like,1.0,2,5,softmax,0.36480018406235737,0.5113584089737782,1.0,nan,nan
student_like,1.0,2,5,oracle_ridge,1.3022069525231288,2.081406991676072,nan,nan,nan
student_like,1.0,2,6,csm,0.9427895963732713,2.3270975982065476,nan,1.7861981975504574e-16,nan
student_like,1.0,2,6,simple_average,0.9427896070974753,2.3270976252761026,nan,nan,nan
student_like,1.0,2,6,hebbian,4.469268721971917,11.11361693372855,nan,nan,nan
student_like,1.0,2,6,softmax,0.256161374469123,0.3333076199322796,1.0,nan,nan
student_like,1.0,2,6,oracle_ridge,0.9427895963732714,2.3270975982065476,nan,nan,nan
student_like,1.0,2,7,csm,5.349082009519613,12.951730779493221,nan,2.2946986689782346e-16,nan
student_like,1.0,2,7,simple_average,5.34908206432358,12.951730913396402,nan,nan,nan
student_like,1.0,2,7,hebbian,22.164684107342943,53.704715791979815,nan,nan,nan
student_like,1.0,2,7,softmax,0.5947159250626208,1.0062764578099388,1.0,nan,nan
student_like,1.0,2,7,oracle_ridge,5.349082009519613,12.951730779493223,nan,nan,nan
student_like,1.0,2,8,csm,3.272188427569953,6.421469581661259,nan,2.0504140692841783e-16,nan
student_like,1.0,2,8,simple_average,3.2721884591899326,6.421469641126686,nan,nan,nan
student_like,1.0,2,8,hebbian,12.860124875688186,23.94207344635107,nan,nan,nan
student_like,1.0,2,8,softmax,0.5019462157930306,0.9379764702395068,1.0,nan,nan
student_like,1.0,2,8,oracle_ridge,3.2721884275699535,6.421469581661259,nan,nan,nan
student_like,1.0,2,9,csm,1.9135561204013554,4.198488176092332,nan,2.2865626031373416e-16,nan
student_like,1.0,2,9,simple_average,1.9135561381925625,4.198488213878687,nan,nan,nan
student_like,1.0,2,9,hebbian,7.3197064020500715,15.369295986501136,nan,nan,nan
student_like,1.0,2,9,softmax,0.3688411000755424,0.7335738877640202,1.0,nan,nan
student_like,1.0,2,9,oracle_ridge,1.9135561204013554,4.198488176092332,nan,nan,nan
student_like,1.0,2,10,csm,2.1091523670234507,4.939741905932864,nan,2.4338187322831197e-16,nan
student_like,1.0,2,10,simple_average,2.109152388286442,4.939741957703222,nan,nan,nan
student_like,1.0,2,10,hebbian,8.677120027656624,20.94322354948062,nan,nan,nan
student_like,1.0,2,10,softmax,0.2542765930236039,0.4608211928407226,1.0,nan,nan
student_like,1.0,2,10,oracle_ridge,2.10915236702345,4.939741905932864,nan,nan,nan
student_like,1.0,2,11,csm,1.6603115271823325,2.6472769720485165,nan,3.4648723812527944e-16,nan
student_like,1.0,2,11,simple_average,1.6603115451187043,2.647277001139481,nan,nan,nan
student_like,1.0,2,11,hebbian,7.323857635099455,11.579453669371167,nan,nan,nan
student_like,1.0,2,11,softmax,0.3126267826912241,0.5153032592112076,1.0,nan,nan
student_like,1.0,2,11,oracle_ridge,1.660311527182332,2.6472769720485165,nan,nan,nan
student_like,1.0,2,12,csm,3.8468598413228845,7.777727896892792,nan,2.9618429840667465e-16,nan
student_like,1.0,2,12,simple_average,3.846859879614903,7.777727977503121,nan,nan,nan
student_like,1.0,2,12,hebbian,15.646853140527414,32.530852293106165,nan,nan,nan
student_like,1.0,2,12,softmax,0.3341326808746752,0.5816838411832866,1.0,nan,nan
student_like,1.0,2,12,oracle_ridge,3.846859841322884,7.777727896892793,nan,nan,nan
student_like,1.0,2,13,csm,3.0397734267744503,5.826833457881481,nan,3.498558408263346e-16,nan
student_like,1.0,2,13,simple_average,3.0397734553504927,5.826833511813887,nan,nan,nan
student_like,1.0,2,13,hebbian,11.64519428053451,22.889959718032177,nan,nan,nan
student_like,1.0,2,13,softmax,0.40877311935113914,0.6129367957351906,1.0,nan,nan
student_like,1.0,2,13,oracle_ridge,3.0397734267744494,5.826833457881477,nan,nan,nan
student_like,1.0,2,14,csm,1.7422232370771449,3.89493171714442,nan,2.927676249590096e-16,nan
student_like,1.0,2,14,simple_average,1.7422232545495597,3.8949317545834234,nan,nan,nan
student_like,1.0,2,14,hebbian,7.258123285125299,15.409162768779073,nan,nan,nan
student_like,1.0,2,14,softmax,0.4032653510695228,0.7424123554008626,1.0,nan,nan
student_like,1.0,2,14,oracle_ridge,1.742223237077145,3.89493171714442,nan,nan,nan
student_like,1.0,2,15,csm,1.453208043828485,2.879669434416521,nan,4.411321299920307e-16,nan
student_like,1.0,2,15,simple_average,1.4532080560540253,2.8796694581722826,nan,nan,nan
student_like,1.0,2,15,hebbian,5.158970809488849,9.754226631324872,nan,nan,nan
student_like,1.0,2,15,softmax,0.7508973697754985,1.1727491003443673,1.0,nan,nan
student_like,1.0,2,15,oracle_ridge,1.4532080438284847,2.879669434416521,nan,nan,nan
student_like,1.0,4,0,csm,1.7880989996860912,4.59226423512957,nan,2.140499216388053e-16,nan
student_like,1.0,4,0,simple_average,1.7880990091537812,4.592264259127416,nan,nan,nan
student_like,1.0,4,0,hebbian,33.6356418075825,79.58849634473248,nan,nan,nan
student_like,1.0,4,0,softmax,0.46909415057584103,0.7778427720025404,1.0,nan,nan
student_like,1.0,4,0,oracle_ridge,1.7880989996860908,4.592264235129569,nan,nan,nan
student_like,1.0,4,1,csm,1.0357921699320647,2.205128409172079,nan,2.322891760504721e-16,nan
student_like,1.0,4,1,simple_average,1.0357921750876018,2.2051284206874073,nan,nan,nan
student_like,1.0,4,1,hebbian,17.922188460675002,38.96820234139162,nan,nan,nan
student_like,1.0,4,1,softmax,0.32550502430449374,0.5146444893543897,1.0,nan,nan
student_like,1.0,4,1,oracle_ridge,1.0357921699320647,2.2051284091720786,nan,nan,nan
student_like,1.0,4,2,csm,1.1142354185988435,1.7793623364227924,nan,3.0030640331454745e-16,nan
student_like,1.0,4,2,simple_average,1.1142354234750846,1.7793623424108795,nan,nan,nan
student_like,1.0,4,2,hebbian,16.661660399393426,24.969686162184352,nan,nan,nan
student_like,1.0,4,2,softmax,0.3562873591538445,0.8004089903090799,1.0,nan,nan
student_like,1.0,4,2,oracle_ridge,1.1142354185988435,1.7793623364227928,nan,nan,nan
student_like,1.0,4,3,csm,0.973931158855909,1.3589311080428976,nan,2.3983123460170775e-16,nan
student_like,1.0,4,3,simple_average,0.9739311639832466,1.35893111518187,nan,nan,nan
student_like,1.0,4,3,hebbian,18.823833206953324,28.060267249111202,nan,nan,nan
student_like,1.0,4,3,softmax,0.2202823444377095,0.3708871612410416,1.0,nan,nan
student_like,1.0,4,3,oracle_ridge,0.9739311588559088,1.3589311080428976,nan,nan,nan
student_like,1.0,4,4,csm,1.6471953116413474,3.047771336031409,nan,2.0561285235257428e-16,nan
student_like,1.0,4,4,simple_average,1.6471953195649742,3.0477713498485954,nan,nan,nan
student_like,1.0,4,4,hebbian,26.54836085175389,55.128879660765115,nan,nan,nan
student_like,1.0,4,4,softmax,0.380763351796437,0.5968171231903002,1.0,nan,nan
student_like,1.0,4,4,oracle_ridge,1.6471953116413474,3.0477713360314085,nan,nan,nan
student_like,1.0,4,5,csm,0.4222204517493263,0.7171467672706211,nan,2.7955885477821813e-16,nan
student_like,1.0,4,5,simple_average,0.4222204536686279,0.7171467707781142,nan,nan,nan
student_like,1.0,4,5,hebbian,7.679900699921578,13.41846719167144,nan,nan,nan
student_like,1.0,4,5,softmax,0.17164813504914717,0.3432712016257374,1.0,nan,nan
student_like,1.0,4,5,oracle_ridge,0.4222204517493262,0.7171467672706208,nan,nan,nan
student_like,1.0,4,6,csm,1.447201329707101,3.133167577301683,nan,2.686684666848911e-16,nan
student_like,1.0,4,6,simple_average,1.4472013368660854,3.133167593674337,nan,nan,nan
student_like,1.0,4,6,hebbian,24.53866919983038,54.236282557147064,nan,nan,nan
student_like,1.0,4,6,softmax,0.34381195333635695,0.5161614883095013,1.0,nan,nan
student_like,1.0,4,6,oracle_ridge,1.447201329707101,3.1331675773016836,nan,nan,nan
student_like,1.0,4,7,csm,0.6528321383372839,1.2417193275379714,nan,3.9460777663329644e-16,nan
student_like,1.0,4,7,simple_average,0.6528321418110244,1.2417193336773567,nan,nan,nan
student_like,1.0,4,7,hebbian,13.551117827893624,26.61784639403679,nan,nan,nan
student_like,1.0,4,7,softmax,0.1333015950369096,0.21175597518375971,1.0,nan,nan
student_like,1.0,4,7,oracle_ridge,0.6528321383372842,1.2417193275379717,nan,nan,nan
student_like,1.0,4,8,csm,2.0764986186955228,4.460830258364857,nan,3.0521637387758614e-16,nan
student_like,1.0,4,8,simple_average,2.076498629257708,4.460830280079726,nan,nan,nan
student_like,1.0,4,8,hebbian,36.62813675484725,70.29512046697226,nan,nan,nan
student_like,1.0,4,8,softmax,0.5114943562761127,0.6843073487886202,1.0,nan,nan
student_like,1.0,4,8,oracle_ridge,2.0764986186955223,4.460830258364856,nan,nan,nan
student_like,1.0,4,9,csm,0.8615594828266864,2.2936391102318185,nan,3.6965535016229884e-16,nan
student_like,1.0,4,9,simple_average,0.8615594871623122,2.2936391194792725,nan,nan,nan
student_like,1.0,4,9,hebbian,16.006275750412954,27.800397859025963,nan,nan,nan
student_like,1.0,4,9,softmax,0.2983912450243361,0.7016714252460822,1.0,nan,nan
student_like,1.0,4,9,oracle_ridge,0.8615594828266866,2.2936391102318194,nan,nan,nan
student_like,1.0,4,10,csm,2.8419997242847335,5.674561097259667,nan,2.5382398336021685e-16,nan
student_like,1.0,4,10,simple_average,2.841999738348953,5.674561125415908,nan,nan,nan
student_like,1.0,4,10,hebbian,46.79736172051422,91.65895512234256,nan,nan,nan
student_like,1.0,4,10,softmax,0.44260942864003566,0.8488224899338194,1.0,nan,nan
student_like,1.0,4,10,oracle_ridge,2.841999724284733,5.674561097259667,nan,nan,nan
student_like,1.0,4,11,csm,1.9552437085878147,3.9433168276034753,nan,2.6049458140983005e-16,nan
student_like,1.0,4,11,simple_average,1.9552437188489402,3.9433168484864565,nan,nan,nan
student_like,1.0,4,11,hebbian,36.52235131587863,69.93875859417088,nan,nan,nan
student_like,1.0,4,11,softmax,0.6129672788035612,0.8679375787972284,1.0,nan,nan
student_like,1.0,4,11,oracle_ridge,1.9552437085878145,3.943316827603476,nan,nan,nan
student_like,1.0,4,12,csm,0.9314329805762793,1.5979512323078848,nan,3.228518986182056e-16,nan
student_like,1.0,4,12,simple_average,0.9314329849749029,1.5979512383673264,nan,nan,nan
student_like,1.0,4,12,hebbian,16.348841521456656,22.771884808867654,nan,nan,nan
student_like,1.0,4,12,softmax,0.36395676252775305,0.6236823826948384,1.0,nan,nan
student_like,1.0,4,12,oracle_ridge,0.9314329805762795,1.597951232307885,nan,nan,nan
student_like,1.0,4,13,csm,0.8089283433871484,1.5023227340884098,nan,2.7930592051968055e-16,nan
student_like,1.0,4,13,simple_average,0.8089283475298592,1.5023227425087056,nan,nan,nan
student_like,1.0,4,13,hebbian,15.690161218925606,28.106857630076693,nan,nan,nan
student_like,1.0,4,13,softmax,0.3725765607950997,0.5021106365668794,1.0,nan,nan
student_like,1.0,4,13,oracle_ridge,0.8089283433871486,1.5023227340884107,nan,nan,nan
student_like,1.0,4,14,csm,1.2029812686978065,2.57487762649533,nan,3.037225595357783e-16,nan
student_like,1.0,4,14,simple_average,1.2029812757204743,2.574877640360698,nan,nan,nan
student_like,1.0,4,14,hebbian,25.68161813560537,46.729916510433384,nan,nan,nan
student_like,1.0,4,14,softmax,0.2507219303869628,0.4094302258905699,1.0,nan,nan
student_like,1.0,4,14,oracle_ridge,1.2029812686978067,2.574877626495331,nan,nan,nan
student_like,1.0,4,15,csm,0.5662769448867804,1.1143815148735865,nan,2.7021242121824176e-16,nan
student_like,1.0,4,15,simple_average,0.5662769479048401,1.1143815210484918,nan,nan,nan
student_like,1.0,4,15,hebbian,12.140324863008555,23.15607980451962,nan,nan,nan
student_like,1.0,4,15,softmax,0.19471877009330735,0.4197835352204496,0.5,nan,nan
student_like,1.0,4,15,oracle_ridge,0.5662769448867806,1.1143815148735865,nan,nan,nan
student_like,1.0,8,0,csm,0.5684040477538083,1.8157598164852684,nan,3.3979393659728707e-16,nan
student_like,1.0,8,0,simple_average,0.5684040491697817,1.815759821588468,nan,nan,nan
student_like,1.0,8,0,hebbian,48.07554248036907,135.0188631504575,nan,nan,nan
student_like,1.0,8,0,softmax,0.2506999474102188,0.45815889596590936,1.0,nan,nan
student_like,1.0,8,0,oracle_ridge,0.5684040477538084,1.8157598164852689,nan,nan,nan
student_like,1.0,8,1,csm,0.42176881693860246,0.8746944363345742,nan,2.3349163881245325e-16,nan
student_like,1.0,8,1,simple_average,0.4217688181290524,0.8746944388792259,nan,nan,nan
student_like,1.0,8,1,hebbian,45.43371691091416,81.76299282419791,nan,nan,nan
student_like,1.0,8,1,softmax,0.16635540690222764,0.28650171864239976,0.5,nan,nan
student_like,1.0,8,1,oracle_ridge,0.4217688169386026,0.8746944363345744,nan,nan,nan
student_like,1.0,8,2,csm,0.27862272953506173,0.5357084007313849,nan,2.5886382657522697e-16,nan
student_like,1.0,8,2,simple_average,0.27862273026383183,0.5357084021293766,nan,nan,nan
student_like,1.0,8,2,hebbian,28.52630849206281,47.63520110362074,nan,nan,nan
student_like,1.0,8,2,softmax,0.11568729506263109,0.23894222108176555,0.5,nan,nan
student_like,1.0,8,2,oracle_ridge,0.2786227295350616,0.5357084007313846,nan,nan,nan
student_like,1.0,8,3,csm,0.41687175486974803,0.6289182760532868,nan,2.793953639244087e-16,nan
student_like,1.0,8,3,simple_average,0.4168717560886279,0.6289182775705909,nan,nan,nan
student_like,1.0,8,3,hebbian,47.21176343810254,88.14686331962139,nan,nan,nan
student_like,1.0,8,3,softmax,0.16061020340945342,0.257795913789965,0.5,nan,nan
student_like,1.0,8,3,oracle_ridge,0.41687175486974803,0.6289182760532865,nan,nan,nan
student_like,1.0,8,4,csm,0.7782947857068938,2.0161252551182534,nan,2.735363538413338e-16,nan
student_like,1.0,8,4,simple_average,0.7782947874342178,2.016125259416582,nan,nan,nan
student_like,1.0,8,4,hebbian,52.25141570070474,107.69099634033336,nan,nan,nan
student_like,1.0,8,4,softmax,0.3187127134289882,0.4801068493891249,1.0,nan,nan
student_like,1.0,8,4,oracle_ridge,0.7782947857068938,2.016125255118253,nan,nan,nan
student_like,1.0,8,5,csm,0.6134802217762212,0.9206916878186167,nan,2.6200176961070256e-16,nan
student_like,1.0,8,5,simple_average,0.6134802236131317,0.9206916908192686,nan,nan,nan
student_like,1.0,8,5,hebbian,66.1366864730746,95.06159026391953,nan,nan,nan
student_like,1.0,8,5,softmax,0.18205778048155374,0.30733881658614837,0.5,nan,nan
student_like,1.0,8,5,oracle_ridge,0.6134802217762213,0.9206916878186168,nan,nan,nan
student_like,1.0,8,6,csm,0.48324091053697005,0.7824171730026461,nan,2.6983665337945273e-16,nan
student_like,1.0,8,6,simple_average,0.4832409117723226,0.7824171748500314,nan,nan,nan
student_like,1.0,8,6,hebbian,45.09309111131756,79.46864030640205,nan,nan,nan
student_like,1.0,8,6,softmax,0.19564898822097912,0.36760251798779714,0.5,nan,nan
student_like,1.0,8,6,oracle_ridge,0.4832409105369701,0.7824171730026463,nan,nan,nan
student_like,1.0,8,7,csm,0.16262199692629545,0.2894901294914999,nan,2.506744228065133e-16,nan
student_like,1.0,8,7,simple_average,0.1626219973080316,0.2894901302473401,nan,nan,nan
student_like,1.0,8,7,hebbian,16.40378675789492,25.664012029982125,nan,nan,nan
student_like,1.0,8,7,softmax,0.07808693401227654,0.1479446439470105,0.5,nan,nan
student_like,1.0,8,7,oracle_ridge,0.16262199692629548,0.2894901294914999,nan,nan,nan
student_like,1.0,8,8,csm,0.43872889022968503,0.8691304352525926,nan,4.815926470342834e-16,nan
student_like,1.0,8,8,simple_average,0.4387288913828205,0.8691304374461502,nan,nan,nan
student_like,1.0,8,8,hebbian,39.27568162191056,58.90129103035588,nan,nan,nan
student_like,1.0,8,8,softmax,0.16047846367679158,0.27437619438709243,0.5,nan,nan
student_like,1.0,8,8,oracle_ridge,0.43872889022968514,0.8691304352525929,nan,nan,nan
student_like,1.0,8,9,csm,0.3517079766046205,0.5234276187423782,nan,2.574656738743229e-16,nan
student_like,1.0,8,9,simple_average,0.3517079773479003,0.5234276200647805,nan,nan,nan
student_like,1.0,8,9,hebbian,27.733743053617005,64.61921634887932,nan,nan,nan
student_like,1.0,8,9,softmax,0.1918905700955411,0.2690896094323109,0.5,nan,nan
student_like,1.0,8,9,oracle_ridge,0.3517079766046205,0.5234276187423782,nan,nan,nan
student_like,1.0,8,10,csm,0.43637707652083635,0.6924857634307997,nan,3.112653818046526e-16,nan
student_like,1.0,8,10,simple_average,0.43637707786297175,0.6924857656068188,nan,nan,nan
student_like,1.0,8,10,hebbian,49.97284940084843,75.46119505392045,nan,nan,nan
student_like,1.0,8,10,softmax,0.1629311550341513,0.2574987067530587,0.5,nan,nan
student_like,1.0,8,10,oracle_ridge,0.43637707652083635,0.6924857634307997,nan,nan,nan
student_like,1.0,8,11,csm,0.5296823805366042,1.1489970992548908,nan,2.790094682061057e-16,nan
student_like,1.0,8,11,simple_average,0.5296823820727357,1.1489971025513028,nan,nan,nan
student_like,1.0,8,11,hebbian,55.43172217112658,107.81013529490104,nan,nan,nan
student_like,1.0,8,11,softmax,0.16472322514880156,0.33593932305910224,0.5,nan,nan
student_like,1.0,8,11,oracle_ridge,0.5296823805366041,1.1489970992548906,nan,nan,nan
student_like,1.0,8,12,csm,0.6933397401335981,1.5051817997146406,nan,2.892736666870879e-16,nan
student_like,1.0,8,12,simple_average,0.6933397419272435,1.5051818035269395,nan,nan,nan
student_like,1.0,8,12,hebbian,56.4263465418529,107.63828172739053,nan,nan,nan
student_like,1.0,8,12,softmax,0.1375607194441943,0.23720390883164458,1.0,nan,nan
student_like,1.0,8,12,oracle_ridge,0.6933397401335981,1.5051817997146408,nan,nan,nan
student_like,1.0,8,13,csm,1.3755478024603132,3.567168410641405,nan,2.747311816486584e-16,nan
student_like,1.0,8,13,simple_average,1.3755478059934025,3.5671684196649514,nan,nan,nan
student_like,1.0,8,13,hebbian,106.2840886337847,241.3886717642314,nan,nan,nan
student_like,1.0,8,13,softmax,0.2070165968793569,0.44317374655378167,1.0,nan,nan
student_like,1.0,8,13,oracle_ridge,1.3755478024603136,3.5671684106414063,nan,nan,nan
student_like,1.0,8,14,csm,0.7966409140667525,1.693199858478074,nan,2.0485221519766474e-16,nan
student_like,1.0,8,14,simple_average,0.7966409161386698,1.6931998630928675,nan,nan,nan
student_like,1.0,8,14,hebbian,63.511343380337166,131.19544858021905,nan,nan,nan
student_like,1.0,8,14,softmax,0.2665000786552497,0.47176861137693415,1.0,nan,nan
student_like,1.0,8,14,oracle_ridge,0.7966409140667525,1.6931998584780736,nan,nan,nan
student_like,1.0,8,15,csm,0.6062075534518323,1.0949121281510261,nan,2.6597484876385173e-16,nan
student_like,1.0,8,15,simple_average,0.6062075552156058,1.094912130531138,nan,nan,nan
student_like,1.0,8,15,hebbian,67.46176192667387,119.8786774254091,nan,nan,nan
student_like,1.0,8,15,softmax,0.15769186864883145,0.2683706369665138,0.5,nan,nan
student_like,1.0,8,15,oracle_ridge,0.6062075534518324,1.0949121281510263,nan,nan,nan
student_like,1.0,16,0,csm,0.3307011064339331,0.5059196222837535,nan,3.341554714664311e-16,nan
student_like,1.0,16,0,simple_average,0.3307011069079667,0.5059196230959817,nan,nan,nan
student_like,1.0,16,0,hebbian,140.14288408904542,243.54512680579978,nan,nan,nan
student_like,1.0,16,0,softmax,0.15474456676820986,0.2495133675196591,0.5,nan,nan
student_like,1.0,16,0,oracle_ridge,0.33070110643393313,0.5059196222837535,nan,nan,nan
student_like,1.0,16,1,csm,0.31173969898591464,0.648791014389309,nan,2.7627213342189353e-16,nan
student_like,1.0,16,1,simple_average,0.31173969939280416,0.6487910154097809,nan,nan,nan
student_like,1.0,16,1,hebbian,147.26914108631723,304.7242055787578,nan,nan,nan
student_like,1.0,16,1,softmax,0.17096603727434667,0.3555267058063178,0.5,nan,nan
student_like,1.0,16,1,oracle_ridge,0.31173969898591447,0.6487910143893086,nan,nan,nan
student_like,1.0,16,2,csm,0.48173217219136144,1.1338963398965003,nan,2.9394049227119155e-16,nan
student_like,1.0,16,2,simple_average,0.481732172867656,1.1338963416001868,nan,nan,nan
student_like,1.0,16,2,hebbian,214.41295821565336,438.9607465296312,nan,nan,nan
student_like,1.0,16,2,softmax,0.14587981769166394,0.24167700652570678,0.5,nan,nan
student_like,1.0,16,2,oracle_ridge,0.4817321721913615,1.1338963398965007,nan,nan,nan
student_like,1.0,16,3,csm,0.2131960297760006,0.3123377699992539,nan,3.7966299107037745e-16,nan
student_like,1.0,16,3,simple_average,0.21319603005788207,0.3123377704253161,nan,nan,nan
student_like,1.0,16,3,hebbian,100.01390238100738,159.63829110181882,nan,nan,nan
student_like,1.0,16,3,softmax,0.0994129749882603,0.13316993565573285,0.5,nan,nan
student_like,1.0,16,3,oracle_ridge,0.2131960297760006,0.31233776999925394,nan,nan,nan
student_like,1.0,16,4,csm,0.31678923585458285,0.5268950096190393,nan,3.20503389892129e-16,nan
student_like,1.0,16,4,simple_average,0.3167892362347513,0.5268950103144032,nan,nan,nan
student_like,1.0,16,4,hebbian,142.8771675553389,266.48331329053474,nan,nan,nan
student_like,1.0,16,4,softmax,0.16856680248653405,0.24642281936582425,0.5,nan,nan
student_like,1.0,16,4,oracle_ridge,0.3167892358545828,0.5268950096190392,nan,nan,nan
student_like,1.0,16,5,csm,0.3126975135126657,0.49222151905307243,nan,2.7368131852270137e-16,nan
student_like,1.0,16,5,simple_average,0.31269751396064677,0.49222151995408253,nan,nan,nan
student_like,1.0,16,5,hebbian,169.2585400457081,298.8183272085135,nan,nan,nan
student_like,1.0,16,5,softmax,0.13658499023711393,0.26159677344276805,0.5,nan,nan
student_like,1.0,16,5,oracle_ridge,0.3126975135126657,0.49222151905307243,nan,nan,nan
student_like,1.0,16,6,csm,0.20763237094177323,0.28782020965709637,nan,2.6052725882543223e-16,nan
student_like,1.0,16,6,simple_average,0.20763237121946776,0.2878202099459581,nan,nan,nan
student_like,1.0,16,6,hebbian,95.4152490319397,164.5991226599512,nan,nan,nan
student_like,1.0,16,6,softmax,0.09596062780193607,0.20706557042570303,0.5,nan,nan
student_like,1.0,16,6,oracle_ridge,0.20763237094177323,0.2878202096570963,nan,nan,nan
student_like,1.0,16,7,csm,0.21869233574081726,0.4707050636779807,nan,2.8471330796768703e-16,nan
student_like,1.0,16,7,simple_average,0.21869233603130944,0.470705064186341,nan,nan,nan
student_like,1.0,16,7,hebbian,124.32893387436887,175.3507048975606,nan,nan,nan
student_like,1.0,16,7,softmax,0.18655533501964164,0.35713009266574486,0.5,nan,nan
student_like,1.0,16,7,oracle_ridge,0.21869233574081723,0.47070506367798065,nan,nan,nan
student_like,1.0,16,8,csm,0.20401826319762606,0.41779615491901556,nan,2.4817876829814836e-16,nan
student_like,1.0,16,8,simple_average,0.2040182633704999,0.4177961554011824,nan,nan,nan
student_like,1.0,16,8,hebbian,72.36080243734283,143.79884656257988,nan,nan,nan
student_like,1.0,16,8,softmax,0.14330389045352407,0.24939930391042095,0.5,nan,nan
student_like,1.0,16,8,oracle_ridge,0.20401826319762606,0.41779615491901556,nan,nan,nan
student_like,1.0,16,9,csm,0.19319828430133754,0.34557902914306854,nan,2.9405345903806645e-16,nan
student_like,1.0,16,9,simple_average,0.19319828463169567,0.34557902971089927,nan,nan,nan
student_like,1.0,16,9,hebbian,141.5068275503812,261.34512186852385,nan,nan,nan
student_like,1.0,16,9,softmax,0.0918690880492544,0.1445987221702119,0.5,nan,nan
student_like,1.0,16,9,oracle_ridge,0.19319828430133745,0.34557902914306854,nan,nan,nan
student_like,1.0,16,10,csm,0.2379916121925489,0.4131588473152024,nan,3.4962758596804387e-16,nan
student_like,1.0,16,10,simple_average,0.23799161253288054,0.41315884804796654,nan,nan,nan
student_like,1.0,16,10,hebbian,133.05914432650815,242.19216980659286,nan,nan,nan
student_like,1.0,16,10,softmax,0.10085760329115356,0.20122512809564067,0.5,nan,nan
student_like,1.0,16,10,oracle_ridge,0.23799161219254897,0.4131588473152023,nan,nan,nan
student_like,1.0,16,11,csm,0.34927369430506894,0.7240697179014344,nan,2.7240706169482403e-16,nan
student_like,1.0,16,11,simple_average,0.34927369474416425,0.724069718635379,nan,nan,nan
student_like,1.0,16,11,hebbian,133.83028714969225,294.10666533191716,nan,nan,nan
student_like,1.0,16,11,softmax,0.156316821789649,0.3695456698457397,0.5,nan,nan
student_like,1.0,16,11,oracle_ridge,0.34927369430506894,0.7240697179014344,nan,nan,nan
student_like,1.0,16,12,csm,0.12334271292998819,0.2306349154569485,nan,3.7858243190578844e-16,nan
student_like,1.0,16,12,simple_average,0.12334271307796733,0.23063491567490177,nan,nan,nan
student_like,1.0,16,12,hebbian,69.19708974492954,116.92786341737279,nan,nan,nan
student_like,1.0,16,12,softmax,0.07811746889229451,0.15880722054854549,0.5,nan,nan
student_like,1.0,16,12,oracle_ridge,0.12334271292998812,0.23063491545694842,nan,nan,nan
student_like,1.0,16,13,csm,0.37431224684956427,0.5825872394820429,nan,2.404259666000464e-16,nan
student_like,1.0,16,13,simple_average,0.3743122474302767,0.5825872403397435,nan,nan,nan
student_like,1.0,16,13,hebbian,175.13539798749648,234.2314354665523,nan,nan,nan
student_like,1.0,16,13,softmax,0.10701565256276359,0.18852922156641816,0.5,nan,nan
student_like,1.0,16,13,oracle_ridge,0.37431224684956416,0.5825872394820427,nan,nan,nan
student_like,1.0,16,14,csm,0.20669922377802494,0.3690464357408554,nan,2.4898224197811373e-16,nan
student_like,1.0,16,14,simple_average,0.2066992240085696,0.3690464360487819,nan,nan,nan
student_like,1.0,16,14,hebbian,97.30249390395562,214.68008633015063,nan,nan,nan
student_like,1.0,16,14,softmax,0.13106441768942992,0.2050875327635213,0.5,nan,nan
student_like,1.0,16,14,oracle_ridge,0.20669922377802497,0.36904643574085527,nan,nan,nan
student_like,1.0,16,15,csm,0.23985782241863374,0.5838720633851368,nan,2.5431911304157936e-16,nan
student_like,1.0,16,15,simple_average,0.2398578227584493,0.5838720643258217,nan,nan,nan
student_like,1.0,16,15,hebbian,156.56677384141167,298.0475193422328,nan,nan,nan
student_like,1.0,16,15,softmax,0.15279378280822853,0.2933154544607315,0.5,nan,nan
student_like,1.0,16,15,oracle_ridge,0.23985782241863363,0.5838720633851365,nan,nan,nan
nonlinear,0.1,1,0,csm,0.04676071965158364,0.08767186517016892,nan,2.192175871120685e-16,nan
nonlinear,0.1,1,0,simple_average,0.046760719659318925,0.08767186519692459,nan,nan,nan
nonlinear,0.1,1,0,hebbian,0.046760719659318946,0.08767186519692471,nan,nan,nan
nonlinear,0.1,1,0,softmax,0.04673353378980155,0.08758283586724325,0.1,nan,nan
nonlinear,0.1,1,0,oracle_ridge,0.046760719651583654,0.08767186517016898,nan,nan,nan
nonlinear,0.1,1,1,csm,0.041094227175419495,0.05735146302890492,nan,2.5236430088949894e-16,nan
nonlinear,0.1,1,1,simple_average,0.04109422717837773,0.05735146303626232,nan,nan,nan
nonlinear,0.1,1,1,hebbian,0.04109422717837771,0.057351463036262304,nan,nan,nan
nonlinear,0.1,1,1,softmax,0.04108166826839667,0.05732305592793685,0.1,nan,nan
nonlinear,0.1,1,1,oracle_ridge,0.041094227175419495,0.05735146302890492,nan,nan,nan
nonlinear,0.1,1,2,csm,0.03627520614819664,0.06813781321966668,nan,3.685435163354526e-16,nan
nonlinear,0.1,1,2,simple_average,0.036275206153736146,0.06813781324550248,nan,nan,nan
nonlinear,0.1,1,2,hebbian,0.03627520615373614,0.06813781324550242,nan,nan,nan
nonlinear,0.1,1,2,softmax,0.036253125692367584,0.06807028482003105,0.1,nan,nan
nonlinear,0.1,1,2,oracle_ridge,0.03627520614819664,0.06813781321966669,nan,nan,nan
nonlinear,0.1,1,3,csm,0.041969783680377654,0.06806390015886846,nan,3.273224296212647e-16,nan
nonlinear,0.1,1,3,simple_average,0.04196978370304272,0.06806390019978295,nan,nan,nan
nonlinear,0.1,1,3,hebbian,0.04196978370304268,0.06806390019978287,nan,nan,nan
nonlinear,0.1,1,3,softmax,0.041887780145027156,0.06794024107986235,0.1,nan,nan
nonlinear,0.1,1,3,oracle_ridge,0.04196978368037768,0.06806390015886862,nan,nan,nan
nonlinear,0.1,1,4,csm,0.04784912538906331,0.09180129286885831,nan,3.69042940574093e-16,nan
nonlinear,0.1,1,4,simple_average,0.04784912540436816,0.09180129289355386,nan,nan,nan
nonlinear,0.1,1,4,hebbian,0.04784912540436814,0.09180129289355389,nan,nan,nan
nonlinear,0.1,1,4,softmax,0.04779726380361474,0.09171546230586305,0.1,nan,nan
nonlinear,0.1,1,4,oracle_ridge,0.0478491253890633,0.09180129286885834,nan,nan,nan
nonlinear,0.1,1,5,csm,0.0179061516777752,0.029898002976611986,nan,2.6310760213382126e-16,nan
nonlinear,0.1,1,5,simple_average,0.017906151684081217,0.02989800297329445,nan,nan,nan
nonlinear,0.1,1,5,hebbian,0.01790615168408121,0.029898002973294473,nan,nan,nan
nonlinear,0.1,1,5,softmax,0.017875528699175337,0.029881602467560654,0.1,nan,nan
nonlinear,0.1,1,5,oracle_ridge,0.0179061516777752,0.02989800297661198,nan,nan,nan
nonlinear,0.1,1,6,csm,0.051455144761807334,0.0892071698616376,nan,2.883317512666111e-16,nan
nonlinear,0.1,1,6,simple_average,0.05145514478074157,0.0892071698839825,nan,nan,nan
nonlinear,0.1,1,6,hebbian,0.051455144780741584,0.08920716988398257,nan,nan,nan
nonlinear,0.1,1,6,softmax,0.05139789089224357,0.08916004845933184,0.1,nan,nan
nonlinear,0.1,1,6,oracle_ridge,0.05145514476180736,0.0892071698616376,nan,nan,nan
nonlinear,0.1,1,7,csm,0.036979201439144634,0.05419645811883147,nan,2.5414621489215146e-16,nan
nonlinear,0.1,1,7,simple_average,0.03697920144452284,0.0541964581137726,nan,nan,nan
nonlinear,0.1,1,7,hebbian,0.03697920144452282,0.054196458113772585,nan,nan,nan
nonlinear,0.1,1,7,softmax,0.03695592526893058,0.05422143993297729,0.1,nan,nan
nonlinear,0.1,1,7,oracle_ridge,0.03697920143914464,0.054196458118831496,nan,nan,nan
nonlinear,0.1,1,8,csm,0.026663734526988312,0.05534630085911095,nan,2.2904449349507876e-16,nan
nonlinear,0.1,1,8,simple_average,0.026663734539264364,0.05534630087951715,nan,nan,nan
nonlinear,0.1,1,8,hebbian,0.0266637345392644,0.055346300879517196,nan,nan,nan
nonlinear,0.1,1,8,softmax,0.02662846718145849,0.05528301914657012,0.1,nan,nan
nonlinear,0.1,1,8,oracle_ridge,0.026663734526988288,0.0553463008591109,nan,nan,nan
nonlinear,0.1,1,9,csm,0.020114330917813825,0.03238912416980227,nan,2.5740307291669728e-16,nan
nonlinear,0.1,1,9,simple_average,0.020114330921986414,0.0323891241704892,nan,nan,nan
nonlinear,0.1,1,9,hebbian,0.0201143309219864,0.03238912417048921,nan,nan,nan
nonlinear,0.1,1,9,softmax,0.020104004394461125,0.03240215554392064,0.1,nan,nan
nonlinear,0.1,1,9,oracle_ridge,0.02011433091781382,0.032389124169802226,nan,nan,nan
nonlinear,0.1,1,10,csm,0.039672011638745154,0.07961972392335433,nan,3.006728235094635e-16,nan
nonlinear,0.1,1,10,simple_average,0.03967201164123614,0.07961972392889,nan,nan,nan
nonlinear,0.1,1,10,hebbian,0.03967201164123612,0.07961972392888995,nan,nan,nan
nonlinear,0.1,1,10,softmax,0.03966919229531044,0.07961449698339614,0.1,nan,nan
nonlinear,0.1,1,10,oracle_ridge,0.03967201163874519,0.07961972392335437,nan,nan,nan
nonlinear,0.1,1,11,csm,0.04704301622011024,0.07475261211241171,nan,3.2487741754086007e-16,nan
nonlinear,0.1,1,11,simple_average,0.04704301622261283,0.07475261209762757,nan,nan,nan
nonlinear,0.1,1,11,hebbian,0.04704301622261278,0.07475261209762737,nan,nan,nan
nonlinear,0.1,1,11,softmax,0.04703859609534127,0.07480140066800146,0.1,nan,nan
nonlinear,0.1,1,11,oracle_ridge,0.047043016220110236,0.07475261211241158,nan,nan,nan
nonlinear,0.1,1,12,csm,0.03043320020696845,0.05344687973085672,nan,3.143894426902511e-16,nan
nonlinear,0.1,1,12,simple_average,0.030433200218951295,0.05344687975621933,nan,nan,nan
nonlinear,0.1,1,12,hebbian,0.030433200218951302,0.053446879756219305,nan,nan,nan
nonlinear,0.1,1,12,softmax,0.030390238381524638,0.053354653467830956,0.1,nan,nan
nonlinear,0.1,1,12,oracle_ridge,0.03043320020696846,0.05344687973085669,nan,nan,nan
nonlinear,0.1,1,13,csm,0.03759937581384995,0.07237413841199782,nan,3.2436712267677235e-16,nan
nonlinear,0.1,1,13,simple_average,0.03759937583017389,0.07237413842343282,nan,nan,nan
nonlinear,0.1,1,13,hebbian,0.03759937583017392,0.0723741384234328,nan,nan,nan
nonlinear,0.1,1,13,softmax,0.03754011024671754,0.07233121832289562,0.1,nan,nan
nonlinear,0.1,1,13,oracle_ridge,0.03759937581384994,0.07237413841199777,nan,nan,nan
nonlinear,0.1,1,14,csm,0.040413111852599985,0.06316475210946931,nan,2.1703299763554553e-16,nan
nonlinear,0.1,1,14,simple_average,0.040413111868901494,0.06316475212074675,nan,nan,nan
nonlinear,0.1,1,14,hebbian,0.04041311186890152,0.06316475212074676,nan,nan,nan
nonlinear,0.1,1,14,softmax,0.04035792871489986,0.06313608686846432,0.1,nan,nan
nonlinear,0.1,1,14,oracle_ridge,0.04041311185259999,0.06316475210946934,nan,nan,nan
nonlinear,0.1,1,15,csm,0.04445225621881386,0.06960632877949448,nan,2.9966600596949716e-16,nan
nonlinear,0.1,1,15,simple_average,0.04445225621988309,0.069606328775556,nan,nan,nan
nonlinear,0.1,1,15,hebbian,0.0444522562198831,0.06960632877555603,nan,nan,nan
nonlinear,0.1,1,15,softmax,0.04445147641797111,0.06960793943464727,0.1,nan,nan
nonlinear,0.1,1,15,oracle_ridge,0.04445225621881386,0.06960632877949445,nan,nan,nan
nonlinear,0.1,2,0,csm,0.018176777654126106,0.031411345073770844,nan,2.6609074524299047e-16,nan
nonlinear,0.1,2,0,simple_average,0.0181767776529911,0.031411345072004625,nan,nan,nan
nonlinear,0.1,2,0,hebbian,0.7788797892930218,1.2276176724149443,nan,nan,nan
nonlinear,0.1,2,0,softmax,0.0181767776529911,0.031411345072004625,0.001,nan,nan
nonlinear,0.1,2,0,oracle_ridge,0.01817677765412609,0.03141134507377083,nan,nan,nan
nonlinear,0.1,2,1,csm,0.03368341173225953,0.05928325969861072,nan,3.290631025115161e-16,nan
nonlinear,0.1,2,1,simple_average,0.033683411737521755,0.05928325971237081,nan,nan,nan
nonlinear,0.1,2,1,hebbian,1.0097300823080235,2.0368059858392153,nan,nan,nan
nonlinear,0.1,2,1,softmax,0.03364799100872996,0.05920641802208386,0.1,nan,nan
nonlinear,0.1,2,1,oracle_ridge,0.033683411732259534,0.05928325969861084,nan,nan,nan
nonlinear,0.1,2,2,csm,0.020820731596218042,0.03596877752040011,nan,3.4454270539188093e-16,nan
nonlinear,0.1,2,2,simple_average,0.020820731596883555,0.03596877752239021,nan,nan,nan
nonlinear,0.1,2,2,hebbian,0.7086890160584609,0.9965020990505836,nan,nan,nan
nonlinear,0.1,2,2,softmax,0.020820731596883555,0.03596877752239021,0.001,nan,nan
nonlinear,0.1,2,2,oracle_ridge,0.02082073159621805,0.03596877752040004,nan,nan,nan
nonlinear,0.1,2,3,csm,0.015685780438617358,0.022726683452979908,nan,2.1463437129433122e-16,nan
nonlinear,0.1,2,3,simple_average,0.01568578043927899,0.02272668345271836,nan,nan,nan
nonlinear,0.1,2,3,hebbian,0.8115128910283275,1.6384098718822542,nan,nan,nan
nonlinear,0.1,2,3,softmax,0.015680691335562175,0.022731296513291102,0.1,nan,nan
nonlinear,0.1,2,3,oracle_ridge,0.015685780438617344,0.022726683452979894,nan,nan,nan
nonlinear,0.1,2,4,csm,0.02322134099162844,0.03240376878421477,nan,1.991321869527214e-16,nan
nonlinear,0.1,2,4,simple_average,0.02322134099768739,0.032403768797940415,nan,nan,nan
nonlinear,0.1,2,4,hebbian,1.1995575680889006,1.8746136940952989,nan,nan,nan
nonlinear,0.1,2,4,softmax,0.023181161400149062,0.03230783258548932,0.1,nan,nan
nonlinear,0.1,2,4,oracle_ridge,0.023221340991628446,0.03240376878421477,nan,nan,nan
nonlinear,0.1,2,5,csm,0.01805225066042782,0.028883991659604476,nan,3.303285255172899e-16,nan
nonlinear,0.1,2,5,simple_average,0.018052250662787036,0.028883991665979363,nan,nan,nan
nonlinear,0.1,2,5,hebbian,0.7916165835807492,1.264940088534335,nan,nan,nan
nonlinear,0.1,2,5,softmax,0.018035707052825305,0.028832740262690348,0.1,nan,nan
nonlinear,0.1,2,5,oracle_ridge,0.018052250660427812,0.028883991659604452,nan,nan,nan
nonlinear,0.1,2,6,csm,0.019818559969183264,0.028806443926115255,nan,2.7987287182264214e-16,nan
nonlinear,0.1,2,6,simple_average,0.019818559970611292,0.028806443935896594,nan,nan,nan
nonlinear,0.1,2,6,hebbian,1.2168019573796207,1.801398140281158,nan,nan,nan
nonlinear,0.1,2,6,softmax,0.01981346894812476,0.028752905524072933,0.1,nan,nan
nonlinear,0.1,2,6,oracle_ridge,0.01981855996918327,0.02880644392611524,nan,nan,nan
nonlinear,0.1,2,7,csm,0.02098331340211464,0.031708042373708244,nan,2.688336319282084e-16,nan
nonlinear,0.1,2,7,simple_average,0.020983313405185472,0.03170804238405083,nan,nan,nan
nonlinear,0.1,2,7,hebbian,0.8411333803760369,2.0650821710366505,nan,nan,nan
nonlinear,0.1,2,7,softmax,0.02096719242414606,0.03163938021308861,0.1,nan,nan
nonlinear,0.1,2,7,oracle_ridge,0.02098331340211464,0.03170804237370823,nan,nan,nan
nonlinear,0.1,2,8,csm,0.01447945086250569,0.024671026761040625,nan,3.6590423006964633e-16,nan
nonlinear,0.1,2,8,simple_average,0.01447945086354516,0.024671026767099948,nan,nan,nan
nonlinear,0.1,2,8,hebbian,0.4713098688145509,0.5920982442487629,nan,nan,nan
nonlinear,0.1,2,8,softmax,0.014469909195353297,0.024620695635833113,0.1,nan,nan
nonlinear,0.1,2,8,oracle_ridge,0.014479450862505686,0.024671026761040615,nan,nan,nan
nonlinear,0.1,2,9,csm,0.014725070526650808,0.0275057540472835,nan,3.3605884246905165e-16,nan
nonlinear,0.1,2,9,simple_average,0.014725070525858416,0.0275057540460985,nan,nan,nan
nonlinear,0.1,2,9,hebbian,0.43008216392503174,0.6011075866422929,nan,nan,nan
nonlinear,0.1,2,9,softmax,0.014724587442731443,0.02750798583519333,0.1,nan,nan
nonlinear,0.1,2,9,oracle_ridge,0.01472507052665081,0.027505754047283486,nan,nan,nan
nonlinear,0.1,2,10,csm,0.01841189860693898,0.03371466311264557,nan,2.927136905052771e-16,nan
nonlinear,0.1,2,10,simple_average,0.018411898608867175,0.0337146631127377,nan,nan,nan
nonlinear,0.1,2,10,hebbian,0.6180261037705636,0.9726503909629268,nan,nan,nan
nonlinear,0.1,2,10,softmax,0.018404307410322212,0.03371893130723211,0.1,nan,nan
nonlinear,0.1,2,10,oracle_ridge,0.018411898606938967,0.033714663112645565,nan,nan,nan
nonlinear,0.1,2,11,csm,0.019898461523056774,0.030698985397579974,nan,3.065618805876365e-16,nan
nonlinear,0.1,2,11,simple_average,0.01989846152475886,0.030698985393754416,nan,nan,nan
nonlinear,0.1,2,11,hebbian,0.6942323309833581,1.0829357204094312,nan,nan,nan
nonlinear,0.1,2,11,softmax,0.019898045131113623,0.03074361915430789,0.1,nan,nan
nonlinear,0.1,2,11,oracle_ridge,0.01989846152305676,0.03069898539757999,nan,nan,nan
nonlinear,0.1,2,12,csm,0.01977475962944651,0.035890771584368215,nan,2.5818234336743585e-16,nan
nonlinear,0.1,2,12,simple_average,0.019774759634384128,0.03589077159057482,nan,nan,nan
nonlinear,0.1,2,12,hebbian,0.9719435512735237,2.3957062372918387,nan,nan,nan
nonlinear,0.1,2,12,softmax,0.019755181105251193,0.0358697802024944,0.1,nan,nan
nonlinear,0.1,2,12,oracle_ridge,0.019774759629446508,0.03589077158436818,nan,nan,nan
nonlinear,0.1,2,13,csm,0.00847646144139853,0.01380935203682114,nan,2.581472778873101e-16,nan
nonlinear,0.1,2,13,simple_average,0.008476461444212342,0.013809352039400593,nan,nan,nan
nonlinear,0.1,2,13,hebbian,0.7812594790691219,1.5581648594535251,nan,nan,nan
nonlinear,0.1,2,13,softmax,0.00845713874054526,0.013794689817035886,0.1,nan,nan
nonlinear,0.1,2,13,oracle_ridge,0.008476461441398533,0.013809352036821139,nan,nan,nan
nonlinear,0.1,2,14,csm,0.01659468514709745,0.025310014887612663,nan,3.205302904431708e-16,nan
nonlinear,0.1,2,14,simple_average,0.01659468514661122,0.025310014887846594,nan,nan,nan
nonlinear,0.1,2,14,hebbian,0.7476961405908598,1.1128750011012718,nan,nan,nan
nonlinear,0.1,2,14,softmax,0.01659468514661122,0.025310014887846594,0.001,nan,nan
nonlinear,0.1,2,14,oracle_ridge,0.016594685147097457,0.025310014887612656,nan,nan,nan
nonlinear,0.1,2,15,csm,0.015564072652589127,0.021352162360053585,nan,2.71030309027566e-16,nan
nonlinear,0.1,2,15,simple_average,0.015564072655082098,0.021352162359376516,nan,nan,nan
nonlinear,0.1,2,15,hebbian,0.6836023600551338,1.4129629023465802,nan,nan,nan
nonlinear,0.1,2,15,softmax,0.01554220387374938,0.021347836547029906,0.1,nan,nan
nonlinear,0.1,2,15,oracle_ridge,0.015564072652589111,0.021352162360053547,nan,nan,nan
nonlinear,0.1,4,0,csm,0.008893687552423233,0.014749328847808692,nan,4.1230030957320456e-16,nan
nonlinear,0.1,4,0,simple_average,0.008893687551544356,0.014749328847654355,nan,nan,nan
nonlinear,0.1,4,0,hebbian,4.687648527437089,10.02735797266219,nan,nan,nan
nonlinear,0.1,4,0,softmax,0.008893687551544356,0.014749328847654355,0.001,nan,nan
nonlinear,0.1,4,0,oracle_ridge,0.008893687552423247,0.014749328847808742,nan,nan,nan
nonlinear,0.1,4,1,csm,0.007738577277423253,0.01437698085253856,nan,2.4745950649183583e-16,nan
nonlinear,0.1,4,1,simple_average,0.007738577278524284,0.014376980855126963,nan,nan,nan
nonlinear,0.1,4,1,hebbian,8.448486150361038,13.059293911391126,nan,nan,nan
nonlinear,0.1,4,1,softmax,0.007725198435172726,0.014339782131969125,0.1,nan,nan
nonlinear,0.1,4,1,oracle_ridge,0.00773857727742326,0.014376980852538574,nan,nan,nan
nonlinear,0.1,4,2,csm,0.008188832864014228,0.011946055036718911,nan,3.390513355392358e-16,nan
nonlinear,0.1,4,2,simple_average,0.008188832864981581,0.011946055039113902,nan,nan,nan
nonlinear,0.1,4,2,hebbian,5.68156271748609,8.935180297280848,nan,nan,nan
nonlinear,0.1,4,2,softmax,0.00817585378319503,0.01191075345415678,0.1,nan,nan
nonlinear,0.1,4,2,oracle_ridge,0.008188832864014244,0.011946055036718896,nan,nan,nan
nonlinear,0.1,4,3,csm,0.007696027069219201,0.01405333696215854,nan,2.6234079144490603e-16,nan
nonlinear,0.1,4,3,simple_average,0.0076960270691346895,0.014053336960236383,nan,nan,nan
nonlinear,0.1,4,3,hebbian,3.3000095444535438,4.51718692752639,nan,nan,nan
nonlinear,0.1,4,3,softmax,0.007696027069134689,0.014053336960236383,0.001,nan,nan
nonlinear,0.1,4,3,oracle_ridge,0.0076960270692191975,0.014053336962158509,nan,nan,nan
nonlinear,0.1,4,4,csm,0.014407002777583673,0.027269852954635874,nan,2.4245004655100005e-16,nan
nonlinear,0.1,4,4,simple_average,0.014407002779358618,0.02726985295627499,nan,nan,nan
nonlinear,0.1,4,4,hebbian,8.3162550724223,13.956749927302416,nan,nan,nan
nonlinear,0.1,4,4,softmax,0.014381930223663977,0.02724197289475719,0.1,nan,nan
nonlinear,0.1,4,4,oracle_ridge,0.01440700277758368,0.027269852954635906,nan,nan,nan
nonlinear,0.1,4,5,csm,0.005725659863630446,0.009020909302816538,nan,2.415939548522716e-16,nan
nonlinear,0.1,4,5,simple_average,0.00572565986387053,0.009020909303620627,nan,nan,nan
nonlinear,0.1,4,5,hebbian,8.73688189740712,13.607275164921871,nan,nan,nan
nonlinear,0.1,4,5,softmax,0.005721705338494447,0.00901041380432508,0.1,nan,nan
nonlinear,0.1,4,5,oracle_ridge,0.005725659863630439,0.009020909302816524,nan,nan,nan
nonlinear,0.1,4,6,csm,0.010088561912920544,0.01754645920397036,nan,2.9667921251887026e-16,nan
nonlinear,0.1,4,6,simple_average,0.010088561912982567,0.017546459204526937,nan,nan,nan
nonlinear,0.1,4,6,hebbian,4.418308408492426,9.784392305904968,nan,nan,nan
nonlinear,0.1,4,6,softmax,0.010088561912982564,0.017546459204526934,0.001,nan,nan
nonlinear,0.1,4,6,oracle_ridge,0.010088561912920544,0.017546459203970383,nan,nan,nan
nonlinear,0.1,4,7,csm,0.008880303090455087,0.01357930052285576,nan,2.5301582323881994e-16,nan
nonlinear,0.1,4,7,simple_average,0.008880303091473498,0.01357930052420446,nan,nan,nan
nonlinear,0.1,4,7,hebbian,6.121539073636647,9.50963084725245,nan,nan,nan
nonlinear,0.1,4,7,softmax,0.008868741531511345,0.013550580366494718,0.1,nan,nan
nonlinear,0.1,4,7,oracle_ridge,0.008880303090455089,0.01357930052285575,nan,nan,nan
nonlinear,0.1,4,8,csm,0.007996953773359471,0.012207305270939372,nan,3.8135235338232105e-16,nan
nonlinear,0.1,4,8,simple_average,0.007996953773412818,0.012207305271758225,nan,nan,nan
nonlinear,0.1,4,8,hebbian,4.29578507611571,7.7947921627725565,nan,nan,nan
nonlinear,0.1,4,8,softmax,0.00799695377341282,0.012207305271758225,0.001,nan,nan
nonlinear,0.1,4,8,oracle_ridge,0.007996953773359492,0.012207305270939392,nan,nan,nan
nonlinear,0.1,4,9,csm,0.0113918982422523,0.015773492088891977,nan,2.532012511948136e-16,nan
nonlinear,0.1,4,9,simple_average,0.011391898243332541,0.015773492088483814,nan,nan,nan
nonlinear,0.1,4,9,hebbian,6.416013396907774,10.36044751335406,nan,nan,nan
nonlinear,0.1,4,9,softmax,0.011383517519566486,0.015780213398066366,0.1,nan,nan
nonlinear,0.1,4,9,oracle_ridge,0.011391898242252303,0.015773492088891984,nan,nan,nan
nonlinear,0.1,4,10,csm,0.00785699448905678,0.0120754374456618,nan,2.2390679803415405e-16,nan
nonlinear,0.1,4,10,simple_average,0.007856994489932911,0.012075437446114237,nan,nan,nan
nonlinear,0.1,4,10,hebbian,8.213347671521202,14.617680006200178,nan,nan,nan
nonlinear,0.1,4,10,softmax,0.00784443316082094,0.012068504647135296,0.1,nan,nan
nonlinear,0.1,4,10,oracle_ridge,0.007856994489056794,0.0120754374456618,nan,nan,nan
nonlinear,0.1,4,11,csm,0.009733830539918345,0.014321897403002647,nan,2.0284585467838031e-16,nan
nonlinear,0.1,4,11,simple_average,0.009733830539545008,0.01432189740467997,nan,nan,nan
nonlinear,0.1,4,11,hebbian,8.105791980369847,16.30444534474443,nan,nan,nan
nonlinear,0.1,4,11,softmax,0.009733830539545008,0.01432189740467997,0.001,nan,nan
nonlinear,0.1,4,11,oracle_ridge,0.009733830539918331,0.014321897403002604,nan,nan,nan
nonlinear,0.1,4,12,csm,0.010779384674741179,0.016068844427378166,nan,3.745968666687358e-16,nan
nonlinear,0.1,4,12,simple_average,0.010779384676971784,0.01606884442836014,nan,nan,nan
nonlinear,0.1,4,12,hebbian,5.3175465100301995,7.403944730499319,nan,nan,nan
nonlinear,0.1,4,12,softmax,0.01075216349020512,0.016060957812439467,0.1,nan,nan
nonlinear,0.1,4,12,oracle_ridge,0.010779384674741196,0.01606884442737817,nan,nan,nan
nonlinear,0.1,4,13,csm,0.010723881053981886,0.016298368873995637,nan,2.660553861434622e-16,nan
nonlinear,0.1,4,13,simple_average,0.010723881055092593,0.01629836887882489,nan,nan,nan
nonlinear,0.1,4,13,hebbian,6.937672581552807,13.133586822100042,nan,nan,nan
nonlinear,0.1,4,13,softmax,0.010710789910598754,0.016232746048875507,0.1,nan,nan
nonlinear,0.1,4,13,oracle_ridge,0.010723881053981886,0.01629836887399562,nan,nan,nan
nonlinear,0.1,4,14,csm,0.008701889617596706,0.012029232221265099,nan,2.8620004444976793e-16,nan
nonlinear,0.1,4,14,simple_average,0.008701889617388013,0.012029232220896299,nan,nan,nan
nonlinear,0.1,4,14,hebbian,5.45155536412675,9.201133596506697,nan,nan,nan
nonlinear,0.1,4,14,softmax,0.008700605895946872,0.012017181278384236,0.1,nan,nan
nonlinear,0.1,4,14,oracle_ridge,0.008701889617596709,0.012029232221265118,nan,nan,nan
nonlinear,0.1,4,15,csm,0.008269670286646892,0.016097704130331406,nan,3.030292713976501e-16,nan
nonlinear,0.1,4,15,simple_average,0.008269670286999093,0.016097704131365527,nan,nan,nan
nonlinear,0.1,4,15,hebbian,5.058027294352144,7.961599094609896,nan,nan,nan
nonlinear,0.1,4,15,softmax,0.008269670286999093,0.016097704131365527,0.001,nan,nan
nonlinear,0.1,4,15,oracle_ridge,0.008269670286646887,0.016097704130331413,nan,nan,nan
nonlinear,0.1,8,0,csm,0.005606589168457509,0.00870316758611695,nan,3.5987190967363796e-16,nan
nonlinear,0.1,8,0,simple_average,0.005606589168542876,0.008703167586994373,nan,nan,nan
nonlinear,0.1,8,0,hebbian,44.25278816873794,66.80009396125516,nan,nan,nan
nonlinear,0.1,8,0,softmax,0.005606589168542877,0.008703167586994378,0.001,nan,nan
nonlinear,0.1,8,0,oracle_ridge,0.005606589168457516,0.008703167586116993,nan,nan,nan
nonlinear,0.1,8,1,csm,0.00417510160960636,0.007172812110585423,nan,2.5411309850304146e-16,nan
nonlinear,0.1,8,1,simple_average,0.004175101609752465,0.00717281211119028,nan,nan,nan
nonlinear,0.1,8,1,hebbian,16.615452078576496,25.51343103245685,nan,nan,nan
nonlinear,0.1,8,1,softmax,0.004170751503002036,0.00715513966816452,0.1,nan,nan
nonlinear,0.1,8,1,oracle_ridge,0.004175101609606359,0.007172812110585415,nan,nan,nan
nonlinear,0.1,8,2,csm,0.004279963117132008,0.007474166826901546,nan,2.570491819274402e-16,nan
nonlinear,0.1,8,2,simple_average,0.004279963117194625,0.007474166827192355,nan,nan,nan
nonlinear,0.1,8,2,hebbian,21.783609187226585,47.036292649567166,nan,nan,nan
nonlinear,0.1,8,2,softmax,0.004275150702742714,0.007467893553201103,0.1,nan,nan
nonlinear,0.1,8,2,oracle_ridge,0.004279963117132005,0.007474166826901555,nan,nan,nan
nonlinear,0.1,8,3,csm,0.00393073479691426,0.00870341281752887,nan,2.9864903097033e-16,nan
nonlinear,0.1,8,3,simple_average,0.003930734796563267,0.00870341281692734,nan,nan,nan
nonlinear,0.1,8,3,hebbian,24.282672843070408,52.670819312458605,nan,nan,nan
nonlinear,0.1,8,3,softmax,0.00393073479656327,0.008703412816927353,0.001,nan,nan
nonlinear,0.1,8,3,oracle_ridge,0.0039307347969142585,0.008703412817528856,nan,nan,nan
nonlinear,0.1,8,4,csm,0.004763793987278523,0.007428331243538008,nan,3.190352107617697e-16,nan
nonlinear,0.1,8,4,simple_average,0.004763793987195164,0.007428331243177126,nan,nan,nan
nonlinear,0.1,8,4,hebbian,37.39909204409288,83.73369740858448,nan,nan,nan
nonlinear,0.1,8,4,softmax,0.004761204195873521,0.007429236216696516,0.1,nan,nan
nonlinear,0.1,8,4,oracle_ridge,0.004763793987278515,0.007428331243538013,nan,nan,nan
nonlinear,0.1,8,5,csm,0.005246965538395849,0.007568848133489964,nan,2.6732605596647335e-16,nan
nonlinear,0.1,8,5,simple_average,0.005246965538367464,0.007568848133857926,nan,nan,nan
nonlinear,0.1,8,5,hebbian,32.14984512711543,45.965567654688186,nan,nan,nan
nonlinear,0.1,8,5,softmax,0.00524684775692798,0.0075571525131089235,0.1,nan,nan
nonlinear,0.1,8,5,oracle_ridge,0.0052469655383958445,0.007568848133489979,nan,nan,nan
nonlinear,0.1,8,6,csm,0.0032874788323870767,0.005699937788814154,nan,2.689923072563017e-16,nan
nonlinear,0.1,8,6,simple_average,0.0032874788322258975,0.005699937788198358,nan,nan,nan
nonlinear,0.1,8,6,hebbian,26.12617458041381,41.87575274456973,nan,nan,nan
nonlinear,0.1,8,6,softmax,0.0032874788322258997,0.005699937788198358,0.001,nan,nan
nonlinear,0.1,8,6,oracle_ridge,0.0032874788323870785,0.005699937788814145,nan,nan,nan
nonlinear,0.1,8,7,csm,0.004679726027578695,0.008680004727408142,nan,2.7100809027936684e-16,nan
nonlinear,0.1,8,7,simple_average,0.00467972602783061,0.008680004728073605,nan,nan,nan
nonlinear,0.1,8,7,hebbian,25.093293550520745,36.30464856329352,nan,nan,nan
nonlinear,0.1,8,7,softmax,0.004674278327923602,0.008670155991781902,0.1,nan,nan
nonlinear,0.1,8,7,oracle_ridge,0.004679726027578692,0.008680004727408121,nan,nan,nan
nonlinear,0.1,8,8,csm,0.004891939772972349,0.010687103646822876,nan,2.7668362769538835e-16,nan
nonlinear,0.1,8,8,simple_average,0.00489193977328398,0.01068710364743556,nan,nan,nan
nonlinear,0.1,8,8,hebbian,39.6365408154653,62.921066553487215,nan,nan,nan
nonlinear,0.1,8,8,softmax,0.004882867801999025,0.010668731170883884,0.1,nan,nan
nonlinear,0.1,8,8,oracle_ridge,0.004891939772972344,0.010687103646822878,nan,nan,nan
nonlinear,0.1,8,9,csm,0.00462083963603366,0.008649193818319911,nan,2.9233785032271385e-16,nan
nonlinear,0.1,8,9,simple_average,0.004620839636096371,0.008649193818533414,nan,nan,nan
nonlinear,0.1,8,9,hebbian,33.555376007873974,48.93107358454205,nan,nan,nan
nonlinear,0.1,8,9,softmax,0.004617395708083358,0.008638144524750606,0.1,nan,nan
nonlinear,0.1,8,9,oracle_ridge,0.004620839636033668,0.008649193818319922,nan,nan,nan
nonlinear,0.1,8,10,csm,0.008041463579558957,0.011368389449743903,nan,3.780659284098096e-16,nan
nonlinear,0.1,8,10,simple_average,0.008041463579941285,0.011368389449505372,nan,nan,nan
nonlinear,0.1,8,10,hebbian,41.38011494068807,74.23190148138917,nan,nan,nan
nonlinear,0.1,8,10,softmax,0.008030430124460475,0.01139278392999002,0.1,nan,nan
nonlinear,0.1,8,10,oracle_ridge,0.008041463579558945,0.01136838944974389,nan,nan,nan
nonlinear,0.1,8,11,csm,0.005271099863833544,0.012696094957984707,nan,3.5074367609101173e-16,nan
nonlinear,0.1,8,11,simple_average,0.005271099864021503,0.01269609495853304,nan,nan,nan
nonlinear,0.1,8,11,hebbian,43.13337161553561,60.18868725722592,nan,nan,nan
nonlinear,0.1,8,11,softmax,0.00526223853919261,0.012666460187109305,0.1,nan,nan
nonlinear,0.1,8,11,oracle_ridge,0.0052710998638335425,0.012696094957984702,nan,nan,nan
nonlinear,0.1,8,12,csm,0.0035692785590772796,0.005542662317995748,nan,2.721561692346061e-16,nan
nonlinear,0.1,8,12,simple_average,0.0035692785586990718,0.005542662318019357,nan,nan,nan
nonlinear,0.1,8,12,hebbian,26.560610475779693,44.746431115852495,nan,nan,nan
nonlinear,0.1,8,12,softmax,0.0035692785586990705,0.005542662318019354,0.001,nan,nan
nonlinear,0.1,8,12,oracle_ridge,0.003569278559077276,0.00554266231799575,nan,nan,nan
nonlinear,0.1,8,13,csm,0.005988379081993581,0.009124627587668957,nan,3.733928265045274e-16,nan
nonlinear,0.1,8,13,simple_average,0.005988379081942029,0.009124627587587112,nan,nan,nan
nonlinear,0.1,8,13,hebbian,26.2142504757459,49.73046260922742,nan,nan,nan
nonlinear,0.1,8,13,softmax,0.005988379081942023,0.0091246275875871,0.001,nan,nan
nonlinear,0.1,8,13,oracle_ridge,0.005988379081993591,0.009124627587668986,nan,nan,nan
nonlinear,0.1,8,14,csm,0.008381062438657745,0.01174363054469859,nan,3.344560992360756e-16,nan
nonlinear,0.1,8,14,simple_average,0.008381062438866032,0.011743630545380255,nan,nan,nan
nonlinear,0.1,8,14,hebbian,28.6969789356543,39.49935047708818,nan,nan,nan
nonlinear,0.1,8,14,softmax,0.00837631441528197,0.01172257786152229,0.1,nan,nan
nonlinear,0.1,8,14,oracle_ridge,0.008381062438657742,0.01174363054469858,nan,nan,nan
nonlinear,0.1,8,15,csm,0.005959841402453408,0.010609783174040698,nan,2.930460941883512e-16,nan
nonlinear,0.1,8,15,simple_average,0.0059598414032689465,0.01060978317602459,nan,nan,nan
nonlinear,0.1,8,15,hebbian,52.8236995791666,88.83728259859394,nan,nan,nan
nonlinear,0.1,8,15,softmax,0.005941140253522794,0.010564104800586687,0.1,nan,nan
nonlinear,0.1,8,15,oracle_ridge,0.005959841402453412,0.01060978317404069,nan,nan,nan
nonlinear,0.1,16,0,csm,0.0052186136811452925,0.008050717464258728,nan,3.043722571622742e-16,nan
nonlinear,0.1,16,0,simple_average,0.005218613681209787,0.008050717464558758,nan,nan,nan
nonlinear,0.1,16,0,hebbian,145.0087411064101,264.0572643905514,nan,nan,nan
nonlinear,0.1,16,0,softmax,0.005218069433255498,0.008037506545497293,0.1,nan,nan
nonlinear,0.1,16,0,oracle_ridge,0.005218613681145281,0.008050717464258703,nan,nan,nan
nonlinear,0.1,16,1,csm,0.002350157605303858,0.004756297754800448,nan,3.8963821167235636e-16,nan
nonlinear,0.1,16,1,simple_average,0.0023501576053600232,0.004756297755069578,nan,nan,nan
nonlinear,0.1,16,1,hebbian,137.16595249287496,310.719505640744,nan,nan,nan
nonlinear,0.1,16,1,softmax,0.0023456819656621666,0.004744123492805813,0.1,nan,nan
nonlinear,0.1,16,1,oracle_ridge,0.0023501576053038603,0.004756297754800451,nan,nan,nan
nonlinear,0.1,16,2,csm,0.002711210623153241,0.0046777683015896045,nan,3.1725645442764867e-16,nan
nonlinear,0.1,16,2,simple_average,0.002711210623211476,0.004677768301577975,nan,nan,nan
nonlinear,0.1,16,2,hebbian,218.96897156815155,356.67833012278436,nan,nan,nan
nonlinear,0.1,16,2,softmax,0.002705492543807566,0.004680794399465442,0.1,nan,nan
nonlinear,0.1,16,2,oracle_ridge,0.0027112106231532438,0.004677768301589615,nan,nan,nan
nonlinear,0.1,16,3,csm,0.002013715555805418,0.002937206949648472,nan,2.600279576589092e-16,nan
nonlinear,0.1,16,3,simple_average,0.002013715555839327,0.0029372069494702988,nan,nan,nan
nonlinear,0.1,16,3,hebbian,164.63165394173632,211.6447671513503,nan,nan,nan
nonlinear,0.1,16,3,softmax,0.0020093424141048198,0.002938777231565549,0.1,nan,nan
nonlinear,0.1,16,3,oracle_ridge,0.002013715555805421,0.002937206949648478,nan,nan,nan
nonlinear,0.1,16,4,csm,0.0026857446031351645,0.004610311238238565,nan,2.9458618473843963e-16,nan
nonlinear,0.1,16,4,simple_average,0.00268574460337211,0.0046103112387318596,nan,nan,nan
nonlinear,0.1,16,4,hebbian,207.93879213188308,325.08775549664847,nan,nan,nan
nonlinear,0.1,16,4,softmax,0.0026763094635643713,0.004590283977445558,0.1,nan,nan
nonlinear,0.1,16,4,oracle_ridge,0.0026857446031351593,0.004610311238238551,nan,nan,nan
nonlinear,0.1,16,5,csm,0.003320211954954784,0.007237490878507664,nan,2.373800596085987e-16,nan
nonlinear,0.1,16,5,simple_average,0.003320211955157549,0.007237490878720869,nan,nan,nan
nonlinear,0.1,16,5,hebbian,247.16375750694408,334.2408826132412,nan,nan,nan
nonlinear,0.1,16,5,softmax,0.003308261301016614,0.007223809909767949,0.1,nan,nan
nonlinear,0.1,16,5,oracle_ridge,0.0033202119549547793,0.007237490878507658,nan,nan,nan
nonlinear,0.1,16,6,csm,0.0022145748877252275,0.005321592719827466,nan,3.97068306742709e-16,nan
nonlinear,0.1,16,6,simple_average,0.0022145748876611047,0.005321592719647253,nan,nan,nan
nonlinear,0.1,16,6,hebbian,111.04205483876771,263.4969282120916,nan,nan,nan
nonlinear,0.1,16,6,softmax,0.002214574887661106,0.005321592719647256,0.001,nan,nan
nonlinear,0.1,16,6,oracle_ridge,0.0022145748877252275,0.0053215927198274685,nan,nan,nan
nonlinear,0.1,16,7,csm,0.002912202007534496,0.0050160881047205536,nan,2.807974452534907e-16,nan
nonlinear,0.1,16,7,simple_average,0.002912202007663822,0.005016088104797568,nan,nan,nan
nonlinear,0.1,16,7,hebbian,193.51954303577696,290.39400419354854,nan,nan,nan
nonlinear,0.1,16,7,softmax,0.0029053602924163937,0.0050100566837906315,0.1,nan,nan
nonlinear,0.1,16,7,oracle_ridge,0.0029122020075344982,0.005016088104720549,nan,nan,nan
nonlinear,0.1,16,8,csm,0.00264494520577652,0.004905344513196445,nan,3.3601496965721534e-16,nan
nonlinear,0.1,16,8,simple_average,0.0026449452057480632,0.004905344513068835,nan,nan,nan
nonlinear,0.1,16,8,hebbian,177.80499742797213,314.0737797949188,nan,nan,nan
nonlinear,0.1,16,8,softmax,0.002644945205748065,0.004905344513068831,0.001,nan,nan
nonlinear,0.1,16,8,oracle_ridge,0.0026449452057765222,0.004905344513196453,nan,nan,nan
nonlinear,0.1,16,9,csm,0.002809974132145629,0.00533605508259977,nan,3.381346285747074e-16,nan
nonlinear,0.1,16,9,simple_average,0.002809974132064433,0.005336055082338224,nan,nan,nan
nonlinear,0.1,16,9,hebbian,137.31001098599194,223.07584575420552,nan,nan,nan
nonlinear,0.1,16,9,softmax,0.0028099741320644334,0.005336055082338227,0.001,nan,nan
nonlinear,0.1,16,9,oracle_ridge,0.002809974132145622,0.005336055082599757,nan,nan,nan
nonlinear,0.1,16,10,csm,0.0022510154297849406,0.004597096468729675,nan,2.740113144690508e-16,nan
nonlinear,0.1,16,10,simple_average,0.002251015429717372,0.0045970964686782,nan,nan,nan
nonlinear,0.1,16,10,hebbian,177.25853631613052,355.8003392068467,nan,nan,nan
nonlinear,0.1,16,10,softmax,0.002251015429717373,0.0045970964686782,0.001,nan,nan
nonlinear,0.1,16,10,oracle_ridge,0.0022510154297849345,0.004597096468729668,nan,nan,nan
nonlinear,0.1,16,11,csm,0.0014523632016459188,0.0024225614650555593,nan,2.895589885360663e-16,nan
nonlinear,0.1,16,11,simple_average,0.0014523632019007757,0.0024225614654421364,nan,nan,nan
nonlinear,0.1,16,11,hebbian,203.05558406972125,331.0422903833031,nan,nan,nan
nonlinear,0.1,16,11,softmax,0.001440175994847203,0.002402682222473707,0.1,nan,nan
nonlinear,0.1,16,11,oracle_ridge,0.0014523632016459188,0.002422561465055557,nan,nan,nan
nonlinear,0.1,16,12,csm,0.0029797764166412267,0.005409027310493722,nan,3.483433498392809e-16,nan
nonlinear,0.1,16,12,simple_average,0.0029797764166692585,0.005409027310463783,nan,nan,nan
nonlinear,0.1,16,12,hebbian,107.96913809072407,149.0331044616544,nan,nan,nan
nonlinear,0.1,16,12,softmax,0.002979776416669259,0.0054090273104637826,0.001,nan,nan
nonlinear,0.1,16,12,oracle_ridge,0.0029797764166412215,0.005409027310493715,nan,nan,nan
nonlinear,0.1,16,13,csm,0.002096982838872494,0.0034754924981744836,nan,2.6942333116464026e-16,nan
nonlinear,0.1,16,13,simple_average,0.002096982838774821,0.0034754924980688095,nan,nan,nan
nonlinear,0.1,16,13,hebbian,144.12465201704435,208.27025833754064,nan,nan,nan
nonlinear,0.1,16,13,softmax,0.002096982838774821,0.003475492498068811,0.001,nan,nan
nonlinear,0.1,16,13,oracle_ridge,0.0020969828388724973,0.003475492498174486,nan,nan,nan
nonlinear,0.1,16,14,csm,0.0024151915827517927,0.003912068875192306,nan,3.443221511959383e-16,nan
nonlinear,0.1,16,14,simple_average,0.0024151915828905203,0.003912068875739468,nan,nan,nan
nonlinear,0.1,16,14,hebbian,138.55972794860796,235.28938407162175,nan,nan,nan
nonlinear,0.1,16,14,softmax,0.002408783385160711,0.003887195337701954,0.1,nan,nan
nonlinear,0.1,16,14,oracle_ridge,0.0024151915827517875,0.003912068875192295,nan,nan,nan
nonlinear,0.1,16,15,csm,0.0018362871260783268,0.0036625697118537024,nan,3.1722798512078757e-16,nan
nonlinear,0.1,16,15,simple_average,0.001836287126021328,0.0036625697118234245,nan,nan,nan
nonlinear,0.1,16,15,hebbian,113.24061085448805,164.03935646732674,nan,nan,nan
nonlinear,0.1,16,15,softmax,0.001836287126021329,0.0036625697118234314,0.001,nan,nan
nonlinear,0.1,16,15,oracle_ridge,0.0018362871260783216,0.003662569711853697,nan,nan,nan
nonlinear,0.5,1,0,csm,1.1690179858399896,2.1917966178114696,nan,2.821703037038617e-16,nan
nonlinear,0.5,1,0,simple_average,1.1690179914829733,2.191796629923115,nan,nan,nan
nonlinear,0.5,1,0,hebbian,1.1690179914829733,2.1917966299231155,nan,nan,nan
nonlinear,0.5,1,0,softmax,0.49323274420903146,0.8742732107688121,0.5,nan,nan
nonlinear,0.5,1,0,oracle_ridge,1.1690179858399898,2.19179661781147,nan,nan,nan
nonlinear,0.5,1,1,csm,1.0273556749802406,1.433786569251738,nan,2.61024971626014e-16,nan
nonlinear,0.5,1,1,simple_average,1.0273556794594432,1.4337865759065576,nan,nan,nan
nonlinear,0.5,1,1,hebbian,1.0273556794594434,1.4337865759065587,nan,nan,nan
nonlinear,0.5,1,1,softmax,0.5240317061634162,0.674406671945761,0.5,nan,nan
nonlinear,0.5,1,1,oracle_ridge,1.0273556749802408,1.4337865692517375,nan,nan,nan
nonlinear,0.5,1,2,csm,0.9068801495234444,1.7034453210943028,nan,3.3366897098364076e-16,nan
nonlinear,0.5,1,2,simple_average,0.9068801538434034,1.7034453311375617,nan,nan,nan
nonlinear,0.5,1,2,hebbian,0.9068801538434033,1.7034453311375608,nan,nan,nan
nonlinear,0.5,1,2,softmax,0.3611331082281193,0.6588529179628282,0.5,nan,nan
nonlinear,0.5,1,2,oracle_ridge,0.9068801495234444,1.7034453210943024,nan,nan,nan
nonlinear,0.5,1,3,csm,1.049244585545958,1.7015974930738753,nan,2.7450491572223004e-16,nan
nonlinear,0.5,1,3,simple_average,1.0492445925760678,1.7015975049945733,nan,nan,nan
nonlinear,0.5,1,3,hebbian,1.0492445925760676,1.701597504994573,nan,nan,nan
nonlinear,0.5,1,3,softmax,0.225700145688967,0.36808028334537984,0.5,nan,nan
nonlinear,0.5,1,3,oracle_ridge,1.0492445855459582,1.7015974930738749,nan,nan,nan
nonlinear,0.5,1,4,csm,1.1962281284111838,2.295032310071767,nan,2.838159536701488e-16,nan
nonlinear,0.5,1,4,simple_average,1.1962281351092037,2.2950323223388462,nan,nan,nan
nonlinear,0.5,1,4,hebbian,1.196228135109204,2.2950323223388467,nan,nan,nan
nonlinear,0.5,1,4,softmax,0.507952448852499,0.9812338335391616,0.5,nan,nan
nonlinear,0.5,1,4,oracle_ridge,1.1962281284111833,2.2950323100717664,nan,nan,nan
nonlinear,0.5,1,5,csm,0.4476537895231636,0.747450071757254,nan,3.386256551206895e-16,nan
nonlinear,0.5,1,5,simple_average,0.44765379210203043,0.7474500743323612,nan,nan,nan
nonlinear,0.5,1,5,hebbian,0.4476537921020304,0.7474500743323612,nan,nan,nan
nonlinear,0.5,1,5,softmax,0.23563257547236932,0.35500747321459747,0.5,nan,nan
nonlinear,0.5,1,5,oracle_ridge,0.44765378952316376,0.7474500717572544,nan,nan,nan
nonlinear,0.5,1,6,csm,1.2863786120062461,2.2301792353857275,nan,3.253191182387448e-16,nan
nonlinear,0.5,1,6,simple_average,1.286378619518539,2.2301792470995627,nan,nan,nan
nonlinear,0.5,1,6,hebbian,1.2863786195185387,2.230179247099563,nan,nan,nan
nonlinear,0.5,1,6,softmax,0.44816799643449745,0.9800488503418279,0.5,nan,nan
nonlinear,0.5,1,6,oracle_ridge,1.2863786120062464,2.230179235385728,nan,nan,nan
nonlinear,0.5,1,7,csm,0.9244800317428759,1.354911448057031,nan,2.598991763350963e-16,nan
nonlinear,0.5,1,7,simple_average,0.9244800361130708,1.3549114528443145,nan,nan,nan
nonlinear,0.5,1,7,hebbian,0.9244800361130704,1.3549114528443142,nan,nan,nan
nonlinear,0.5,1,7,softmax,0.4036420685379603,0.8613561799335665,0.5,nan,nan
nonlinear,0.5,1,7,oracle_ridge,0.9244800317428756,1.3549114480570306,nan,nan,nan
nonlinear,0.5,1,8,csm,0.6665933592807292,1.3836575139025211,nan,2.431122653122559e-16,nan
nonlinear,0.5,1,8,simple_average,0.6665933634816091,1.3836575219879286,nan,nan,nan
nonlinear,0.5,1,8,hebbian,0.6665933634816094,1.383657521987929,nan,nan,nan
nonlinear,0.5,1,8,softmax,0.29596631634367215,0.376734141839428,0.5,nan,nan
nonlinear,0.5,1,8,oracle_ridge,0.6665933592807292,1.3836575139025211,nan,nan,nan
nonlinear,0.5,1,9,csm,0.5028582705166538,0.8097281009374513,nan,2.817057591317442e-16,nan
nonlinear,0.5,1,9,simple_average,0.5028582730496602,0.8097281042622299,nan,nan,nan
nonlinear,0.5,1,9,hebbian,0.50285827304966,0.8097281042622297,nan,nan,nan
nonlinear,0.5,1,9,softmax,0.2791199562123206,0.616701158476346,0.5,nan,nan
nonlinear,0.5,1,9,oracle_ridge,0.5028582705166535,0.8097281009374513,nan,nan,nan
nonlinear,0.5,1,10,csm,0.9918002867523312,1.990493089568324,nan,2.9032371854810074e-16,nan
nonlinear,0.5,1,10,simple_average,0.9918002910309033,1.9904930982222495,nan,nan,nan
nonlinear,0.5,1,10,hebbian,0.9918002910309031,1.9904930982222488,nan,nan,nan
nonlinear,0.5,1,10,softmax,0.6375098694503027,1.4148036466136578,0.5,nan,nan
nonlinear,0.5,1,10,oracle_ridge,0.9918002867523312,1.9904930895683248,nan,nan,nan
nonlinear,0.5,1,11,csm,1.1760754005481933,1.8688152968134422,nan,3.135015644917066e-16,nan
nonlinear,0.5,1,11,simple_average,1.1760754055653206,1.8688153024406895,nan,nan,nan
nonlinear,0.5,1,11,hebbian,1.1760754055653204,1.8688153024406893,nan,nan,nan
nonlinear,0.5,1,11,softmax,0.6309097631946102,1.0808426574167491,0.5,nan,nan
nonlinear,0.5,1,11,oracle_ridge,1.1760754005481935,1.8688152968134424,nan,nan,nan
nonlinear,0.5,1,12,csm,0.7608300009326054,1.3361719853904628,nan,2.235882416063525e-16,nan
nonlinear,0.5,1,12,simple_average,0.7608300054737822,1.3361719939054835,nan,nan,nan
nonlinear,0.5,1,12,hebbian,0.7608300054737824,1.3361719939054837,nan,nan,nan
nonlinear,0.5,1,12,softmax,0.319808023331541,0.537580591973637,0.5,nan,nan
nonlinear,0.5,1,12,oracle_ridge,0.7608300009326054,1.3361719853904623,nan,nan,nan
nonlinear,0.5,1,13,csm,0.9399843899539163,1.8093534519190284,nan,2.8351652398386314e-16,nan
nonlinear,0.5,1,13,simple_average,0.9399843957543471,1.8093534605858204,nan,nan,nan
nonlinear,0.5,1,13,hebbian,0.9399843957543474,1.8093534605858208,nan,nan,nan
nonlinear,0.5,1,13,softmax,0.27584802940485553,0.47752939648959286,0.5,nan,nan
nonlinear,0.5,1,13,oracle_ridge,0.9399843899539165,1.8093534519190289,nan,nan,nan
nonlinear,0.5,1,14,csm,1.0103277906435388,1.5791187952925174,nan,2.5956033760003053e-16,nan
nonlinear,0.5,1,14,simple_average,1.0103277967225375,1.5791188030186685,nan,nan,nan
nonlinear,0.5,1,14,hebbian,1.0103277967225377,1.5791188030186687,nan,nan,nan
nonlinear,0.5,1,14,softmax,0.2658589669585754,0.5907678601681066,0.5,nan,nan
nonlinear,0.5,1,14,oracle_ridge,1.0103277906435388,1.579118795292517,nan,nan,nan
nonlinear,0.5,1,15,csm,1.111306400918196,1.7401582129205757,nan,3.035288094795014e-16,nan
nonlinear,0.5,1,15,simple_average,1.1113064054970776,1.7401582193888998,nan,nan,nan
nonlinear,0.5,1,15,hebbian,1.111306405497077,1.740158219388899,nan,nan,nan
nonlinear,0.5,1,15,softmax,0.47275886889060587,0.7316905300285625,1.0,nan,nan
nonlinear,0.5,1,15,oracle_ridge,1.111306400918196,1.7401582129205757,nan,nan,nan
nonlinear,0.5,2,0,csm,0.45441944055781325,0.7852836254503238,nan,2.5599257069093573e-16,nan
nonlinear,0.5,2,0,simple_average,0.4544194413247774,0.7852836268001155,nan,nan,nan
nonlinear,0.5,2,0,hebbian,2.0514223221276,2.594239489450431,nan,nan,nan
nonlinear,0.5,2,0,softmax,0.42540582276191385,0.697739313814518,0.5,nan,nan
nonlinear,0.5,2,0,oracle_ridge,0.45441944055781336,0.785283625450324,nan,nan,nan
nonlinear,0.5,2,1,csm,0.8420852910960978,1.4820814881251,nan,3.030862479054013e-16,nan
nonlinear,0.5,2,1,simple_average,0.8420852934380438,1.4820814928092698,nan,nan,nan
nonlinear,0.5,2,1,hebbian,4.54635574429841,9.244700347602052,nan,nan,nan
nonlinear,0.5,2,1,softmax,0.3801124493964728,0.6331619294370904,0.5,nan,nan
nonlinear,0.5,2,1,oracle_ridge,0.8420852910960978,1.4820814881250999,nan,nan,nan
nonlinear,0.5,2,2,csm,0.5205182887978628,0.8992194360125426,nan,2.2420384491940334e-16,nan
nonlinear,0.5,2,2,simple_average,0.5205182899220888,0.8992194380597553,nan,nan,nan
nonlinear,0.5,2,2,hebbian,2.480830192678196,3.932217063002026,nan,nan,nan
nonlinear,0.5,2,2,softmax,0.43269625233966763,0.7326201937396228,0.5,nan,nan
nonlinear,0.5,2,2,oracle_ridge,0.5205182887978628,0.8992194360125431,nan,nan,nan
nonlinear,0.5,2,3,csm,0.3921445101149832,0.5681670852143206,nan,2.1663988959371967e-16,nan
nonlinear,0.5,2,3,simple_average,0.39214451098197456,0.5681670863179589,nan,nan,nan
nonlinear,0.5,2,3,hebbian,2.1722344437879597,3.137110030566576,nan,nan,nan
nonlinear,0.5,2,3,softmax,0.3297233730008087,0.6682925692352385,0.5,nan,nan
nonlinear,0.5,2,3,oracle_ridge,0.39214451011498314,0.5681670852143205,nan,nan,nan
nonlinear,0.5,2,4,csm,0.5805335230237514,0.8100942166126194,nan,2.9099230378502774e-16,nan
nonlinear,0.5,2,4,simple_average,0.5805335249421846,0.8100942199485102,nan,nan,nan
nonlinear,0.5,2,4,hebbian,4.026693618454329,5.748167620571594,nan,nan,nan
nonlinear,0.5,2,4,softmax,0.3385979372467953,0.4832229699439944,0.5,nan,nan
nonlinear,0.5,2,4,oracle_ridge,0.5805335230237514,0.8100942166126192,nan,nan,nan
nonlinear,0.5,2,5,csm,0.45130626537216284,0.722099789408424,nan,2.717648502007042e-16,nan
nonlinear,0.5,2,5,simple_average,0.4513062665696758,0.7220997916494839,nan,nan,nan
nonlinear,0.5,2,5,hebbian,2.613269271980177,3.9811365291055716,nan,nan,nan
nonlinear,0.5,2,5,softmax,0.3613776429840566,0.5149700692069799,0.5,nan,nan
nonlinear,0.5,2,5,oracle_ridge,0.4513062653721628,0.722099789408424,nan,nan,nan
nonlinear,0.5,2,6,csm,0.4954639980958494,0.72016109573442,nan,3.1436865446726597e-16,nan
nonlinear,0.5,2,6,simple_average,0.49546399926528234,0.7201610983974152,nan,nan,nan
nonlinear,0.5,2,6,hebbian,3.0307730997715145,5.028351253236308,nan,nan,nan
nonlinear,0.5,2,6,softmax,0.4841305201646552,1.0403792212925174,0.5,nan,nan
nonlinear,0.5,2,6,oracle_ridge,0.49546399809584935,0.7201610957344203,nan,nan,nan
nonlinear,0.5,2,7,csm,0.5245828336966185,0.7927010567230459,nan,2.5100779640010713e-16,nan
nonlinear,0.5,2,7,simple_average,0.5245828351296369,0.7927010596012709,nan,nan,nan
nonlinear,0.5,2,7,hebbian,3.011129653075069,6.318821129601577,nan,nan,nan
nonlinear,0.5,2,7,softmax,0.39645790962317984,0.6816910876752956,0.5,nan,nan
nonlinear,0.5,2,7,oracle_ridge,0.5245828336966185,0.7927010567230464,nan,nan,nan
nonlinear,0.5,2,8,csm,0.36198627073472306,0.6167756671865334,nan,4.194768924667508e-16,nan
nonlinear,0.5,2,8,simple_average,0.36198627158862895,0.6167756691774986,nan,nan,nan
nonlinear,0.5,2,8,hebbian,1.7959808459819553,3.502790649209664,nan,nan,nan
nonlinear,0.5,2,8,softmax,0.20219394859503276,0.31448796508933924,0.5,nan,nan
nonlinear,0.5,2,8,oracle_ridge,0.36198627073472284,0.6167756671865328,nan,nan,nan
nonlinear,0.5,2,9,csm,0.3681267625092567,0.6876438499252993,nan,2.883611600846063e-16,nan
nonlinear,0.5,2,9,simple_average,0.3681267631464603,0.6876438511524622,nan,nan,nan
nonlinear,0.5,2,9,hebbian,1.4813039843967546,2.736793225818558,nan,nan,nan
nonlinear,0.5,2,9,softmax,0.25936033615208454,0.4385245190436447,0.5,nan,nan
nonlinear,0.5,2,9,oracle_ridge,0.3681267625092567,0.6876438499252993,nan,nan,nan
nonlinear,0.5,2,10,csm,0.46029746406005934,0.8428665761211931,nan,2.379187076063675e-16,nan
nonlinear,0.5,2,10,simple_average,0.46029746522167936,0.8428665778184423,nan,nan,nan
nonlinear,0.5,2,10,hebbian,2.399490103239952,3.8607522804458023,nan,nan,nan
nonlinear,0.5,2,10,softmax,0.32834647911868986,0.6036388209995727,0.5,nan,nan
nonlinear,0.5,2,10,oracle_ridge,0.4602974640600592,0.842866576121193,nan,nan,nan
nonlinear,0.5,2,11,csm,0.4974615369112877,0.7674746337871088,nan,3.2462510811174285e-16,nan
nonlinear,0.5,2,11,simple_average,0.4974615381189715,0.7674746348438601,nan,nan,nan
nonlinear,0.5,2,11,hebbian,2.558442788639482,5.40460586426341,nan,nan,nan
nonlinear,0.5,2,11,softmax,0.3616113255863698,0.6334202483136837,0.5,nan,nan
nonlinear,0.5,2,11,oracle_ridge,0.4974615369112878,0.7674746337871091,nan,nan,nan
nonlinear,0.5,2,12,csm,0.4943689892536645,0.8972692871940061,nan,5.534579837130135e-16,nan
nonlinear,0.5,2,12,simple_average,0.49436899085960306,0.8972692897643703,nan,nan,nan
nonlinear,0.5,2,12,hebbian,3.343940950911698,8.120509953151936,nan,nan,nan
nonlinear,0.5,2,12,softmax,0.39626285864003835,0.7586053641176456,0.5,nan,nan
nonlinear,0.5,2,12,oracle_ridge,0.49436898925366457,0.8972692871940059,nan,nan,nan
nonlinear,0.5,2,13,csm,0.21191153532975826,0.34523379997211545,nan,3.4420060681037813e-16,nan
nonlinear,0.5,2,13,simple_average,0.2119115361053085,0.34523380098501477,nan,nan,nan
nonlinear,0.5,2,13,hebbian,1.909587227141541,3.4691378005146754,nan,nan,nan
nonlinear,0.5,2,13,softmax,0.21170711873106302,0.3449912977689637,0.1,nan,nan
nonlinear,0.5,2,13,oracle_ridge,0.21191153532975818,0.3452337999721153,nan,nan,nan
nonlinear,0.5,2,14,csm,0.41486712789632524,0.6327503709014244,nan,2.6768325217192064e-16,nan
nonlinear,0.5,2,14,simple_average,0.4148671286652805,0.6327503721961654,nan,nan,nan
nonlinear,0.5,2,14,hebbian,1.997473959271629,3.3978462030649883,nan,nan,nan
nonlinear,0.5,2,14,softmax,0.41474944937947,0.6325354207607731,0.1,nan,nan
nonlinear,0.5,2,14,oracle_ridge,0.4148671278963251,0.6327503709014244,nan,nan,nan
nonlinear,0.5,2,15,csm,0.3891018152872264,0.533804058001435,nan,2.1099022053551035e-16,nan
nonlinear,0.5,2,15,simple_average,0.3891018163770525,0.5338040589844129,nan,nan,nan
nonlinear,0.5,2,15,hebbian,2.327604939866637,4.010912505003987,nan,nan,nan
nonlinear,0.5,2,15,softmax,0.2394171582564897,0.3538077346684254,0.5,nan,nan
nonlinear,0.5,2,15,oracle_ridge,0.3891018152872263,0.5338040580014349,nan,nan,nan
nonlinear,0.5,4,0,csm,0.2223421886761266,0.36873322084192167,nan,2.771700612896642e-16,nan
nonlinear,0.5,4,0,simple_average,0.2223421887886089,0.36873322119135893,nan,nan,nan
nonlinear,0.5,4,0,hebbian,5.561582377443772,8.861478505022957,nan,nan,nan
nonlinear,0.5,4,0,softmax,0.22226652954487808,0.3685008409161184,0.1,nan,nan
nonlinear,0.5,4,0,oracle_ridge,0.22234218867612657,0.36873322084192167,nan,nan,nan
nonlinear,0.5,4,1,csm,0.19346443163201293,0.3594245206951969,nan,4.0005370724026186e-16,nan
nonlinear,0.5,4,1,simple_average,0.19346443196310714,0.359424521378174,nan,nan,nan
nonlinear,0.5,4,1,hebbian,12.791189375338163,20.64921533209437,nan,nan,nan
nonlinear,0.5,4,1,softmax,0.19330157495671044,0.3590772496444695,0.1,nan,nan
nonlinear,0.5,4,1,oracle_ridge,0.19346443163201302,0.3594245206951972,nan,nan,nan
nonlinear,0.5,4,2,csm,0.2047208212989,0.29865137537982117,nan,3.7716765488394505e-16,nan
nonlinear,0.5,4,2,simple_average,0.2047208216245395,0.29865137597784747,nan,nan,nan
nonlinear,0.5,4,2,hebbian,9.897255794578513,16.684210926209413,nan,nan,nan
nonlinear,0.5,4,2,softmax,0.20455007780821188,0.29832851996859305,0.1,nan,nan
nonlinear,0.5,4,2,oracle_ridge,0.20472082129890007,0.29865137537982134,nan,nan,nan
nonlinear,0.5,4,3,csm,0.19240067654653015,0.3513334238948432,nan,2.3673306915345605e-16,nan
nonlinear,0.5,4,3,simple_average,0.19240067672836725,0.35133342400590967,nan,nan,nan
nonlinear,0.5,4,3,hebbian,5.354209047992338,10.266849662569783,nan,nan,nan
nonlinear,0.5,4,3,softmax,0.19231619994255023,0.35129235686800425,0.1,nan,nan
nonlinear,0.5,4,3,oracle_ridge,0.1924006765465301,0.3513334238948431,nan,nan,nan
nonlinear,0.5,4,4,csm,0.3601750689019244,0.6817463230202394,nan,3.043096087723909e-16,nan
nonlinear,0.5,4,4,simple_average,0.3601750694839655,0.6817463239068747,nan,nan,nan
nonlinear,0.5,4,4,hebbian,15.873333737535313,28.179792743083777,nan,nan,nan
nonlinear,0.5,4,4,softmax,0.2585794826310357,0.39990129270557584,0.5,nan,nan
nonlinear,0.5,4,4,oracle_ridge,0.36017506890192424,0.6817463230202394,nan,nan,nan
nonlinear,0.5,4,5,csm,0.14314149642361185,0.2255227322644823,nan,2.8999764055560697e-16,nan
nonlinear,0.5,4,5,simple_average,0.1431414965967632,0.22552273259051556,nan,nan,nan
nonlinear,0.5,4,5,hebbian,10.84682343901789,17.54504351870332,nan,nan,nan
nonlinear,0.5,4,5,softmax,0.14304693945501684,0.22536292735697827,0.1,nan,nan
nonlinear,0.5,4,5,oracle_ridge,0.1431414964236119,0.2255227322644824,nan,nan,nan
nonlinear,0.5,4,6,csm,0.2522140475645971,0.43866147960493934,nan,3.037741004922355e-16,nan
nonlinear,0.5,4,6,simple_average,0.25221404782456414,0.43866148011317335,nan,nan,nan
nonlinear,0.5,4,6,hebbian,7.442900886294745,11.978140271890863,nan,nan,nan
nonlinear,0.5,4,6,softmax,0.22647073448181437,0.4566432304314408,0.5,nan,nan
nonlinear,0.5,4,6,oracle_ridge,0.2522140475645971,0.43866147960493934,nan,nan,nan
nonlinear,0.5,4,7,csm,0.22200757693752848,0.3394825125970423,nan,3.103062542649392e-16,nan
nonlinear,0.5,4,7,simple_average,0.2220075772868375,0.3394825131051115,nan,nan,nan
nonlinear,0.5,4,7,hebbian,10.634415319458085,15.696408047163311,nan,nan,nan
nonlinear,0.5,4,7,softmax,0.19619582051310136,0.32078323219201965,0.5,nan,nan
nonlinear,0.5,4,7,oracle_ridge,0.22200757693752843,0.33948251259704226,nan,nan,nan
nonlinear,0.5,4,8,csm,0.19992384412872954,0.3051826313864165,nan,2.314190003549117e-16,nan
nonlinear,0.5,4,8,simple_average,0.1999238443353204,0.30518263179395566,nan,nan,nan
nonlinear,0.5,4,8,hebbian,6.701314742522902,12.125089901711902,nan,nan,nan
nonlinear,0.5,4,8,softmax,0.19669911587615924,0.32885646247264144,0.5,nan,nan
nonlinear,0.5,4,8,oracle_ridge,0.1999238441287296,0.30518263138641644,nan,nan,nan
nonlinear,0.5,4,9,csm,0.28479745566348497,0.394337301868779,nan,2.4090218185509145e-16,nan
nonlinear,0.5,4,9,simple_average,0.2847974560833136,0.39433730221209545,nan,nan,nan
nonlinear,0.5,4,9,hebbian,11.770958900335234,21.578111549747504,nan,nan,nan
nonlinear,0.5,4,9,softmax,0.21497650452998124,0.3864434590134367,0.5,nan,nan
nonlinear,0.5,4,9,oracle_ridge,0.28479745566348497,0.39433730186877913,nan,nan,nan
nonlinear,0.5,4,10,csm,0.19642486194238207,0.30188593579441736,nan,2.628977083538079e-16,nan
nonlinear,0.5,4,10,simple_average,0.19642486224832273,0.3018859361528559,nan,nan,nan
nonlinear,0.5,4,10,hebbian,12.15832726318713,21.681985969772533,nan,nan,nan
nonlinear,0.5,4,10,softmax,0.1962545150871668,0.3016931531370006,0.1,nan,nan
nonlinear,0.5,4,10,oracle_ridge,0.196424861942382,0.30188593579441725,nan,nan,nan
nonlinear,0.5,4,11,csm,0.2433457632919468,0.3580474345492775,nan,2.7920875068449474e-16,nan
nonlinear,0.5,4,11,simple_average,0.24334576348862513,0.3580474351169991,nan,nan,nan
nonlinear,0.5,4,11,hebbian,10.192324289726278,19.23631100926955,nan,nan,nan
nonlinear,0.5,4,11,softmax,0.24329269282663432,0.35781050780318724,0.1,nan,nan
nonlinear,0.5,4,11,oracle_ridge,0.2433457632919467,0.35804743454927734,nan,nan,nan
nonlinear,0.5,4,12,csm,0.2694846163759843,0.40172111018453777,nan,2.988778727860528e-16,nan
nonlinear,0.5,4,12,simple_average,0.2694846169242946,0.40172111070900357,nan,nan,nan
nonlinear,0.5,4,12,hebbian,12.70477128916341,17.795397560985528,nan,nan,nan
nonlinear,0.5,4,12,softmax,0.1591353542459562,0.2673595225759348,0.5,nan,nan
nonlinear,0.5,4,12,oracle_ridge,0.2694846163759843,0.40172111018453766,nan,nan,nan
nonlinear,0.5,4,13,csm,0.2680970259703792,0.4074592209595055,nan,2.7803340237203516e-16,nan
nonlinear,0.5,4,13,simple_average,0.2680970263773149,0.4074592219706223,nan,nan,nan
nonlinear,0.5,4,13,hebbian,12.158709820966322,23.421813286502246,nan,nan,nan
nonlinear,0.5,4,13,softmax,0.25850583498422214,0.3651501943048681,0.5,nan,nan
nonlinear,0.5,4,13,oracle_ridge,0.2680970259703792,0.40745922095950576,nan,nan,nan
nonlinear,0.5,4,14,csm,0.21754724024324051,0.3007308052677774,nan,2.340771211180898e-16,nan
nonlinear,0.5,4,14,simple_average,0.2175472404347003,0.30073080552240744,nan,nan,nan
nonlinear,0.5,4,14,hebbian,7.556997386010865,12.987937877273943,nan,nan,nan
nonlinear,0.5,4,14,softmax,0.2174235650655836,0.30050967946802376,0.1,nan,nan
nonlinear,0.5,4,14,oracle_ridge,0.21754724024324054,0.3007308052677774,nan,nan,nan
nonlinear,0.5,4,15,csm,0.20674175692421018,0.4024426027524318,nan,4.04112871888579e-16,nan
nonlinear,0.5,4,15,simple_average,0.20674175717497728,0.4024426032841381,nan,nan,nan
nonlinear,0.5,4,15,hebbian,8.115919631221201,12.827013169600484,nan,nan,nan
nonlinear,0.5,4,15,softmax,0.2066497039065018,0.40218964258225365,0.1,nan,nan
nonlinear,0.5,4,15,oracle_ridge,0.20674175692421023,0.402442602752432,nan,nan,nan
nonlinear,0.5,8,0,csm,0.14016472913282074,0.21757918945639587,nan,2.437522790391432e-16,nan
nonlinear,0.5,8,0,simple_average,0.14016472921357193,0.21757918967485942,nan,nan,nan
nonlinear,0.5,8,0,hebbian,51.8822501867965,90.09640985947146,nan,nan,nan
nonlinear,0.5,8,0,softmax,0.1401104147282473,0.21740048750519955,0.1,nan,nan
nonlinear,0.5,8,0,oracle_ridge,0.14016472913282077,0.21757918945639582,nan,nan,nan
nonlinear,0.5,8,1,csm,0.10437754017335923,0.17932030261448859,nan,2.9619400382725074e-16,nan
nonlinear,0.5,8,1,simple_average,0.10437754024381159,0.17932030277975686,nan,nan,nan
nonlinear,0.5,8,1,hebbian,23.77622680059137,36.78784553412268,nan,nan,nan
nonlinear,0.5,8,1,softmax,0.10429691870769453,0.1791264347545311,0.1,nan,nan
nonlinear,0.5,8,1,oracle_ridge,0.10437754017335923,0.17932030261448864,nan,nan,nan
nonlinear,0.5,8,2,csm,0.10699907786853886,0.1868541705500302,nan,2.5219557772714426e-16,nan
nonlinear,0.5,8,2,simple_average,0.10699907792986556,0.18685417067980872,nan,nan,nan
nonlinear,0.5,8,2,hebbian,27.56231480025538,50.289685325704546,nan,nan,nan
nonlinear,0.5,8,2,softmax,0.10691935488115972,0.18672416273865072,0.1,nan,nan
nonlinear,0.5,8,2,oracle_ridge,0.10699907786853885,0.1868541705500302,nan,nan,nan
nonlinear,0.5,8,3,csm,0.09826836990882315,0.21758532038958625,nan,2.9951867370765506e-16,nan
nonlinear,0.5,8,3,simple_average,0.09826836991408164,0.21758532042318343,nan,nan,nan
nonlinear,0.5,8,3,hebbian,22.269293141807772,42.520202542050704,nan,nan,nan
nonlinear,0.5,8,3,softmax,0.09825634025595364,0.2175424478087769,0.1,nan,nan
nonlinear,0.5,8,3,oracle_ridge,0.09826836990882312,0.21758532038958625,nan,nan,nan
nonlinear,0.5,8,4,csm,0.11909484963075036,0.18570828103168013,nan,3.472988150769756e-16,nan
nonlinear,0.5,8,4,simple_average,0.11909484967987899,0.18570828107942794,nan,nan,nan
nonlinear,0.5,8,4,hebbian,41.0884601077568,92.9207069586712,nan,nan,nan
nonlinear,0.5,8,4,softmax,0.11902840602962468,0.18563970877078448,0.1,nan,nan
nonlinear,0.5,8,4,oracle_ridge,0.11909484963075029,0.18570828103168016,nan,nan,nan
nonlinear,0.5,8,5,csm,0.13117413839714603,0.18922120320584024,nan,2.818680743816037e-16,nan
nonlinear,0.5,8,5,simple_average,0.13117413845918657,0.18922120334644804,nan,nan,nan
nonlinear,0.5,8,5,hebbian,37.35010794249946,62.75776423751544,nan,nan,nan
nonlinear,0.5,8,5,softmax,0.13110725775937537,0.18907886115643585,0.1,nan,nan
nonlinear,0.5,8,5,oracle_ridge,0.13117413839714603,0.18922120320584027,nan,nan,nan
nonlinear,0.5,8,6,csm,0.08218697078470091,0.14249844471068254,nan,2.9398344218993494e-16,nan
nonlinear,0.5,8,6,simple_average,0.08218697080564741,0.14249844470495887,nan,nan,nan
nonlinear,0.5,8,6,hebbian,26.814676861216302,53.71699571785859,nan,nan,nan
nonlinear,0.5,8,6,softmax,0.08215108175019518,0.14245839065486018,0.1,nan,nan
nonlinear,0.5,8,6,oracle_ridge,0.0821869707847009,0.14249844471068263,nan,nan,nan
nonlinear,0.5,8,7,csm,0.11699315060577976,0.21700011801015795,nan,2.8295860605575205e-16,nan
nonlinear,0.5,8,7,simple_average,0.11699315069576519,0.21700011820183981,nan,nan,nan
nonlinear,0.5,8,7,hebbian,34.69906844132015,65.34290267512453,nan,nan,nan
nonlinear,0.5,8,7,softmax,0.11690035079052506,0.21682507828338002,0.1,nan,nan
nonlinear,0.5,8,7,oracle_ridge,0.11699315060577978,0.21700011801015812,nan,nan,nan
nonlinear,0.5,8,8,csm,0.12229849423199812,0.2671775909757197,nan,2.868729601509867e-16,nan
nonlinear,0.5,8,8,simple_average,0.1222984943320995,0.2671775911858889,nan,nan,nan
nonlinear,0.5,8,8,hebbian,50.54315431706462,84.85151214300461,nan,nan,nan
nonlinear,0.5,8,8,softmax,0.12218242374475032,0.26693277266777504,0.1,nan,nan
nonlinear,0.5,8,8,oracle_ridge,0.12229849423199811,0.2671775909757197,nan,nan,nan
nonlinear,0.5,8,9,csm,0.11552099083681067,0.21622984532853418,nan,3.171554947260543e-16,nan
nonlinear,0.5,8,9,simple_average,0.11552099090240932,0.21622984546333546,nan,nan,nan
nonlinear,0.5,8,9,hebbian,39.70652488408051,63.1335609357242,nan,nan,nan
nonlinear,0.5,8,9,softmax,0.11544240056005706,0.21606203343774819,0.1,nan,nan
nonlinear,0.5,8,9,oracle_ridge,0.11552099083681065,0.21622984532853426,nan,nan,nan
nonlinear,0.5,8,10,csm,0.2010365893502224,0.2842097361253467,nan,2.3934349646840903e-16,nan
nonlinear,0.5,8,10,simple_average,0.20103658949853204,0.2842097362376342,nan,nan,nan
nonlinear,0.5,8,10,hebbian,56.9805936118352,90.10461946251277,nan,nan,nan
nonlinear,0.5,8,10,softmax,0.20087759193379293,0.2841748525663668,0.1,nan,nan
nonlinear,0.5,8,10,oracle_ridge,0.20103658935022228,0.2842097361253466,nan,nan,nan
nonlinear,0.5,8,11,csm,0.13177749651115436,0.31740237373608254,nan,2.5312361205806903e-16,nan
nonlinear,0.5,8,11,simple_average,0.13177749660053756,0.3174023739633259,nan,nan,nan
nonlinear,0.5,8,11,hebbian,52.23649363996951,83.88506864291918,nan,nan,nan
nonlinear,0.5,8,11,softmax,0.13166977010549252,0.31710102559860387,0.1,nan,nan
nonlinear,0.5,8,11,oracle_ridge,0.1317774965111544,0.3174023737360827,nan,nan,nan
nonlinear,0.5,8,12,csm,0.08923196397013636,0.13856655787824745,nan,2.2577571940726404e-16,nan
nonlinear,0.5,8,12,simple_average,0.08923196396747676,0.13856655795048375,nan,nan,nan
nonlinear,0.5,8,12,hebbian,23.666563316605405,33.81965777350557,nan,nan,nan
nonlinear,0.5,8,12,softmax,0.08923196396747675,0.13856655795048375,0.001,nan,nan
nonlinear,0.5,8,12,oracle_ridge,0.08923196397013637,0.13856655787824743,nan,nan,nan
nonlinear,0.5,8,13,csm,0.14970947698014064,0.22811568958585016,nan,3.2027948034255106e-16,nan
nonlinear,0.5,8,13,simple_average,0.1497094770485506,0.22811568968967755,nan,nan,nan
nonlinear,0.5,8,13,hebbian,31.805684339526202,59.94628491916998,nan,nan,nan
nonlinear,0.5,8,13,softmax,0.1496558345687128,0.22805089345964347,0.1,nan,nan
nonlinear,0.5,8,13,oracle_ridge,0.14970947698014062,0.22811568958585005,nan,nan,nan
nonlinear,0.5,8,14,csm,0.20952656084085114,0.2935907634025001,nan,2.8120778095537593e-16,nan
nonlinear,0.5,8,14,simple_average,0.20952656097165076,0.2935907636345063,nan,nan,nan
nonlinear,0.5,8,14,hebbian,41.54813753904325,82.859490027924,nan,nan,nan
nonlinear,0.5,8,14,softmax,0.20938846968612002,0.29331632983087325,0.1,nan,nan
nonlinear,0.5,8,14,oracle_ridge,0.2095265608408512,0.29359076340250007,nan,nan,nan
nonlinear,0.5,8,15,csm,0.1489960349052834,0.26524457902000836,nan,3.1093005605374397e-16,nan
nonlinear,0.5,8,15,simple_average,0.14899603508172354,0.26524457940061474,nan,nan,nan
nonlinear,0.5,8,15,hebbian,73.92239676182267,147.74874716972323,nan,nan,nan
nonlinear,0.5,8,15,softmax,0.14881994468935772,0.2648728205689387,0.1,nan,nan
nonlinear,0.5,8,15,oracle_ridge,0.14899603490528338,0.26524457902000814,nan,nan,nan
nonlinear,0.5,16,0,csm,0.1304653419895653,0.20126793652614733,nan,3.1121331354165353e-16,nan
nonlinear,0.5,16,0,simple_average,0.13046534203024476,0.20126793661396894,nan,nan,nan
nonlinear,0.5,16,0,hebbian,176.9600424366477,343.46764677187963,nan,nan,nan
nonlinear,0.5,16,0,softmax,0.13040008679755508,0.20110016883381468,0.1,nan,nan
nonlinear,0.5,16,0,oracle_ridge,0.13046534198956528,0.20126793652614727,nan,nan,nan
nonlinear,0.5,16,1,csm,0.058753940112290896,0.11890744381336361,nan,3.0436600969221747e-16,nan
nonlinear,0.5,16,1,simple_average,0.058753940134000586,0.11890744387673949,nan,nan,nan
nonlinear,0.5,16,1,hebbian,155.72068996894865,372.27965249119677,nan,nan,nan
nonlinear,0.5,16,1,softmax,0.05869828697940839,0.11877452248831191,0.1,nan,nan
nonlinear,0.5,16,1,oracle_ridge,0.05875394011229091,0.11890744381336349,nan,nan,nan
nonlinear,0.5,16,2,csm,0.0677802655560623,0.11694420751166403,nan,2.428673635287206e-16,nan
nonlinear,0.5,16,2,simple_average,0.06778026558028685,0.11694420753944935,nan,nan,nan
nonlinear,0.5,16,2,hebbian,239.36617321425936,368.26988426034677,nan,nan,nan
nonlinear,0.5,16,2,softmax,0.06771385904716237,0.11689352444288194,0.1,nan,nan
nonlinear,0.5,16,2,oracle_ridge,0.06778026555606231,0.11694420751166401,nan,nan,nan
nonlinear,0.5,16,3,csm,0.050342888879160275,0.07343017374067205,nan,2.9196254800981226e-16,nan
nonlinear,0.5,16,3,simple_average,0.05034288889598313,0.07343017373675739,nan,nan,nan
nonlinear,0.5,16,3,hebbian,178.34417820311762,249.0159292859836,nan,nan,nan
nonlinear,0.5,16,3,softmax,0.05029386539444688,0.07340088335633875,0.1,nan,nan
nonlinear,0.5,16,3,oracle_ridge,0.05034288887916029,0.07343017374067211,nan,nan,nan
nonlinear,0.5,16,4,csm,0.06714361503789895,0.11525778087781868,nan,2.44958737560843e-16,nan
nonlinear,0.5,16,4,simple_average,0.06714361508430271,0.11525778096829645,nan,nan,nan
nonlinear,0.5,16,4,hebbian,255.67775039592664,365.310293827875,nan,nan,nan
nonlinear,0.5,16,4,softmax,0.06706129713248885,0.1151013994284404,0.1,nan,nan
nonlinear,0.5,16,4,oracle_ridge,0.06714361503789894,0.11525778087781867,nan,nan,nan
nonlinear,0.5,16,5,csm,0.08300529883284152,0.18093727189613598,nan,3.990273405137969e-16,nan
nonlinear,0.5,16,5,simple_average,0.08300529887893879,0.18093727196802195,nan,nan,nan
nonlinear,0.5,16,5,hebbian,292.3333994821137,390.6975304877907,nan,nan,nan
nonlinear,0.5,16,5,softmax,0.08289994889325554,0.1807610814064786,0.1,nan,nan
nonlinear,0.5,16,5,oracle_ridge,0.0830052988328415,0.1809372718961359,nan,nan,nan
nonlinear,0.5,16,6,csm,0.05536437218570141,0.1330398179804511,nan,2.8971651311102034e-16,nan
nonlinear,0.5,16,6,simple_average,0.05536437219152763,0.13303981799118134,nan,nan,nan
nonlinear,0.5,16,6,hebbian,110.54783438336395,256.7469654741292,nan,nan,nan
nonlinear,0.5,16,6,softmax,0.055353160743910994,0.13303070453859867,0.1,nan,nan
nonlinear,0.5,16,6,oracle_ridge,0.0553643721857014,0.13303981798045109,nan,nan,nan
nonlinear,0.5,16,7,csm,0.07280505015722803,0.1254022025789558,nan,3.4785239721963985e-16,nan
nonlinear,0.5,16,7,simple_average,0.07280505019159553,0.12540220261993915,nan,nan,nan
nonlinear,0.5,16,7,hebbian,225.68573263422908,339.48427045491854,nan,nan,nan
nonlinear,0.5,16,7,softmax,0.07273226648677844,0.12530242947301604,0.1,nan,nan
nonlinear,0.5,16,7,oracle_ridge,0.07280505015722805,0.1254022025789559,nan,nan,nan
nonlinear,0.5,16,8,csm,0.06612363013072686,0.12263361281201424,nan,4.1610877329790997e-16,nan
nonlinear,0.5,16,8,simple_average,0.0661236301437016,0.12263361282672088,nan,nan,nan
nonlinear,0.5,16,8,hebbian,184.60741814349754,328.17894356229266,nan,nan,nan
nonlinear,0.5,16,8,softmax,0.06612363014370161,0.12263361282672088,0.001,nan,nan
nonlinear,0.5,16,8,oracle_ridge,0.06612363013072688,0.12263361281201432,nan,nan,nan
nonlinear,0.5,16,9,csm,0.07024935329419649,0.13340137705779911,nan,2.643238427419766e-16,nan
nonlinear,0.5,16,9,simple_average,0.07024935330161085,0.1334013770584557,nan,nan,nan
nonlinear,0.5,16,9,hebbian,136.70944795151252,216.9673198297509,nan,nan,nan
nonlinear,0.5,16,9,softmax,0.07023727198110384,0.13341548458982128,0.1,nan,nan
nonlinear,0.5,16,9,oracle_ridge,0.0702493532941965,0.13340137705779911,nan,nan,nan
nonlinear,0.5,16,10,csm,0.056275385737309905,0.11492741169464975,nan,2.244690625208798e-16,nan
nonlinear,0.5,16,10,simple_average,0.056275385742934274,0.11492741171695495,nan,nan,nan
nonlinear,0.5,16,10,hebbian,176.39027360576063,372.2430578949206,nan,nan,nan
nonlinear,0.5,16,10,softmax,0.05626488415755461,0.11487976633052295,0.1,nan,nan
nonlinear,0.5,16,10,oracle_ridge,0.05627538573730991,0.11492741169464978,nan,nan,nan
nonlinear,0.5,16,11,csm,0.03630908000658627,0.06056403657259227,nan,3.161429078127284e-16,nan
nonlinear,0.5,16,11,simple_average,0.036309080047519426,0.06056403663605348,nan,nan,nan
nonlinear,0.5,16,11,hebbian,248.33504791513027,389.1313349831774,nan,nan,nan
nonlinear,0.5,16,11,softmax,0.03622972402106468,0.06043628445618925,0.1,nan,nan
nonlinear,0.5,16,11,oracle_ridge,0.03630908000658627,0.060564036572592204,nan,nan,nan
nonlinear,0.5,16,12,csm,0.07449441039460564,0.13522568273153332,nan,2.4567492866869305e-16,nan
nonlinear,0.5,16,12,simple_average,0.0744944104167315,0.13522568276159458,nan,nan,nan
nonlinear,0.5,16,12,hebbian,124.85926024373283,162.61529159667532,nan,nan,nan
nonlinear,0.5,16,12,softmax,0.07446891437640231,0.1352178854902788,0.1,nan,nan
nonlinear,0.5,16,12,oracle_ridge,0.07449441039460564,0.13522568273153332,nan,nan,nan
nonlinear,0.5,16,13,csm,0.05242457096847167,0.08688731244320282,nan,3.137100937634082e-16,nan
nonlinear,0.5,16,13,simple_average,0.052424570969370546,0.08688731245172018,nan,nan,nan
nonlinear,0.5,16,13,hebbian,137.98195069684667,183.6688202664109,nan,nan,nan
nonlinear,0.5,16,13,softmax,0.052419848897388696,0.08689800815085814,0.1,nan,nan
nonlinear,0.5,16,13,oracle_ridge,0.05242457096847164,0.08688731244320273,nan,nan,nan
nonlinear,0.5,16,14,csm,0.06037978953982616,0.09780172180063525,nan,1.9634336463105472e-16,nan
nonlinear,0.5,16,14,simple_average,0.06037978957226302,0.09780172189348679,nan,nan,nan
nonlinear,0.5,16,14,hebbian,170.07129166852314,236.68009434729612,nan,nan,nan
nonlinear,0.5,16,14,softmax,0.06031556710684293,0.09763317088660917,0.1,nan,nan
nonlinear,0.5,16,14,oracle_ridge,0.06037978953982616,0.09780172180063523,nan,nan,nan
nonlinear,0.5,16,15,csm,0.04590717814618116,0.09156424277647805,nan,1.9641649949455513e-16,nan
nonlinear,0.5,16,15,simple_average,0.045907178150533245,0.09156424279558575,nan,nan,nan
nonlinear,0.5,16,15,hebbian,112.24222309464032,158.08702821876696,nan,nan,nan
nonlinear,0.5,16,15,softmax,0.04590180505501101,0.09154801067897575,0.1,nan,nan
nonlinear,0.5,16,15,oracle_ridge,0.04590717814618116,0.09156424277647807,nan,nan,nan
nonlinear,1.0,1,0,csm,4.676071874027306,8.767186335127438,nan,1.5784921152180255e-16,nan
nonlinear,1.0,1,0,simple_average,4.676071965931893,8.76718651969246,nan,nan,nan
nonlinear,1.0,1,0,hebbian,4.676071965931893,8.76718651969246,nan,nan,nan
nonlinear,1.0,1,0,softmax,0.9444113846044924,1.6155060751063295,1.0,nan,nan
nonlinear,1.0,1,0,oracle_ridge,4.676071874027306,8.767186335127438,nan,nan,nan
nonlinear,1.0,1,1,csm,4.109422640909926,5.735146193036207,nan,2.6801726821310483e-16,nan
nonlinear,1.0,1,1,simple_average,4.109422717837773,5.73514630362623,nan,nan,nan
nonlinear,1.0,1,1,hebbian,4.109422717837774,5.735146303626232,nan,nan,nan
nonlinear,1.0,1,1,softmax,1.0405813659786467,1.2174496811937472,1.0,nan,nan
nonlinear,1.0,1,1,oracle_ridge,4.1094226409099255,5.735146193036207,nan,nan,nan
nonlinear,1.0,1,2,csm,3.627520544538735,6.813781176066362,nan,3.1576412954990607e-16,nan
nonlinear,1.0,1,2,simple_average,3.6275206153736135,6.813781324550247,nan,nan,nan
nonlinear,1.0,1,2,hebbian,3.627520615373613,6.813781324550244,nan,nan,nan
nonlinear,1.0,1,2,softmax,0.6470537237745444,1.1038303177763713,1.0,nan,nan
nonlinear,1.0,1,2,oracle_ridge,3.6275205445387355,6.813781176066363,nan,nan,nan
nonlinear,1.0,1,3,csm,4.19697827209361,6.806389856548811,nan,2.9895431449428067e-16,nan
nonlinear,1.0,1,3,simple_average,4.1969783703042705,6.806390019978292,nan,nan,nan
nonlinear,1.0,1,3,hebbian,4.19697837030427,6.80639001997829,nan,nan,nan
nonlinear,1.0,1,3,softmax,0.4066366124773552,0.6451709636769671,1.0,nan,nan
nonlinear,1.0,1,3,oracle_ridge,4.196978272093611,6.806389856548814,nan,nan,nan
nonlinear,1.0,1,4,csm,4.784912439003532,9.180129099417465,nan,3.8199156938954086e-16,nan
nonlinear,1.0,1,4,simple_average,4.784912540436816,9.180129289355385,nan,nan,nan
nonlinear,1.0,1,4,hebbian,4.784912540436816,9.180129289355389,nan,nan,nan
nonlinear,1.0,1,4,softmax,1.5137577573176384,2.1590551560168447,1.0,nan,nan
nonlinear,1.0,1,4,oracle_ridge,4.784912439003531,9.180129099417462,nan,nan,nan
nonlinear,1.0,1,5,csm,1.790615129871036,2.9898002468305855,nan,2.679695761228997e-16,nan
nonlinear,1.0,1,5,simple_average,1.7906151684081217,2.989800297329445,nan,nan,nan
nonlinear,1.0,1,5,hebbian,1.7906151684081206,2.9898002973294444,nan,nan,nan
nonlinear,1.0,1,5,softmax,0.5660077830083512,0.852810472953232,1.0,nan,nan
nonlinear,1.0,1,5,oracle_ridge,1.7906151298710362,2.9898002468305855,nan,nan,nan
nonlinear,1.0,1,6,csm,5.145514366520671,8.920716805480403,nan,3.2371212845003594e-16,nan
nonlinear,1.0,1,6,simple_average,5.145514478074156,8.92071698839825,nan,nan,nan
nonlinear,1.0,1,6,hebbian,5.145514478074157,8.920716988398253,nan,nan,nan
nonlinear,1.0,1,6,softmax,0.8512775344964724,1.8450404266293654,1.0,nan,nan
nonlinear,1.0,1,6,oracle_ridge,5.145514366520673,8.920716805480406,nan,nan,nan
nonlinear,1.0,1,7,csm,3.6979200725115207,5.4196457188825296,nan,3.4833435775597293e-16,nan
nonlinear,1.0,1,7,simple_average,3.6979201444522833,5.419645811377258,nan,nan,nan
nonlinear,1.0,1,7,hebbian,3.697920144452282,5.419645811377258,nan,nan,nan
nonlinear,1.0,1,7,softmax,0.8181963842071291,1.5269902930179242,1.0,nan,nan
nonlinear,1.0,1,7,oracle_ridge,3.697920072511522,5.419645718882533,nan,nan,nan
nonlinear,1.0,1,8,csm,2.6663733936556633,5.5346299679221564,nan,2.595594221652478e-16,nan
nonlinear,1.0,1,8,simple_average,2.6663734539264365,5.534630087951714,nan,nan,nan
nonlinear,1.0,1,8,hebbian,2.6663734539264374,5.534630087951716,nan,nan,nan
nonlinear,1.0,1,8,softmax,0.6144391954161171,0.8313743544722273,1.0,nan,nan
nonlinear,1.0,1,8,oracle_ridge,2.6663733936556637,5.534629967922158,nan,nan,nan
nonlinear,1.0,1,9,csm,2.0114330518202577,3.238912358061569,nan,2.403513807725963e-16,nan
nonlinear,1.0,1,9,simple_average,2.011433092198641,3.2389124170489194,nan,nan,nan
nonlinear,1.0,1,9,hebbian,2.011433092198641,3.2389124170489194,nan,nan,nan
nonlinear,1.0,1,9,softmax,0.6039219344354917,1.2713680747425522,1.0,nan,nan
nonlinear,1.0,1,9,oracle_ridge,2.0114330518202577,3.2389123580615675,nan,nan,nan
nonlinear,1.0,1,10,csm,3.967201090223025,7.961972244037872,nan,2.5982432389626197e-16,nan
nonlinear,1.0,1,10,simple_average,3.9672011641236136,7.961972392888999,nan,nan,nan
nonlinear,1.0,1,10,hebbian,3.9672011641236127,7.961972392888997,nan,nan,nan
nonlinear,1.0,1,10,softmax,1.7355955305624349,3.5325067942912143,1.0,nan,nan
nonlinear,1.0,1,10,oracle_ridge,3.967201090223025,7.96197224403787,nan,nan,nan
nonlinear,1.0,1,11,csm,4.7043015350812505,7.475261089992169,nan,3.014950754393732e-16,nan
nonlinear,1.0,1,11,simple_average,4.7043016222612835,7.475261209762758,nan,nan,nan
nonlinear,1.0,1,11,hebbian,4.704301622261283,7.47526120976276,nan,nan,nan
nonlinear,1.0,1,11,softmax,1.2837236761393611,2.2158765401861524,1.0,nan,nan
nonlinear,1.0,1,11,oracle_ridge,4.704301535081249,7.475261089992168,nan,nan,nan
nonlinear,1.0,1,12,csm,3.043319955132512,5.344687854054883,nan,2.0284686476167312e-16,nan
nonlinear,1.0,1,12,simple_average,3.0433200218951297,5.344687975621933,nan,nan,nan
nonlinear,1.0,1,12,hebbian,3.0433200218951297,5.344687975621933,nan,nan,nan
nonlinear,1.0,1,12,softmax,0.7545118011978363,1.1905625825529302,1.0,nan,nan
nonlinear,1.0,1,12,oracle_ridge,3.043319955132513,5.344687854054883,nan,nan,nan
nonlinear,1.0,1,13,csm,3.759937499014568,7.237413700634814,nan,2.5478379810700764e-16,nan
nonlinear,1.0,1,13,simple_average,3.7599375830173885,7.2374138423432814,nan,nan,nan
nonlinear,1.0,1,13,hebbian,3.7599375830173907,7.237413842343286,nan,nan,nan
nonlinear,1.0,1,13,softmax,0.5365166975887734,0.8445888463757457,1.0,nan,nan
nonlinear,1.0,1,13,oracle_ridge,3.759937499014568,7.237413700634816,nan,nan,nan
nonlinear,1.0,1,14,csm,4.04131109784505,6.316475087100712,nan,2.9535990033583105e-16,nan
nonlinear,1.0,1,14,simple_average,4.04131118689015,6.316475212074674,nan,nan,nan
nonlinear,1.0,1,14,hebbian,4.041311186890151,6.316475212074676,nan,nan,nan
nonlinear,1.0,1,14,softmax,0.4303831264002329,1.01002396690384,1.0,nan,nan
nonlinear,1.0,1,14,oracle_ridge,4.04131109784505,6.31647508710071,nan,nan,nan
nonlinear,1.0,1,15,csm,4.445225540905005,6.960632756202682,nan,3.051608638414815e-16,nan
nonlinear,1.0,1,15,simple_average,4.44522562198831,6.960632877555599,nan,nan,nan
nonlinear,1.0,1,15,hebbian,4.445225621988308,6.960632877555597,nan,nan,nan
nonlinear,1.0,1,15,softmax,0.9119432551673916,1.5218943553661255,1.0,nan,nan
nonlinear,1.0,1,15,oracle_ridge,4.445225540905004,6.960632756202679,nan,nan,nan
nonlinear,1.0,2,0,csm,1.817677750075008,3.1411344806964565,nan,2.370912190942388e-16,nan
nonlinear,1.0,2,0,simple_average,1.81767776529911,3.1411345072004626,nan,nan,nan
nonlinear,1.0,2,0,hebbian,6.91392046570922,10.355331385125924,nan,nan,nan
nonlinear,1.0,2,0,softmax,0.7907521949881406,1.2814447464215137,1.0,nan,nan
nonlinear,1.0,2,0,oracle_ridge,1.817677750075008,3.1411344806964574,nan,nan,nan
nonlinear,1.0,2,1,csm,3.3683411381749,5.928325904122093,nan,2.2380608773727176e-16,nan
nonlinear,1.0,2,1,simple_average,3.3683411737521753,5.928325971237079,nan,nan,nan
nonlinear,1.0,2,1,hebbian,15.030151934540307,27.220820008166758,nan,nan,nan
nonlinear,1.0,2,1,softmax,0.6829471862731953,1.1245912124598652,1.0,nan,nan
nonlinear,1.0,2,1,oracle_ridge,3.3683411381749,5.928325904122093,nan,nan,nan
nonlinear,1.0,2,2,csm,2.0820731402841806,3.5968777178769313,nan,2.9776835694991955e-16,nan
nonlinear,1.0,2,2,simple_average,2.0820731596883553,3.5968777522390214,nan,nan,nan
nonlinear,1.0,2,2,hebbian,8.443738350891904,14.3929009994941,nan,nan,nan
nonlinear,1.0,2,2,softmax,0.9387022260005922,1.5305223147100164,1.0,nan,nan
nonlinear,1.0,2,2,oracle_ridge,2.08207314028418,3.5968777178769313,nan,nan,nan
nonlinear,1.0,2,3,csm,1.5685780291490767,2.272668325079386,nan,2.3145512619048445e-16,nan
nonlinear,1.0,2,3,simple_average,1.5685780439278987,2.2726683452718355,nan,nan,nan
nonlinear,1.0,2,3,hebbian,6.696576863807715,9.465676765310418,nan,nan,nan
nonlinear,1.0,2,3,softmax,0.6196463837120683,1.3357407745109422,1.0,nan,nan
nonlinear,1.0,2,3,oracle_ridge,1.5685780291490765,2.272668325079386,nan,nan,nan
nonlinear,1.0,2,4,csm,2.3221340728106026,3.2403768369050296,nan,3.4478855039693937e-16,nan
nonlinear,1.0,2,4,simple_average,2.3221340997687383,3.240376879794041,nan,nan,nan
nonlinear,1.0,2,4,hebbian,11.740455060994844,17.287444494415553,nan,nan,nan
nonlinear,1.0,2,4,softmax,0.7308824033047951,1.0671199165097747,0.5,nan,nan
nonlinear,1.0,2,4,oracle_ridge,2.322134072810602,3.2403768369050288,nan,nan,nan
nonlinear,1.0,2,5,csm,1.8052250476724745,2.8883991342274604,nan,3.1799760094045185e-16,nan
nonlinear,1.0,2,5,simple_average,1.8052250662787033,2.8883991665979356,nan,nan,nan
nonlinear,1.0,2,5,hebbian,8.139740251781127,13.353808167784015,nan,nan,nan
nonlinear,1.0,2,5,softmax,0.8999608850079646,1.3437705434042244,0.5,nan,nan
nonlinear,1.0,2,5,oracle_ridge,1.8052250476724745,2.888399134227461,nan,nan,nan
nonlinear,1.0,2,6,csm,1.9818559777963864,2.8806443578824807,nan,2.466680635008456e-16,nan
nonlinear,1.0,2,6,simple_average,1.9818559970611298,2.8806443935896615,nan,nan,nan
nonlinear,1.0,2,6,hebbian,8.865577822471415,13.785466364299486,nan,nan,nan
nonlinear,1.0,2,6,softmax,0.9098523757128057,1.7475919636045938,0.5,nan,nan
nonlinear,1.0,2,6,oracle_ridge,1.9818559777963867,2.880644357882481,nan,nan,nan
nonlinear,1.0,2,7,csm,2.098331318562745,3.1708041995252647,nan,3.2950681866074594e-16,nan
nonlinear,1.0,2,7,simple_average,2.098331340518547,3.1708042384050836,nan,nan,nan
nonlinear,1.0,2,7,hebbian,9.500621406882244,15.856831306291262,nan,nan,nan
nonlinear,1.0,2,7,softmax,0.957823612886294,1.334413284547595,1.0,nan,nan
nonlinear,1.0,2,7,oracle_ridge,2.098331318562745,3.1708041995252665,nan,nan,nan
nonlinear,1.0,2,8,csm,1.4479450722835425,2.467102648446757,nan,2.338018869428854e-16,nan
nonlinear,1.0,2,8,simple_average,1.4479450863545158,2.4671026767099944,nan,nan,nan
nonlinear,1.0,2,8,hebbian,6.0581207228793374,11.622540985317608,nan,nan,nan
nonlinear,1.0,2,8,softmax,0.3602731465824609,0.586748117833913,1.0,nan,nan
nonlinear,1.0,2,8,oracle_ridge,1.4479450722835425,2.4671026484467573,nan,nan,nan
nonlinear,1.0,2,9,csm,1.4725070401256772,2.7505753810396683,nan,3.083697930496367e-16,nan
nonlinear,1.0,2,9,simple_average,1.4725070525858412,2.7505754046098496,nan,nan,nan
nonlinear,1.0,2,9,hebbian,5.445843954640923,9.70272287659424,nan,nan,nan
nonlinear,1.0,2,9,softmax,0.5322805310938574,0.8466919831476993,1.0,nan,nan
nonlinear,1.0,2,9,oracle_ridge,1.4725070401256768,2.7505753810396683,nan,nan,nan
nonlinear,1.0,2,10,csm,1.841189842387808,3.371466280838444,nan,2.9454711783675087e-16,nan
nonlinear,1.0,2,10,simple_average,1.8411898608867174,3.37146631127377,nan,nan,nan
nonlinear,1.0,2,10,hebbian,7.940461852172778,13.195533700667646,nan,nan,nan
nonlinear,1.0,2,10,softmax,0.796725641043262,1.3288200738674227,1.0,nan,nan
nonlinear,1.0,2,10,oracle_ridge,1.8411898423878084,3.3714662808384452,nan,nan,nan
nonlinear,1.0,2,11,csm,1.989846132865186,3.0698985155719396,nan,2.559093574933811e-16,nan
nonlinear,1.0,2,11,simple_average,1.9898461524758853,3.0698985393754397,nan,nan,nan
nonlinear,1.0,2,11,hebbian,8.470428935166229,15.82614126348625,nan,nan,nan
nonlinear,1.0,2,11,softmax,0.741156345008632,1.3886299101413295,1.0,nan,nan
nonlinear,1.0,2,11,oracle_ridge,1.989846132865186,3.06989851557194,nan,nan,nan
nonlinear,1.0,2,12,csm,1.9774759407035252,3.5890771205491823,nan,2.620101058860053e-16,nan
nonlinear,1.0,2,12,simple_average,1.9774759634384127,3.589077159057482,nan,nan,nan
nonlinear,1.0,2,12,hebbian,9.868394434648561,19.37521693397304,nan,nan,nan
nonlinear,1.0,2,12,softmax,1.0000282577355004,1.8880846294029818,0.5,nan,nan
nonlinear,1.0,2,12,oracle_ridge,1.977475940703525,3.589077120549181,nan,nan,nan
nonlinear,1.0,2,13,csm,0.8476461339786011,1.380935188932189,nan,3.180342530405241e-16,nan
nonlinear,1.0,2,13,simple_average,0.8476461444212341,1.3809352039400593,nan,nan,nan
nonlinear,1.0,2,13,hebbian,4.845759972190285,7.878727994336728,nan,nan,nan
nonlinear,1.0,2,13,softmax,0.3586874348728845,0.5353172573554832,0.5,nan,nan
nonlinear,1.0,2,13,oracle_ridge,0.8476461339786013,1.380935188932189,nan,nan,nan
nonlinear,1.0,2,14,csm,1.6594685002121372,2.5310014657717272,nan,4.0247642301948176e-16,nan
nonlinear,1.0,2,14,simple_average,1.659468514661122,2.531001488784661,nan,nan,nan
nonlinear,1.0,2,14,hebbian,6.546739559012609,9.957569696784098,nan,nan,nan
nonlinear,1.0,2,14,softmax,1.1609405869437057,1.878241196034184,0.5,nan,nan
nonlinear,1.0,2,14,oracle_ridge,1.659468500212137,2.531001465771726,nan,nan,nan
nonlinear,1.0,2,15,csm,1.556407249007565,2.1352162173977485,nan,2.859649157603336e-16,nan
nonlinear,1.0,2,15,simple_average,1.5564072655082097,2.135216235937652,nan,nan,nan
nonlinear,1.0,2,15,hebbian,7.1841412425457944,11.489421959340119,nan,nan,nan
nonlinear,1.0,2,15,softmax,0.5340993039951445,0.7978421400201134,0.5,nan,nan
nonlinear,1.0,2,15,oracle_ridge,1.5564072490075649,2.1352162173977476,nan,nan,nan
nonlinear,1.0,4,0,csm,0.8893687520311553,1.4749328782826054,nan,2.425426212356556e-16,nan
nonlinear,1.0,4,0,simple_average,0.8893687551544356,1.4749328847654353,nan,nan,nan
nonlinear,1.0,4,0,hebbian,13.057454727064066,20.667690423293095,nan,nan,nan
nonlinear,1.0,4,0,softmax,0.48306655618782657,0.7117363284435927,0.5,nan,nan
nonlinear,1.0,4,0,oracle_ridge,0.8893687520311554,1.4749328782826059,nan,nan,nan
nonlinear,1.0,4,1,csm,0.7738577232690308,1.437698076454637,nan,2.742878489585416e-16,nan
nonlinear,1.0,4,1,simple_average,0.7738577278524286,1.437698085512696,nan,nan,nan
nonlinear,1.0,4,1,hebbian,23.79134404709705,40.78096064562277,nan,nan,nan
nonlinear,1.0,4,1,softmax,0.4398238825843791,0.9910332982883379,0.5,nan,nan
nonlinear,1.0,4,1,oracle_ridge,0.7738577232690307,1.437698076454637,nan,nan,nan
nonlinear,1.0,4,2,csm,0.8188832818458345,1.1946054961406671,nan,3.42194145336778e-16,nan
nonlinear,1.0,4,2,simple_average,0.818883286498158,1.1946055039113899,nan,nan,nan
nonlinear,1.0,4,2,hebbian,21.062831803730774,34.05265508326802,nan,nan,nan
nonlinear,1.0,4,2,softmax,0.357134818693414,0.44076353030661175,0.5,nan,nan
nonlinear,1.0,4,2,oracle_ridge,0.8188832818458345,1.1946054961406671,nan,nan,nan
nonlinear,1.0,4,3,csm,0.7696027035347652,1.4053336916217716,nan,2.9546082608902186e-16,nan
nonlinear,1.0,4,3,simple_average,0.7696027069134689,1.4053336960236382,nan,nan,nan
nonlinear,1.0,4,3,hebbian,13.463097917192812,22.46689760500898,nan,nan,nan
nonlinear,1.0,4,3,softmax,0.4081830502896301,0.8704873948458356,0.5,nan,nan
nonlinear,1.0,4,3,oracle_ridge,0.7696027035347652,1.405333691621772,nan,nan,nan
nonlinear,1.0,4,4,csm,1.4407002696777824,2.7269852817169538,nan,3.012393639899582e-16,nan
nonlinear,1.0,4,4,simple_average,1.440700277935862,2.726985295627499,nan,nan,nan
nonlinear,1.0,4,4,hebbian,35.6927240700648,68.00398724515433,nan,nan,nan
nonlinear,1.0,4,4,softmax,0.4407376294020178,0.6842244380533088,0.5,nan,nan
nonlinear,1.0,4,4,oracle_ridge,1.4407002696777829,2.726985281716954,nan,nan,nan
nonlinear,1.0,4,5,csm,0.5725659835704271,0.9020909254985695,nan,2.524195080114663e-16,nan
nonlinear,1.0,4,5,simple_average,0.5725659863870529,0.9020909303620623,nan,nan,nan
nonlinear,1.0,4,5,hebbian,17.60672546801813,30.708101516452984,nan,nan,nan
nonlinear,1.0,4,5,softmax,0.43315257963371673,0.6053312428800693,0.5,nan,nan
nonlinear,1.0,4,5,oracle_ridge,0.5725659835704271,0.9020909254985698,nan,nan,nan
nonlinear,1.0,4,6,csm,1.0088561866963799,1.7546459120002058,nan,1.982224457057534e-16,nan
nonlinear,1.0,4,6,simple_average,1.0088561912982565,1.7546459204526939,nan,nan,nan
nonlinear,1.0,4,6,hebbian,18.48740606089509,27.966615838427785,nan,nan,nan
nonlinear,1.0,4,6,softmax,0.4393475904608893,0.9633763036079546,1.0,nan,nan
nonlinear,1.0,4,6,oracle_ridge,1.0088561866963799,1.7546459120002063,nan,nan,nan
nonlinear,1.0,4,7,csm,0.8880303041328024,1.3579300449610683,nan,3.2273750235404703e-16,nan
nonlinear,1.0,4,7,simple_average,0.88803030914735,1.3579300524204458,nan,nan,nan
nonlinear,1.0,4,7,hebbian,22.6693288525958,33.80707985009268,nan,nan,nan
nonlinear,1.0,4,7,softmax,0.32746499923733186,0.46414431993236094,0.5,nan,nan
nonlinear,1.0,4,7,oracle_ridge,0.8880303041328024,1.3579300449610678,nan,nan,nan
nonlinear,1.0,4,8,csm,0.7996953736893156,1.2207305208636812,nan,3.0264893963561336e-16,nan
nonlinear,1.0,4,8,simple_average,0.7996953773412816,1.2207305271758226,nan,nan,nan
nonlinear,1.0,4,8,hebbian,15.466033542389122,30.347786354328186,nan,nan,nan
nonlinear,1.0,4,8,softmax,0.37818690934554133,0.614134899678011,1.0,nan,nan
nonlinear,1.0,4,8,oracle_ridge,0.7996953736893158,1.2207305208636807,nan,nan,nan
nonlinear,1.0,4,9,csm,1.139189818126651,1.577349202158477,nan,2.663868795411776e-16,nan
nonlinear,1.0,4,9,simple_average,1.1391898243332546,1.5773492088483823,nan,nan,nan
nonlinear,1.0,4,9,hebbian,26.666807514818995,48.85492178340146,nan,nan,nan
nonlinear,1.0,4,9,softmax,0.44205078673301545,0.7346784304822374,1.0,nan,nan
nonlinear,1.0,4,9,oracle_ridge,1.139189818126651,1.5773492021584763,nan,nan,nan
nonlinear,1.0,4,10,csm,0.7856994445815162,1.207543738725055,nan,2.636504819772154e-16,nan
nonlinear,1.0,4,10,simple_average,0.785699448993291,1.2075437446114237,nan,nan,nan
nonlinear,1.0,4,10,hebbian,22.746587785521236,33.13786671329466,nan,nan,nan
nonlinear,1.0,4,10,softmax,0.4000836617676215,0.6485948518137816,0.5,nan,nan
nonlinear,1.0,4,10,oracle_ridge,0.7856994445815163,1.207543738725055,nan,nan,nan
nonlinear,1.0,4,11,csm,0.9733830499476158,1.4321897323457495,nan,2.0693176467093313e-16,nan
nonlinear,1.0,4,11,simple_average,0.9733830539545008,1.432189740467997,nan,nan,nan
nonlinear,1.0,4,11,hebbian,19.80884766489422,32.4748164324149,nan,nan,nan
nonlinear,1.0,4,11,softmax,0.7819606505793065,1.3283694139490942,0.5,nan,nan
nonlinear,1.0,4,11,oracle_ridge,0.9733830499476157,1.4321897323457495,nan,nan,nan
nonlinear,1.0,4,12,csm,1.0779384606158504,1.6068844346230775,nan,3.158329649692501e-16,nan
nonlinear,1.0,4,12,simple_average,1.0779384676971784,1.606884442836014,nan,nan,nan
nonlinear,1.0,4,12,hebbian,29.699959230499612,40.98937191173633,nan,nan,nan
nonlinear,1.0,4,12,softmax,0.3736233433771393,0.6622045475788946,0.5,nan,nan
nonlinear,1.0,4,12,oracle_ridge,1.0779384606158504,1.6068844346230768,nan,nan,nan
nonlinear,1.0,4,13,csm,1.0723880995728048,1.6298368757189665,nan,2.406667072220102e-16,nan
nonlinear,1.0,4,13,simple_average,1.0723881055092594,1.6298368878824891,nan,nan,nan
nonlinear,1.0,4,13,hebbian,26.40620072989989,46.72387955690575,nan,nan,nan
nonlinear,1.0,4,13,softmax,0.4482029869237971,0.6410304792858972,0.5,nan,nan
nonlinear,1.0,4,13,oracle_ridge,1.072388099572805,1.6298368757189665,nan,nan,nan
nonlinear,1.0,4,14,csm,0.8701889580316502,1.2029232170452804,nan,2.5469145552030404e-16,nan
nonlinear,1.0,4,14,simple_average,0.8701889617388014,1.20292322208963,nan,nan,nan
nonlinear,1.0,4,14,hebbian,16.45416043788538,24.59373136071272,nan,nan,nan
nonlinear,1.0,4,14,softmax,0.4097851575076552,0.5554090359351529,0.5,nan,nan
nonlinear,1.0,4,14,oracle_ridge,0.8701889580316503,1.202923217045281,nan,nan,nan
nonlinear,1.0,4,15,csm,0.8269670246263556,1.6097704048584773,nan,2.9816788696446467e-16,nan
nonlinear,1.0,4,15,simple_average,0.8269670286999089,1.609770413136552,nan,nan,nan
nonlinear,1.0,4,15,hebbian,17.89244765894687,31.6814681485755,nan,nan,nan
nonlinear,1.0,4,15,softmax,0.47264947296593507,0.8397927064693519,0.5,nan,nan
nonlinear,1.0,4,15,oracle_ridge,0.8269670246263557,1.6097704048584778,nan,nan,nan
nonlinear,1.0,8,0,csm,0.5606589155074542,0.8703167558638324,nan,2.695296300362377e-16,nan
nonlinear,1.0,8,0,simple_average,0.5606589168542877,0.8703167586994378,nan,nan,nan
nonlinear,1.0,8,0,hebbian,77.56605451477314,130.0696758048734,nan,nan,nan
nonlinear,1.0,8,0,softmax,0.5132034947484923,0.7969918868594095,0.5,nan,nan
nonlinear,1.0,8,0,oracle_ridge,0.5606589155074542,0.8703167558638323,nan,nan,nan
nonlinear,1.0,8,1,csm,0.41751015988973994,0.7172812089002809,nan,2.619241054673772e-16,nan
nonlinear,1.0,8,1,simple_average,0.41751016097524635,0.7172812111190274,nan,nan,nan
nonlinear,1.0,8,1,hebbian,44.751487839197054,72.51925290413173,nan,nan,nan
nonlinear,1.0,8,1,softmax,0.17984403276251104,0.3197300875005275,0.5,nan,nan
nonlinear,1.0,8,1,oracle_ridge,0.41751015988974005,0.7172812089002812,nan,nan,nan
nonlinear,1.0,8,2,csm,0.4279963106938532,0.7474166807467353,nan,2.6497839774492234e-16,nan
nonlinear,1.0,8,2,simple_average,0.42799631171946223,0.7474166827192348,nan,nan,nan
nonlinear,1.0,8,2,hebbian,47.11199059406186,81.74595688558955,nan,nan,nan
nonlinear,1.0,8,2,softmax,0.2097488017426748,0.4114019547887184,0.5,nan,nan
nonlinear,1.0,8,2,oracle_ridge,0.42799631069385324,0.7474166807467353,nan,nan,nan
nonlinear,1.0,8,3,csm,0.3930734791229168,0.8703412803360295,nan,2.673342413386985e-16,nan
nonlinear,1.0,8,3,simple_average,0.39307347965632655,0.8703412816927338,nan,nan,nan
nonlinear,1.0,8,3,hebbian,31.07308472933167,67.46581123041825,nan,nan,nan
nonlinear,1.0,8,3,softmax,0.3460467981938957,0.7207315334009093,0.5,nan,nan
nonlinear,1.0,8,3,oracle_ridge,0.39307347912291685,0.8703412803360296,nan,nan,nan
nonlinear,1.0,8,4,csm,0.4763793977310127,0.7428331230071886,nan,2.4139513569373683e-16,nan
nonlinear,1.0,8,4,simple_average,0.4763793987195159,0.7428331243177114,nan,nan,nan
nonlinear,1.0,8,4,hebbian,59.419896870458736,122.14757905711828,nan,nan,nan
nonlinear,1.0,8,4,softmax,0.3938722000354006,0.639408216056719,0.5,nan,nan
nonlinear,1.0,8,4,oracle_ridge,0.4763793977310126,0.7428331230071887,nan,nan,nan
nonlinear,1.0,8,5,csm,0.5246965526845513,0.7568848113148238,nan,2.584007155041844e-16,nan
nonlinear,1.0,8,5,simple_average,0.5246965538367464,0.7568848133857923,nan,nan,nan
nonlinear,1.0,8,5,hebbian,58.9616972122278,104.48955785367878,nan,nan,nan
nonlinear,1.0,8,5,softmax,0.37949655518908376,0.7202160794083563,0.5,nan,nan
nonlinear,1.0,8,5,oracle_ridge,0.5246965526845513,0.7568848113148237,nan,nan,nan
nonlinear,1.0,8,6,csm,0.3287478826440828,0.5699937781531335,nan,2.404126947503615e-16,nan
nonlinear,1.0,8,6,simple_average,0.32874788322258963,0.5699937788198354,nan,nan,nan
nonlinear,1.0,8,6,hebbian,37.14324374902998,74.71697744561418,nan,nan,nan
nonlinear,1.0,8,6,softmax,0.24281728425975363,0.3539992836571194,0.5,nan,nan
nonlinear,1.0,8,6,oracle_ridge,0.32874788264408283,0.5699937781531335,nan,nan,nan
nonlinear,1.0,8,7,csm,0.4679726014782118,0.8680004701889042,nan,3.255310390213218e-16,nan
nonlinear,1.0,8,7,simple_average,0.46797260278306063,0.8680004728073593,nan,nan,nan
nonlinear,1.0,8,7,hebbian,60.18389801497155,111.31851752793338,nan,nan,nan
nonlinear,1.0,8,7,softmax,0.1911621130494242,0.39631412740426175,0.5,nan,nan
nonlinear,1.0,8,7,oracle_ridge,0.46797260147821174,0.8680004701889038,nan,nan,nan
nonlinear,1.0,8,8,csm,0.4891939759160939,1.0687103617263143,nan,4.335979130515206e-16,nan
nonlinear,1.0,8,8,simple_average,0.489193977328398,1.0687103647435556,nan,nan,nan
nonlinear,1.0,8,8,hebbian,78.26520774112163,128.4564930396577,nan,nan,nan
nonlinear,1.0,8,8,softmax,0.2797393390717467,0.38591501316139776,0.5,nan,nan
nonlinear,1.0,8,8,oracle_ridge,0.48919397591609426,1.068710361726315,nan,nan,nan
nonlinear,1.0,8,9,csm,0.4620839625072433,0.864919379693783,nan,3.060460568588197e-16,nan
nonlinear,1.0,8,9,simple_average,0.4620839636096372,0.8649193818533417,nan,nan,nan
nonlinear,1.0,8,9,hebbian,60.703479131296206,97.40716444795177,nan,nan,nan
nonlinear,1.0,8,9,softmax,0.2982122960454743,0.521226625452298,0.5,nan,nan
nonlinear,1.0,8,9,oracle_ridge,0.4620839625072433,0.8649193796937829,nan,nan,nan
nonlinear,1.0,8,10,csm,0.8041463558024684,1.1368389426311885,nan,3.0128991430401857e-16,nan
nonlinear,1.0,8,10,simple_average,0.8041463579941284,1.136838944950537,nan,nan,nan
nonlinear,1.0,8,10,hebbian,99.64060706100003,168.6709145128839,nan,nan,nan
nonlinear,1.0,8,10,softmax,0.37684320533111726,0.8011358938023093,0.5,nan,nan
nonlinear,1.0,8,10,oracle_ridge,0.8041463558024684,1.1368389426311887,nan,nan,nan
nonlinear,1.0,8,11,csm,0.5271099850281974,1.2696094924483468,nan,2.2445936959043482e-16,nan
nonlinear,1.0,8,11,simple_average,0.5271099864021503,1.2696094958533035,nan,nan,nan
nonlinear,1.0,8,11,hebbian,78.79616377889386,134.95959726478543,nan,nan,nan
nonlinear,1.0,8,11,softmax,0.37107727691684833,0.49307035437490593,0.5,nan,nan
nonlinear,1.0,8,11,oracle_ridge,0.5271099850281974,1.2696094924483465,nan,nan,nan
nonlinear,1.0,8,12,csm,0.35692785544502376,0.5542662305312116,nan,2.574024795057011e-16,nan
nonlinear,1.0,8,12,simple_average,0.35692785586990705,0.5542662318019351,nan,nan,nan
nonlinear,1.0,8,12,hebbian,30.328526616690876,58.66532214006206,nan,nan,nan
nonlinear,1.0,8,12,softmax,0.35685441662999245,0.5540627008642753,0.1,nan,nan
nonlinear,1.0,8,12,oracle_ridge,0.3569278554450237,0.5542662305312115,nan,nan,nan
nonlinear,1.0,8,13,csm,0.5988379068983753,0.9124627567875122,nan,2.4601967993826834e-16,nan
nonlinear,1.0,8,13,simple_average,0.5988379081942026,0.9124627587587103,nan,nan,nan
nonlinear,1.0,8,13,hebbian,56.04150842524461,82.22413899130501,nan,nan,nan
nonlinear,1.0,8,13,softmax,0.43527950056883286,0.8052571987256152,0.5,nan,nan
nonlinear,1.0,8,13,oracle_ridge,0.5988379068983753,0.912462756787512,nan,nan,nan
nonlinear,1.0,8,14,csm,0.8381062417925736,1.1743630512140204,nan,2.618433187634472e-16,nan
nonlinear,1.0,8,14,simple_average,0.8381062438866029,1.174363054538025,nan,nan,nan
nonlinear,1.0,8,14,hebbian,81.7495456172136,172.3404102395615,nan,nan,nan
nonlinear,1.0,8,14,softmax,0.38010258562829713,0.7888614100784699,0.5,nan,nan
nonlinear,1.0,8,14,oracle_ridge,0.8381062417925735,1.1743630512140202,nan,nan,nan
nonlinear,1.0,8,15,csm,0.5959841381703939,1.0609783132313855,nan,3.226669981669454e-16,nan
nonlinear,1.0,8,15,simple_average,0.595984140326894,1.0609783176024583,nan,nan,nan
nonlinear,1.0,8,15,hebbian,117.46011148155728,243.92550297176945,nan,nan,nan
nonlinear,1.0,8,15,softmax,0.2855243174705996,0.4862333695108509,0.5,nan,nan
nonlinear,1.0,8,15,oracle_ridge,0.5959841381703941,1.0609783132313864,nan,nan,nan
nonlinear,1.0,16,0,csm,0.5218613674693804,0.8050717452501345,nan,1.897918370910233e-16,nan
nonlinear,1.0,16,0,simple_average,0.5218613681209789,0.8050717464558761,nan,nan,nan
nonlinear,1.0,16,0,hebbian,277.01759870698174,519.099084951751,nan,nan,nan
nonlinear,1.0,16,0,softmax,0.3852681965776933,0.7582114371518892,0.5,nan,nan
nonlinear,1.0,16,0,oracle_ridge,0.5218613674693803,0.8050717452501345,nan,nan,nan
nonlinear,1.0,16,1,csm,0.2350157602154399,0.4756297747026809,nan,4.2931350378274136e-16,nan
nonlinear,1.0,16,1,simple_average,0.23501576053600232,0.47562977550695784,nan,nan,nan
nonlinear,1.0,16,1,hebbian,205.98792742778812,464.92544636056596,nan,nan,nan
nonlinear,1.0,16,1,softmax,0.1994062506815571,0.37680906651408064,0.5,nan,nan
nonlinear,1.0,16,1,oracle_ridge,0.23501576021543993,0.4756297747026808,nan,nan,nan
nonlinear,1.0,16,2,csm,0.2711210619579,0.4677768296431541,nan,3.465750517953077e-16,nan
nonlinear,1.0,16,2,simple_average,0.2711210623211473,0.4677768301577973,nan,nan,nan
nonlinear,1.0,16,2,hebbian,296.0958216512901,433.62901289849606,nan,nan,nan
nonlinear,1.0,16,2,softmax,0.26641392182231927,0.447740724353874,0.5,nan,nan
nonlinear,1.0,16,2,oracle_ridge,0.2711210619579,0.467776829643154,nan,nan,nan
nonlinear,1.0,16,3,csm,0.20137155532349255,0.2937206947947717,nan,1.940087866587674e-16,nan
nonlinear,1.0,16,3,simple_average,0.20137155558393252,0.2937206949470295,nan,nan,nan
nonlinear,1.0,16,3,hebbian,218.68283673311325,324.0145874267469,nan,nan,nan
nonlinear,1.0,16,3,softmax,0.20120633029775886,0.2935698582938572,0.1,nan,nan
nonlinear,1.0,16,3,oracle_ridge,0.20137155532349255,0.29372069479477164,nan,nan,nan
nonlinear,1.0,16,4,csm,0.268574459798122,0.4610311228612191,nan,2.5329495972703516e-16,nan
nonlinear,1.0,16,4,simple_average,0.2685744603372109,0.46103112387318596,nan,nan,nan
nonlinear,1.0,16,4,hebbian,346.291226056828,445.02329405059555,nan,nan,nan
nonlinear,1.0,16,4,softmax,0.241788306770441,0.40753480143293985,0.5,nan,nan
nonlinear,1.0,16,4,oracle_ridge,0.2685744597981221,0.4610311228612193,nan,nan,nan
nonlinear,1.0,16,5,csm,0.3320211949394639,0.7237490868446571,nan,3.1540389752881e-16,nan
nonlinear,1.0,16,5,simple_average,0.33202119551575515,0.7237490878720876,nan,nan,nan
nonlinear,1.0,16,5,hebbian,387.044293674491,526.7150015371634,nan,nan,nan
nonlinear,1.0,16,5,softmax,0.3300968670753749,0.4416606679221329,0.5,nan,nan
nonlinear,1.0,16,5,oracle_ridge,0.3320211949394637,0.7237490868446572,nan,nan,nan
nonlinear,1.0,16,6,csm,0.22145748858108952,0.5321592715462833,nan,2.08441215727063e-16,nan
nonlinear,1.0,16,6,simple_average,0.22145748876611054,0.5321592719647253,nan,nan,nan
nonlinear,1.0,16,6,hebbian,135.44196151996516,338.01523303427325,nan,nan,nan
nonlinear,1.0,16,6,softmax,0.22136321138908227,0.5319686185275425,0.1,nan,nan
nonlinear,1.0,16,6,oracle_ridge,0.2214574885810895,0.5321592715462832,nan,nan,nan
nonlinear,1.0,16,7,csm,0.2912202003094296,0.5016088098383857,nan,3.54633004551689e-16,nan
nonlinear,1.0,16,7,simple_average,0.2912202007663821,0.5016088104797568,nan,nan,nan
nonlinear,1.0,16,7,hebbian,299.4420367605812,515.1906110850722,nan,nan,nan
nonlinear,1.0,16,7,softmax,0.28782655751338937,0.46357762809653386,0.5,nan,nan
nonlinear,1.0,16,7,oracle_ridge,0.29122020030942947,0.5016088098383856,nan,nan,nan
nonlinear,1.0,16,8,csm,0.2644945203056995,0.49053445088264636,nan,3.300730139107122e-16,nan
nonlinear,1.0,16,8,simple_average,0.26449452057480644,0.4905344513068835,nan,nan,nan
nonlinear,1.0,16,8,hebbian,223.58021280812196,373.01416966047873,nan,nan,nan
nonlinear,1.0,16,8,softmax,0.26442939806848786,0.4904495739664209,0.1,nan,nan
nonlinear,1.0,16,8,oracle_ridge,0.26449452030569937,0.4905344508826463,nan,nan,nan
nonlinear,1.0,16,9,csm,0.2809974129715054,0.5336055078950658,nan,2.64443724228647e-16,nan
nonlinear,1.0,16,9,simple_average,0.28099741320644334,0.5336055082338227,nan,nan,nan
nonlinear,1.0,16,9,hebbian,168.3296461597955,237.31579228754492,nan,nan,nan
nonlinear,1.0,16,9,softmax,0.28087515028882326,0.5334398778383799,0.1,nan,nan
nonlinear,1.0,16,9,oracle_ridge,0.2809974129715053,0.5336055078950658,nan,nan,nan
nonlinear,1.0,16,10,csm,0.22510154278605377,0.4597096464020615,nan,3.5178041814038766e-16,nan
nonlinear,1.0,16,10,simple_average,0.22510154297173707,0.45970964686781973,nan,nan,nan
nonlinear,1.0,16,10,hebbian,201.23664296814243,391.2754935218137,nan,nan,nan
nonlinear,1.0,16,10,softmax,0.22501207526424333,0.45947978225006975,0.1,nan,nan
nonlinear,1.0,16,10,oracle_ridge,0.22510154278605382,0.45970964640206174,nan,nan,nan
nonlinear,1.0,16,11,csm,0.14523631977183893,0.24225614588511152,nan,2.2138049345490673e-16,nan
nonlinear,1.0,16,11,simple_average,0.1452363201900777,0.24225614654421404,nan,nan,nan
nonlinear,1.0,16,11,hebbian,321.6656018077885,531.9610851155799,nan,nan,nan
nonlinear,1.0,16,11,softmax,0.14503237067616612,0.2419303294207898,0.1,nan,nan
nonlinear,1.0,16,11,oracle_ridge,0.1452363197718389,0.24225614588511132,nan,nan,nan
nonlinear,1.0,16,12,csm,0.29797764130368304,0.5409027304678247,nan,3.4466293511778514e-16,nan
nonlinear,1.0,16,12,simple_average,0.2979776416669259,0.5409027310463783,nan,nan,nan
nonlinear,1.0,16,12,hebbian,180.29893725502365,228.70177014829224,nan,nan,nan
nonlinear,1.0,16,12,softmax,0.2776267527162489,0.4378768230533472,0.5,nan,nan
nonlinear,1.0,16,12,oracle_ridge,0.2979776413036831,0.540902730467825,nan,nan,nan
nonlinear,1.0,16,13,csm,0.20969828373923,0.34754924952152305,nan,4.029287060820937e-16,nan
nonlinear,1.0,16,13,simple_average,0.20969828387748218,0.3475492498068808,nan,nan,nan
nonlinear,1.0,16,13,hebbian,154.46081634928555,272.6244333213173,nan,nan,nan
nonlinear,1.0,16,13,softmax,0.20962206333097344,0.34744570488224796,0.1,nan,nan
nonlinear,1.0,16,13,oracle_ridge,0.20969828373923,0.34754924952152294,nan,nan,nan
nonlinear,1.0,16,14,csm,0.24151915787860762,0.3912068865866294,nan,2.9767325631120734e-16,nan
nonlinear,1.0,16,14,simple_average,0.24151915828905207,0.39120688757394717,nan,nan,nan
nonlinear,1.0,16,14,hebbian,237.28375335331594,395.3760401509212,nan,nan,nan
nonlinear,1.0,16,14,softmax,0.20397340019029356,0.37393269898453074,0.5,nan,nan
nonlinear,1.0,16,14,oracle_ridge,0.24151915787860753,0.39120688658662917,nan,nan,nan
nonlinear,1.0,16,15,csm,0.18362871245254847,0.3662569708005708,nan,2.7967899065278203e-16,nan
nonlinear,1.0,16,15,simple_average,0.18362871260213298,0.36625697118234296,nan,nan,nan
nonlinear,1.0,16,15,hebbian,132.14826608659632,213.80692558949843,nan,nan,nan
nonlinear,1.0,16,15,softmax,0.1835569087140626,0.3661091769378612,0.1,nan,nan
nonlinear,1.0,16,15,oracle_ridge,0.18362871245254847,0.36625697080057085,nan,nan,nan
