experiment,fairness,d_key,d_value,associations,seed,key_regime,coefficient_kind,coefficient_sum,coefficient_minimum,coefficient_maximum,method,state_bytes,budget_bytes,budget_fraction,estimated_flops_per_query,selected_temperature,absolute_error,relative_error,convex_hull_distance,error_minus_hull_distance,minimum_softmax_weight,softmax_weight_sum_error
linear_functional,same_dimension,16,16,16,0,random_gaussian,positive_simplex,1.0,0.007352941176470588,0.11764705882352941,csm,4096,4096,1.0,1024,nan,2.465456627973007e-10,8.669029453282007e-10,3.3993498887762956e-17,nan,nan,nan
linear_functional,same_dimension,16,16,16,0,random_gaussian,positive_simplex,1.0,0.007352941176470588,0.11764705882352941,hebbian,2048,4096,0.5,512,nan,0.2917454526547505,1.025834278822614,3.3993498887762956e-17,nan,nan,nan
linear_functional,same_dimension,16,16,16,0,random_gaussian,positive_simplex,1.0,0.007352941176470588,0.11764705882352941,softmax,4096,4096,1.0,1104,1.0,0.12627135123054553,0.4439948569783971,3.3993498887762956e-17,0.1262713512305455,0.05667906975035588,0.0
linear_functional,same_dimension,16,16,16,0,random_gaussian,positive_simplex,1.0,0.007352941176470588,0.11764705882352941,linear_attention,2176,4096,0.53125,576,nan,0.13560922060930028,0.4768286386628386,3.3993498887762956e-17,nan,nan,nan
linear_functional,same_dimension,16,16,16,0,random_gaussian,positive_simplex,1.0,0.007352941176470588,0.11764705882352941,least_squares,4096,4096,1.0,1024,nan,8.823234881598837e-16,3.102422577382405e-15,3.3993498887762956e-17,nan,nan,nan
linear_functional,equal_state_budget,16,16,16,0,random_gaussian,positive_simplex,1.0,0.007352941176470588,0.11764705882352941,csm,4096,4096,1.0,1024,nan,2.465456627973007e-10,8.669029453282007e-10,3.3993498887762956e-17,nan,nan,nan
linear_functional,equal_state_budget,16,16,16,0,random_gaussian,positive_simplex,1.0,0.007352941176470588,0.11764705882352941,hebbian,2048,4096,0.5,512,nan,0.2917454526547505,1.025834278822614,3.3993498887762956e-17,nan,nan,nan
linear_functional,equal_state_budget,16,16,16,0,random_gaussian,positive_simplex,1.0,0.007352941176470588,0.11764705882352941,softmax,4096,4096,1.0,1104,1.0,0.12627135123054553,0.4439948569783971,3.3993498887762956e-17,0.1262713512305455,0.05667906975035588,0.0
linear_functional,equal_state_budget,16,16,16,0,random_gaussian,positive_simplex,1.0,0.007352941176470588,0.11764705882352941,linear_attention,2176,4096,0.53125,576,nan,0.13560922060930028,0.4768286386628386,3.3993498887762956e-17,nan,nan,nan
linear_functional,equal_state_budget,16,16,16,0,random_gaussian,positive_simplex,1.0,0.007352941176470588,0.11764705882352941,least_squares,4096,4096,1.0,1024,nan,8.823234881598837e-16,3.102422577382405e-15,3.3993498887762956e-17,nan,nan,nan
linear_functional,same_dimension,16,16,16,0,random_gaussian,negative_coefficients,0.3999999910593033,-0.6000000238418579,0.800000011920929,csm,4096,4096,1.0,1024,nan,4.593079689216935e-09,4.192888829953186e-09,0.6480740955929359,nan,nan,nan
linear_functional,same_dimension,16,16,16,0,random_gaussian,negative_coefficients,0.3999999910593033,-0.6000000238418579,0.800000011920929,hebbian,2048,4096,0.5,512,nan,0.8983815666295456,0.8201063971522476,0.6480740955929359,nan,nan,nan
linear_functional,same_dimension,16,16,16,0,random_gaussian,negative_coefficients,0.3999999910593033,-0.6000000238418579,0.800000011920929,softmax,4096,4096,1.0,1104,0.1,0.7345586911070685,0.670557259896562,0.6480740955929359,0.08648459551413257,2.5084976030520456e-06,1.1102230246251565e-16
linear_functional,same_dimension,16,16,16,0,random_gaussian,negative_coefficients,0.3999999910593033,-0.6000000238418579,0.800000011920929,linear_attention,2176,4096,0.53125,576,nan,1.0950620292208706,0.9996502697754954,0.6480740955929359,nan,nan,nan
linear_functional,same_dimension,16,16,16,0,random_gaussian,negative_coefficients,0.3999999910593033,-0.6000000238418579,0.800000011920929,least_squares,4096,4096,1.0,1024,nan,2.269089479743219e-15,2.0713857754559576e-15,0.6480740955929359,nan,nan,nan
linear_functional,equal_state_budget,16,16,16,0,random_gaussian,negative_coefficients,0.3999999910593033,-0.6000000238418579,0.800000011920929,csm,4096,4096,1.0,1024,nan,4.593079689216935e-09,4.192888829953186e-09,0.6480740955929359,nan,nan,nan
linear_functional,equal_state_budget,16,16,16,0,random_gaussian,negative_coefficients,0.3999999910593033,-0.6000000238418579,0.800000011920929,hebbian,2048,4096,0.5,512,nan,0.8983815666295456,0.8201063971522476,0.6480740955929359,nan,nan,nan
linear_functional,equal_state_budget,16,16,16,0,random_gaussian,negative_coefficients,0.3999999910593033,-0.6000000238418579,0.800000011920929,softmax,4096,4096,1.0,1104,0.1,0.7345586911070685,0.670557259896562,0.6480740955929359,0.08648459551413257,2.5084976030520456e-06,1.1102230246251565e-16
linear_functional,equal_state_budget,16,16,16,0,random_gaussian,negative_coefficients,0.3999999910593033,-0.6000000238418579,0.800000011920929,linear_attention,2176,4096,0.53125,576,nan,1.0950620292208706,0.9996502697754954,0.6480740955929359,nan,nan,nan
linear_functional,equal_state_budget,16,16,16,0,random_gaussian,negative_coefficients,0.3999999910593033,-0.6000000238418579,0.800000011920929,least_squares,4096,4096,1.0,1024,nan,2.269089479743219e-15,2.0713857754559576e-15,0.6480740955929359,nan,nan,nan
linear_functional,same_dimension,16,16,16,0,random_gaussian,coefficient_gt_one,1.75,0.0,1.5,csm,4096,4096,1.0,1024,nan,2.0474417245610655e-09,1.346389384338294e-09,0.5590169943749475,nan,nan,nan
linear_functional,same_dimension,16,16,16,0,random_gaussian,coefficient_gt_one,1.75,0.0,1.5,hebbian,2048,4096,0.5,512,nan,1.2895901035014237,0.8480292282185798,0.5590169943749475,nan,nan,nan
linear_functional,same_dimension,16,16,16,0,random_gaussian,coefficient_gt_one,1.75,0.0,1.5,softmax,4096,4096,1.0,1104,1e-08,0.5590169943749475,0.3676073110469039,0.5590169943749475,0.0,0.0,0.0
linear_functional,same_dimension,16,16,16,0,random_gaussian,coefficient_gt_one,1.75,0.0,1.5,linear_attention,2176,4096,0.53125,576,nan,1.4604992329519073,0.9604183794301787,0.5590169943749475,nan,nan,nan
linear_functional,same_dimension,16,16,16,0,random_gaussian,coefficient_gt_one,1.75,0.0,1.5,least_squares,4096,4096,1.0,1024,nan,3.391168271857366e-15,2.2300185187016385e-15,0.5590169943749475,nan,nan,nan
linear_functional,equal_state_budget,16,16,16,0,random_gaussian,coefficient_gt_one,1.75,0.0,1.5,csm,4096,4096,1.0,1024,nan,2.0474417245610655e-09,1.346389384338294e-09,0.5590169943749475,nan,nan,nan
linear_functional,equal_state_budget,16,16,16,0,random_gaussian,coefficient_gt_one,1.75,0.0,1.5,hebbian,2048,4096,0.5,512,nan,1.2895901035014237,0.8480292282185798,0.5590169943749475,nan,nan,nan
linear_functional,equal_state_budget,16,16,16,0,random_gaussian,coefficient_gt_one,1.75,0.0,1.5,softmax,4096,4096,1.0,1104,1e-08,0.5590169943749475,0.3676073110469039,0.5590169943749475,0.0,0.0,0.0
linear_functional,equal_state_budget,16,16,16,0,random_gaussian,coefficient_gt_one,1.75,0.0,1.5,linear_attention,2176,4096,0.53125,576,nan,1.4604992329519073,0.9604183794301787,0.5590169943749475,nan,nan,nan
linear_functional,equal_state_budget,16,16,16,0,random_gaussian,coefficient_gt_one,1.75,0.0,1.5,least_squares,4096,4096,1.0,1024,nan,3.391168271857366e-15,2.2300185187016385e-15,0.5590169943749475,nan,nan,nan
linear_functional,same_dimension,16,16,16,0,random_gaussian,positive_sum_two,2.0,0.014705882352941176,0.23529411764705882,csm,4096,4096,1.0,1024,nan,4.930913255946014e-10,8.669029453282007e-10,0.25906294630831,nan,nan,nan
linear_functional,same_dimension,16,16,16,0,random_gaussian,positive_sum_two,2.0,0.014705882352941176,0.23529411764705882,hebbian,2048,4096,0.5,512,nan,0.583490905309501,1.025834278822614,0.25906294630831,nan,nan,nan
linear_functional,same_dimension,16,16,16,0,random_gaussian,positive_sum_two,2.0,0.014705882352941176,0.23529411764705882,softmax,4096,4096,1.0,1104,1.0,0.35518569867002175,0.6244513183114649,0.25906294630831,0.09612275236171175,0.05117810020613929,0.0
linear_functional,same_dimension,16,16,16,0,random_gaussian,positive_sum_two,2.0,0.014705882352941176,0.23529411764705882,linear_attention,2176,4096,0.53125,576,nan,0.36837856369651234,0.6476456698547428,0.25906294630831,nan,nan,nan
linear_functional,same_dimension,16,16,16,0,random_gaussian,positive_sum_two,2.0,0.014705882352941176,0.23529411764705882,least_squares,4096,4096,1.0,1024,nan,1.7646469763197674e-15,3.102422577382405e-15,0.25906294630831,nan,nan,nan
linear_functional,equal_state_budget,16,16,16,0,random_gaussian,positive_sum_two,2.0,0.014705882352941176,0.23529411764705882,csm,4096,4096,1.0,1024,nan,4.930913255946014e-10,8.669029453282007e-10,0.25906294630831,nan,nan,nan
linear_functional,equal_state_budget,16,16,16,0,random_gaussian,positive_sum_two,2.0,0.014705882352941176,0.23529411764705882,hebbian,2048,4096,0.5,512,nan,0.583490905309501,1.025834278822614,0.25906294630831,nan,nan,nan
linear_functional,equal_state_budget,16,16,16,0,random_gaussian,positive_sum_two,2.0,0.014705882352941176,0.23529411764705882,softmax,4096,4096,1.0,1104,1.0,0.35518569867002175,0.6244513183114649,0.25906294630831,0.09612275236171175,0.05117810020613929,0.0
linear_functional,equal_state_budget,16,16,16,0,random_gaussian,positive_sum_two,2.0,0.014705882352941176,0.23529411764705882,linear_attention,2176,4096,0.53125,576,nan,0.36837856369651234,0.6476456698547428,0.25906294630831,nan,nan,nan
linear_functional,equal_state_budget,16,16,16,0,random_gaussian,positive_sum_two,2.0,0.014705882352941176,0.23529411764705882,least_squares,4096,4096,1.0,1024,nan,1.7646469763197674e-15,3.102422577382405e-15,0.25906294630831,nan,nan,nan
linear_functional,same_dimension,16,16,16,0,random_gaussian,mixed_nonunit,1.5,-1.5,2.0,csm,4096,4096,1.0,1024,nan,1.2189156487287848e-08,4.648761882035672e-09,1.9685019685029528,nan,nan,nan
linear_functional,same_dimension,16,16,16,0,random_gaussian,mixed_nonunit,1.5,-1.5,2.0,hebbian,2048,4096,0.5,512,nan,1.9677340654660183,0.7504643268023943,1.9685019685029528,nan,nan,nan
linear_functional,same_dimension,16,16,16,0,random_gaussian,mixed_nonunit,1.5,-1.5,2.0,softmax,4096,4096,1.0,1104,1e-08,1.9685019685029528,0.7507571935295483,1.9685019685029528,0.0,0.0,0.0
linear_functional,same_dimension,16,16,16,0,random_gaussian,mixed_nonunit,1.5,-1.5,2.0,linear_attention,2176,4096,0.53125,576,nan,2.589522610326746,0.9876051731808577,1.9685019685029528,nan,nan,nan
linear_functional,same_dimension,16,16,16,0,random_gaussian,mixed_nonunit,1.5,-1.5,2.0,least_squares,4096,4096,1.0,1024,nan,6.0332825255429655e-15,2.301003671381753e-15,1.9685019685029528,nan,nan,nan
linear_functional,equal_state_budget,16,16,16,0,random_gaussian,mixed_nonunit,1.5,-1.5,2.0,csm,4096,4096,1.0,1024,nan,1.2189156487287848e-08,4.648761882035672e-09,1.9685019685029528,nan,nan,nan
linear_functional,equal_state_budget,16,16,16,0,random_gaussian,mixed_nonunit,1.5,-1.5,2.0,hebbian,2048,4096,0.5,512,nan,1.9677340654660183,0.7504643268023943,1.9685019685029528,nan,nan,nan
linear_functional,equal_state_budget,16,16,16,0,random_gaussian,mixed_nonunit,1.5,-1.5,2.0,softmax,4096,4096,1.0,1104,1e-08,1.9685019685029528,0.7507571935295483,1.9685019685029528,0.0,0.0,0.0
linear_functional,equal_state_budget,16,16,16,0,random_gaussian,mixed_nonunit,1.5,-1.5,2.0,linear_attention,2176,4096,0.53125,576,nan,2.589522610326746,0.9876051731808577,1.9685019685029528,nan,nan,nan
linear_functional,equal_state_budget,16,16,16,0,random_gaussian,mixed_nonunit,1.5,-1.5,2.0,least_squares,4096,4096,1.0,1024,nan,6.0332825255429655e-15,2.301003671381753e-15,1.9685019685029528,nan,nan,nan
linear_functional,same_dimension,16,16,16,0,correlated,positive_simplex,1.0,0.007352941176470588,0.11764705882352941,csm,4096,4096,1.0,1024,nan,3.6313495989675576e-09,1.276853799472242e-08,3.3993498887762956e-17,nan,nan,nan
linear_functional,same_dimension,16,16,16,0,correlated,positive_simplex,1.0,0.007352941176470588,0.11764705882352941,hebbian,2048,4096,0.5,512,nan,3.381558070262606,11.89022194772552,3.3993498887762956e-17,nan,nan,nan
linear_functional,same_dimension,16,16,16,0,correlated,positive_simplex,1.0,0.007352941176470588,0.11764705882352941,softmax,4096,4096,1.0,1104,1.0,0.1368001196904425,0.48101607359605675,3.3993498887762956e-17,0.13680011969044248,0.060253557294821486,1.1102230246251565e-16
linear_functional,same_dimension,16,16,16,0,correlated,positive_simplex,1.0,0.007352941176470588,0.11764705882352941,linear_attention,2176,4096,0.53125,576,nan,0.13509618183870714,0.4750246936400441,3.3993498887762956e-17,nan,nan,nan
linear_functional,same_dimension,16,16,16,0,correlated,positive_simplex,1.0,0.007352941176470588,0.11764705882352941,least_squares,4096,4096,1.0,1024,nan,3.728757444125212e-15,1.3111043098674178e-14,3.3993498887762956e-17,nan,nan,nan
linear_functional,equal_state_budget,16,16,16,0,correlated,positive_simplex,1.0,0.007352941176470588,0.11764705882352941,csm,4096,4096,1.0,1024,nan,3.6313495989675576e-09,1.276853799472242e-08,3.3993498887762956e-17,nan,nan,nan
linear_functional,equal_state_budget,16,16,16,0,correlated,positive_simplex,1.0,0.007352941176470588,0.11764705882352941,hebbian,2048,4096,0.5,512,nan,3.381558070262606,11.89022194772552,3.3993498887762956e-17,nan,nan,nan
linear_functional,equal_state_budget,16,16,16,0,correlated,positive_simplex,1.0,0.007352941176470588,0.11764705882352941,softmax,4096,4096,1.0,1104,1.0,0.1368001196904425,0.48101607359605675,3.3993498887762956e-17,0.13680011969044248,0.060253557294821486,1.1102230246251565e-16
linear_functional,equal_state_budget,16,16,16,0,correlated,positive_simplex,1.0,0.007352941176470588,0.11764705882352941,linear_attention,2176,4096,0.53125,576,nan,0.13509618183870714,0.4750246936400441,3.3993498887762956e-17,nan,nan,nan
linear_functional,equal_state_budget,16,16,16,0,correlated,positive_simplex,1.0,0.007352941176470588,0.11764705882352941,least_squares,4096,4096,1.0,1024,nan,3.728757444125212e-15,1.3111043098674178e-14,3.3993498887762956e-17,nan,nan,nan
linear_functional,same_dimension,16,16,16,0,correlated,negative_coefficients,0.3999999910593033,-0.6000000238418579,0.800000011920929,csm,4096,4096,1.0,1024,nan,3.565630817204307e-08,3.254960644443257e-08,0.6480740955929359,nan,nan,nan
linear_functional,same_dimension,16,16,16,0,correlated,negative_coefficients,0.3999999910593033,-0.6000000238418579,0.800000011920929,hebbian,2048,4096,0.5,512,nan,1.6818083879082637,1.535273951448544,0.6480740955929359,nan,nan,nan
linear_functional,same_dimension,16,16,16,0,correlated,negative_coefficients,0.3999999910593033,-0.6000000238418579,0.800000011920929,softmax,4096,4096,1.0,1104,0.01,0.7626238342315638,0.6961771126054087,0.6480740955929359,0.11454973863862783,1.7775446761610976e-07,0.0
linear_functional,same_dimension,16,16,16,0,correlated,negative_coefficients,0.3999999910593033,-0.6000000238418579,0.800000011920929,linear_attention,2176,4096,0.53125,576,nan,1.1012296393933187,1.0052805016785635,0.6480740955929359,nan,nan,nan
linear_functional,same_dimension,16,16,16,0,correlated,negative_coefficients,0.3999999910593033,-0.6000000238418579,0.800000011920929,least_squares,4096,4096,1.0,1024,nan,1.9278334781793625e-14,1.7598630991847945e-14,0.6480740955929359,nan,nan,nan
linear_functional,equal_state_budget,16,16,16,0,correlated,negative_coefficients,0.3999999910593033,-0.6000000238418579,0.800000011920929,csm,4096,4096,1.0,1024,nan,3.565630817204307e-08,3.254960644443257e-08,0.6480740955929359,nan,nan,nan
linear_functional,equal_state_budget,16,16,16,0,correlated,negative_coefficients,0.3999999910593033,-0.6000000238418579,0.800000011920929,hebbian,2048,4096,0.5,512,nan,1.6818083879082637,1.535273951448544,0.6480740955929359,nan,nan,nan
linear_functional,equal_state_budget,16,16,16,0,correlated,negative_coefficients,0.3999999910593033,-0.6000000238418579,0.800000011920929,softmax,4096,4096,1.0,1104,0.01,0.7626238342315638,0.6961771126054087,0.6480740955929359,0.11454973863862783,1.7775446761610976e-07,0.0
linear_functional,equal_state_budget,16,16,16,0,correlated,negative_coefficients,0.3999999910593033,-0.6000000238418579,0.800000011920929,linear_attention,2176,4096,0.53125,576,nan,1.1012296393933187,1.0052805016785635,0.6480740955929359,nan,nan,nan
linear_functional,equal_state_budget,16,16,16,0,correlated,negative_coefficients,0.3999999910593033,-0.6000000238418579,0.800000011920929,least_squares,4096,4096,1.0,1024,nan,1.9278334781793625e-14,1.7598630991847945e-14,0.6480740955929359,nan,nan,nan
linear_functional,same_dimension,16,16,16,0,correlated,coefficient_gt_one,1.75,0.0,1.5,csm,4096,4096,1.0,1024,nan,1.5170848119966416e-08,9.97628826994345e-09,0.5590169943749475,nan,nan,nan
linear_functional,same_dimension,16,16,16,0,correlated,coefficient_gt_one,1.75,0.0,1.5,hebbian,2048,4096,0.5,512,nan,6.100959498153099,4.011966252349481,0.5590169943749475,nan,nan,nan
linear_functional,same_dimension,16,16,16,0,correlated,coefficient_gt_one,1.75,0.0,1.5,softmax,4096,4096,1.0,1104,1e-08,0.5590169943749475,0.3676073110469039,0.5590169943749475,0.0,0.0,0.0
linear_functional,same_dimension,16,16,16,0,correlated,coefficient_gt_one,1.75,0.0,1.5,linear_attention,2176,4096,0.53125,576,nan,1.4684532453235375,0.9656489057458199,0.5590169943749475,nan,nan,nan
linear_functional,same_dimension,16,16,16,0,correlated,coefficient_gt_one,1.75,0.0,1.5,least_squares,4096,4096,1.0,1024,nan,3.08876282669783e-14,2.031157922942224e-14,0.5590169943749475,nan,nan,nan
linear_functional,equal_state_budget,16,16,16,0,correlated,coefficient_gt_one,1.75,0.0,1.5,csm,4096,4096,1.0,1024,nan,1.5170848119966416e-08,9.97628826994345e-09,0.5590169943749475,nan,nan,nan
linear_functional,equal_state_budget,16,16,16,0,correlated,coefficient_gt_one,1.75,0.0,1.5,hebbian,2048,4096,0.5,512,nan,6.100959498153099,4.011966252349481,0.5590169943749475,nan,nan,nan
linear_functional,equal_state_budget,16,16,16,0,correlated,coefficient_gt_one,1.75,0.0,1.5,softmax,4096,4096,1.0,1104,1e-08,0.5590169943749475,0.3676073110469039,0.5590169943749475,0.0,0.0,0.0
linear_functional,equal_state_budget,16,16,16,0,correlated,coefficient_gt_one,1.75,0.0,1.5,linear_attention,2176,4096,0.53125,576,nan,1.4684532453235375,0.9656489057458199,0.5590169943749475,nan,nan,nan
linear_functional,equal_state_budget,16,16,16,0,correlated,coefficient_gt_one,1.75,0.0,1.5,least_squares,4096,4096,1.0,1024,nan,3.08876282669783e-14,2.031157922942224e-14,0.5590169943749475,nan,nan,nan
linear_functional,same_dimension,16,16,16,0,correlated,positive_sum_two,2.0,0.014705882352941176,0.23529411764705882,csm,4096,4096,1.0,1024,nan,7.262699197935115e-09,1.276853799472242e-08,0.25906294630831,nan,nan,nan
linear_functional,same_dimension,16,16,16,0,correlated,positive_sum_two,2.0,0.014705882352941176,0.23529411764705882,hebbian,2048,4096,0.5,512,nan,6.763116140525212,11.89022194772552,0.25906294630831,nan,nan,nan
linear_functional,same_dimension,16,16,16,0,correlated,positive_sum_two,2.0,0.014705882352941176,0.23529411764705882,softmax,4096,4096,1.0,1104,1.0,0.3706008508613658,0.6515526687991137,0.25906294630831,0.11153790455305579,0.058077463119956874,2.220446049250313e-16
linear_functional,same_dimension,16,16,16,0,correlated,positive_sum_two,2.0,0.014705882352941176,0.23529411764705882,linear_attention,2176,4096,0.53125,576,nan,0.3684771365375387,0.6478189705837956,0.25906294630831,nan,nan,nan
linear_functional,same_dimension,16,16,16,0,correlated,positive_sum_two,2.0,0.014705882352941176,0.23529411764705882,least_squares,4096,4096,1.0,1024,nan,7.457514888250425e-15,1.3111043098674178e-14,0.25906294630831,nan,nan,nan
linear_functional,equal_state_budget,16,16,16,0,correlated,positive_sum_two,2.0,0.014705882352941176,0.23529411764705882,csm,4096,4096,1.0,1024,nan,7.262699197935115e-09,1.276853799472242e-08,0.25906294630831,nan,nan,nan
linear_functional,equal_state_budget,16,16,16,0,correlated,positive_sum_two,2.0,0.014705882352941176,0.23529411764705882,hebbian,2048,4096,0.5,512,nan,6.763116140525212,11.89022194772552,0.25906294630831,nan,nan,nan
linear_functional,equal_state_budget,16,16,16,0,correlated,positive_sum_two,2.0,0.014705882352941176,0.23529411764705882,softmax,4096,4096,1.0,1104,1.0,0.3706008508613658,0.6515526687991137,0.25906294630831,0.11153790455305579,0.058077463119956874,2.220446049250313e-16
linear_functional,equal_state_budget,16,16,16,0,correlated,positive_sum_two,2.0,0.014705882352941176,0.23529411764705882,linear_attention,2176,4096,0.53125,576,nan,0.3684771365375387,0.6478189705837956,0.25906294630831,nan,nan,nan
linear_functional,equal_state_budget,16,16,16,0,correlated,positive_sum_two,2.0,0.014705882352941176,0.23529411764705882,least_squares,4096,4096,1.0,1024,nan,7.457514888250425e-15,1.3111043098674178e-14,0.25906294630831,nan,nan,nan
linear_functional,same_dimension,16,16,16,0,correlated,mixed_nonunit,1.5,-1.5,2.0,csm,4096,4096,1.0,1024,nan,4.197283458847346e-08,1.6007811017881146e-08,1.9685019685029528,nan,nan,nan
linear_functional,same_dimension,16,16,16,0,correlated,mixed_nonunit,1.5,-1.5,2.0,hebbian,2048,4096,0.5,512,nan,5.633832070005561,2.148659245136943,1.9685019685029528,nan,nan,nan
linear_functional,same_dimension,16,16,16,0,correlated,mixed_nonunit,1.5,-1.5,2.0,softmax,4096,4096,1.0,1104,1e-08,1.9685019685029528,0.7507571935295483,1.9685019685029528,0.0,0.0,0.0
linear_functional,same_dimension,16,16,16,0,correlated,mixed_nonunit,1.5,-1.5,2.0,linear_attention,2176,4096,0.53125,576,nan,2.597452463670463,0.990629500581433,1.9685019685029528,nan,nan,nan
linear_functional,same_dimension,16,16,16,0,correlated,mixed_nonunit,1.5,-1.5,2.0,least_squares,4096,4096,1.0,1024,nan,5.989202071008801e-14,2.284192045655646e-14,1.9685019685029528,nan,nan,nan
linear_functional,equal_state_budget,16,16,16,0,correlated,mixed_nonunit,1.5,-1.5,2.0,csm,4096,4096,1.0,1024,nan,4.197283458847346e-08,1.6007811017881146e-08,1.9685019685029528,nan,nan,nan
linear_functional,equal_state_budget,16,16,16,0,correlated,mixed_nonunit,1.5,-1.5,2.0,hebbian,2048,4096,0.5,512,nan,5.633832070005561,2.148659245136943,1.9685019685029528,nan,nan,nan
linear_functional,equal_state_budget,16,16,16,0,correlated,mixed_nonunit,1.5,-1.5,2.0,softmax,4096,4096,1.0,1104,1e-08,1.9685019685029528,0.7507571935295483,1.9685019685029528,0.0,0.0,0.0
linear_functional,equal_state_budget,16,16,16,0,correlated,mixed_nonunit,1.5,-1.5,2.0,linear_attention,2176,4096,0.53125,576,nan,2.597452463670463,0.990629500581433,1.9685019685029528,nan,nan,nan
linear_functional,equal_state_budget,16,16,16,0,correlated,mixed_nonunit,1.5,-1.5,2.0,least_squares,4096,4096,1.0,1024,nan,5.989202071008801e-14,2.284192045655646e-14,1.9685019685029528,nan,nan,nan
linear_functional,same_dimension,16,16,16,1,random_gaussian,positive_simplex,1.0,0.007352941176470588,0.11764705882352941,csm,4096,4096,1.0,1024,nan,2.7755191936480347e-09,9.759270296986043e-09,3.3993498887762956e-17,nan,nan,nan
linear_functional,same_dimension,16,16,16,1,random_gaussian,positive_simplex,1.0,0.007352941176470588,0.11764705882352941,hebbian,2048,4096,0.5,512,nan,0.2270205568398883,0.7982488401605015,3.3993498887762956e-17,nan,nan,nan
linear_functional,same_dimension,16,16,16,1,random_gaussian,positive_simplex,1.0,0.007352941176470588,0.11764705882352941,softmax,4096,4096,1.0,1104,0.1,0.11032925186287619,0.38793930629564255,3.3993498887762956e-17,0.11032925186287616,0.023274225768025843,0.0
linear_functional,same_dimension,16,16,16,1,random_gaussian,positive_simplex,1.0,0.007352941176470588,0.11764705882352941,linear_attention,2176,4096,0.53125,576,nan,0.1412049101208101,0.4965041813742032,3.3993498887762956e-17,nan,nan,nan
linear_functional,same_dimension,16,16,16,1,random_gaussian,positive_simplex,1.0,0.007352941176470588,0.11764705882352941,least_squares,4096,4096,1.0,1024,nan,1.5497239821219397e-15,5.44913371950815e-15,3.3993498887762956e-17,nan,nan,nan
linear_functional,equal_state_budget,16,16,16,1,random_gaussian,positive_simplex,1.0,0.007352941176470588,0.11764705882352941,csm,4096,4096,1.0,1024,nan,2.7755191936480347e-09,9.759270296986043e-09,3.3993498887762956e-17,nan,nan,nan
linear_functional,equal_state_budget,16,16,16,1,random_gaussian,positive_simplex,1.0,0.007352941176470588,0.11764705882352941,hebbian,2048,4096,0.5,512,nan,0.2270205568398883,0.7982488401605015,3.3993498887762956e-17,nan,nan,nan
linear_functional,equal_state_budget,16,16,16,1,random_gaussian,positive_simplex,1.0,0.007352941176470588,0.11764705882352941,softmax,4096,4096,1.0,1104,0.1,0.11032925186287619,0.38793930629564255,3.3993498887762956e-17,0.11032925186287616,0.023274225768025843,0.0
linear_functional,equal_state_budget,16,16,16,1,random_gaussian,positive_simplex,1.0,0.007352941176470588,0.11764705882352941,linear_attention,2176,4096,0.53125,576,nan,0.1412049101208101,0.4965041813742032,3.3993498887762956e-17,nan,nan,nan
linear_functional,equal_state_budget,16,16,16,1,random_gaussian,positive_simplex,1.0,0.007352941176470588,0.11764705882352941,least_squares,4096,4096,1.0,1024,nan,1.5497239821219397e-15,5.44913371950815e-15,3.3993498887762956e-17,nan,nan,nan
linear_functional,same_dimension,16,16,16,1,random_gaussian,negative_coefficients,0.3999999910593033,-0.6000000238418579,0.800000011920929,csm,4096,4096,1.0,1024,nan,1.0548038772001121e-08,9.628997739548637e-09,0.6480740955929359,nan,nan,nan
linear_functional,same_dimension,16,16,16,1,random_gaussian,negative_coefficients,0.3999999910593033,-0.6000000238418579,0.800000011920929,hebbian,2048,4096,0.5,512,nan,1.0073147015323687,0.919548287006264,0.6480740955929359,nan,nan,nan
linear_functional,same_dimension,16,16,16,1,random_gaussian,negative_coefficients,0.3999999910593033,-0.6000000238418579,0.800000011920929,softmax,4096,4096,1.0,1104,0.1,0.7676016355582553,0.7007212026261873,0.6480740955929359,0.1195275399653194,1.5371320912597476e-06,1.1102230246251565e-16
linear_functional,same_dimension,16,16,16,1,random_gaussian,negative_coefficients,0.3999999910593033,-0.6000000238418579,0.800000011920929,linear_attention,2176,4096,0.53125,576,nan,1.1054552678573037,1.0091379549746102,0.6480740955929359,nan,nan,nan
linear_functional,same_dimension,16,16,16,1,random_gaussian,negative_coefficients,0.3999999910593033,-0.6000000238418579,0.800000011920929,least_squares,4096,4096,1.0,1024,nan,4.796196782789386e-15,4.378308515749598e-15,0.6480740955929359,nan,nan,nan
linear_functional,equal_state_budget,16,16,16,1,random_gaussian,negative_coefficients,0.3999999910593033,-0.6000000238418579,0.800000011920929,csm,4096,4096,1.0,1024,nan,1.0548038772001121e-08,9.628997739548637e-09,0.6480740955929359,nan,nan,nan
linear_functional,equal_state_budget,16,16,16,1,random_gaussian,negative_coefficients,0.3999999910593033,-0.6000000238418579,0.800000011920929,hebbian,2048,4096,0.5,512,nan,1.0073147015323687,0.919548287006264,0.6480740955929359,nan,nan,nan
linear_functional,equal_state_budget,16,16,16,1,random_gaussian,negative_coefficients,0.3999999910593033,-0.6000000238418579,0.800000011920929,softmax,4096,4096,1.0,1104,0.1,0.7676016355582553,0.7007212026261873,0.6480740955929359,0.1195275399653194,1.5371320912597476e-06,1.1102230246251565e-16
linear_functional,equal_state_budget,16,16,16,1,random_gaussian,negative_coefficients,0.3999999910593033,-0.6000000238418579,0.800000011920929,linear_attention,2176,4096,0.53125,576,nan,1.1054552678573037,1.0091379549746102,0.6480740955929359,nan,nan,nan
linear_functional,equal_state_budget,16,16,16,1,random_gaussian,negative_coefficients,0.3999999910593033,-0.6000000238418579,0.800000011920929,least_squares,4096,4096,1.0,1024,nan,4.796196782789386e-15,4.378308515749598e-15,0.6480740955929359,nan,nan,nan
linear_functional,same_dimension,16,16,16,1,random_gaussian,coefficient_gt_one,1.75,0.0,1.5,csm,4096,4096,1.0,1024,nan,2.018506621153743e-08,1.3273617775473353e-08,0.5590169943749475,nan,nan,nan
linear_functional,same_dimension,16,16,16,1,random_gaussian,coefficient_gt_one,1.75,0.0,1.5,hebbian,2048,4096,0.5,512,nan,1.1025072776928495,0.7250043197979632,0.5590169943749475,nan,nan,nan
linear_functional,same_dimension,16,16,16,1,random_gaussian,coefficient_gt_one,1.75,0.0,1.5,softmax,4096,4096,1.0,1104,1e-08,0.5590169943749475,0.3676073110469039,0.5590169943749475,0.0,0.0,0.0
linear_functional,same_dimension,16,16,16,1,random_gaussian,coefficient_gt_one,1.75,0.0,1.5,linear_attention,2176,4096,0.53125,576,nan,1.465800328220247,0.9639043582050758,0.5590169943749475,nan,nan,nan
linear_functional,same_dimension,16,16,16,1,random_gaussian,coefficient_gt_one,1.75,0.0,1.5,least_squares,4096,4096,1.0,1024,nan,3.55326424646207e-15,2.3366121749867912e-15,0.5590169943749475,nan,nan,nan
linear_functional,equal_state_budget,16,16,16,1,random_gaussian,coefficient_gt_one,1.75,0.0,1.5,csm,4096,4096,1.0,1024,nan,2.018506621153743e-08,1.3273617775473353e-08,0.5590169943749475,nan,nan,nan
linear_functional,equal_state_budget,16,16,16,1,random_gaussian,coefficient_gt_one,1.75,0.0,1.5,hebbian,2048,4096,0.5,512,nan,1.1025072776928495,0.7250043197979632,0.5590169943749475,nan,nan,nan
linear_functional,equal_state_budget,16,16,16,1,random_gaussian,coefficient_gt_one,1.75,0.0,1.5,softmax,4096,4096,1.0,1104,1e-08,0.5590169943749475,0.3676073110469039,0.5590169943749475,0.0,0.0,0.0
linear_functional,equal_state_budget,16,16,16,1,random_gaussian,coefficient_gt_one,1.75,0.0,1.5,linear_attention,2176,4096,0.53125,576,nan,1.465800328220247,0.9639043582050758,0.5590169943749475,nan,nan,nan
linear_functional,equal_state_budget,16,16,16,1,random_gaussian,coefficient_gt_one,1.75,0.0,1.5,least_squares,4096,4096,1.0,1024,nan,3.55326424646207e-15,2.3366121749867912e-15,0.5590169943749475,nan,nan,nan
linear_functional,same_dimension,16,16,16,1,random_gaussian,positive_sum_two,2.0,0.014705882352941176,0.23529411764705882,csm,4096,4096,1.0,1024,nan,5.551038387296069e-09,9.759270296986043e-09,0.25906294630831,nan,nan,nan
linear_functional,same_dimension,16,16,16,1,random_gaussian,positive_sum_two,2.0,0.014705882352941176,0.23529411764705882,hebbian,2048,4096,0.5,512,nan,0.4540411136797766,0.7982488401605015,0.25906294630831,nan,nan,nan
linear_functional,same_dimension,16,16,16,1,random_gaussian,positive_sum_two,2.0,0.014705882352941176,0.23529411764705882,softmax,4096,4096,1.0,1104,0.1,0.3366568736400676,0.5918758253790579,0.25906294630831,0.07759392733175757,0.007591683567681132,0.0
linear_functional,same_dimension,16,16,16,1,random_gaussian,positive_sum_two,2.0,0.014705882352941176,0.23529411764705882,linear_attention,2176,4096,0.53125,576,nan,0.3722575852311519,0.654465370423021,0.25906294630831,nan,nan,nan
linear_functional,same_dimension,16,16,16,1,random_gaussian,positive_sum_two,2.0,0.014705882352941176,0.23529411764705882,least_squares,4096,4096,1.0,1024,nan,3.0994479642438795e-15,5.44913371950815e-15,0.25906294630831,nan,nan,nan
linear_functional,equal_state_budget,16,16,16,1,random_gaussian,positive_sum_two,2.0,0.014705882352941176,0.23529411764705882,csm,4096,4096,1.0,1024,nan,5.551038387296069e-09,9.759270296986043e-09,0.25906294630831,nan,nan,nan
linear_functional,equal_state_budget,16,16,16,1,random_gaussian,positive_sum_two,2.0,0.014705882352941176,0.23529411764705882,hebbian,2048,4096,0.5,512,nan,0.4540411136797766,0.7982488401605015,0.25906294630831,nan,nan,nan
linear_functional,equal_state_budget,16,16,16,1,random_gaussian,positive_sum_two,2.0,0.014705882352941176,0.23529411764705882,softmax,4096,4096,1.0,1104,0.1,0.3366568736400676,0.5918758253790579,0.25906294630831,0.07759392733175757,0.007591683567681132,0.0
linear_functional,equal_state_budget,16,16,16,1,random_gaussian,positive_sum_two,2.0,0.014705882352941176,0.23529411764705882,linear_attention,2176,4096,0.53125,576,nan,0.3722575852311519,0.654465370423021,0.25906294630831,nan,nan,nan
linear_functional,equal_state_budget,16,16,16,1,random_gaussian,positive_sum_two,2.0,0.014705882352941176,0.23529411764705882,least_squares,4096,4096,1.0,1024,nan,3.0994479642438795e-15,5.44913371950815e-15,0.25906294630831,nan,nan,nan
linear_functional,same_dimension,16,16,16,1,random_gaussian,mixed_nonunit,1.5,-1.5,2.0,csm,4096,4096,1.0,1024,nan,2.259493245288756e-08,8.617369120143774e-09,1.9685019685029528,nan,nan,nan
linear_functional,same_dimension,16,16,16,1,random_gaussian,mixed_nonunit,1.5,-1.5,2.0,hebbian,2048,4096,0.5,512,nan,2.4251547573093677,0.9249177336901823,1.9685019685029528,nan,nan,nan
linear_functional,same_dimension,16,16,16,1,random_gaussian,mixed_nonunit,1.5,-1.5,2.0,softmax,4096,4096,1.0,1104,1e-08,1.9685019685029528,0.7507571935295483,1.9685019685029528,0.0,0.0,0.0
linear_functional,same_dimension,16,16,16,1,random_gaussian,mixed_nonunit,1.5,-1.5,2.0,linear_attention,2176,4096,0.53125,576,nan,2.5981572809321376,0.9908983073379375,1.9685019685029528,nan,nan,nan
linear_functional,same_dimension,16,16,16,1,random_gaussian,mixed_nonunit,1.5,-1.5,2.0,least_squares,4096,4096,1.0,1024,nan,1.1558500312987205e-14,4.408239054486708e-15,1.9685019685029528,nan,nan,nan
linear_functional,equal_state_budget,16,16,16,1,random_gaussian,mixed_nonunit,1.5,-1.5,2.0,csm,4096,4096,1.0,1024,nan,2.259493245288756e-08,8.617369120143774e-09,1.9685019685029528,nan,nan,nan
linear_functional,equal_state_budget,16,16,16,1,random_gaussian,mixed_nonunit,1.5,-1.5,2.0,hebbian,2048,4096,0.5,512,nan,2.4251547573093677,0.9249177336901823,1.9685019685029528,nan,nan,nan
linear_functional,equal_state_budget,16,16,16,1,random_gaussian,mixed_nonunit,1.5,-1.5,2.0,softmax,4096,4096,1.0,1104,1e-08,1.9685019685029528,0.7507571935295483,1.9685019685029528,0.0,0.0,0.0
linear_functional,equal_state_budget,16,16,16,1,random_gaussian,mixed_nonunit,1.5,-1.5,2.0,linear_attention,2176,4096,0.53125,576,nan,2.5981572809321376,0.9908983073379375,1.9685019685029528,nan,nan,nan
linear_functional,equal_state_budget,16,16,16,1,random_gaussian,mixed_nonunit,1.5,-1.5,2.0,least_squares,4096,4096,1.0,1024,nan,1.1558500312987205e-14,4.408239054486708e-15,1.9685019685029528,nan,nan,nan
linear_functional,same_dimension,16,16,16,1,correlated,positive_simplex,1.0,0.007352941176470588,0.11764705882352941,csm,4096,4096,1.0,1024,nan,6.115907970296852e-07,2.1504732927163892e-06,3.3993498887762956e-17,nan,nan,nan
linear_functional,same_dimension,16,16,16,1,correlated,positive_simplex,1.0,0.007352941176470588,0.11764705882352941,hebbian,2048,4096,0.5,512,nan,3.395323662692509,11.938624472784262,3.3993498887762956e-17,nan,nan,nan
linear_functional,same_dimension,16,16,16,1,correlated,positive_simplex,1.0,0.007352941176470588,0.11764705882352941,softmax,4096,4096,1.0,1104,1.0,0.136356135888358,0.4794549393974742,3.3993498887762956e-17,0.13635613588835796,0.061553900020801786,0.0
linear_functional,same_dimension,16,16,16,1,correlated,positive_simplex,1.0,0.007352941176470588,0.11764705882352941,linear_attention,2176,4096,0.53125,576,nan,0.13610063752749904,0.4785565570084185,3.3993498887762956e-17,nan,nan,nan
linear_functional,same_dimension,16,16,16,1,correlated,positive_simplex,1.0,0.007352941176470588,0.11764705882352941,least_squares,4096,4096,1.0,1024,nan,4.456487209339559e-14,1.5669883800674247e-13,3.3993498887762956e-17,nan,nan,nan
linear_functional,equal_state_budget,16,16,16,1,correlated,positive_simplex,1.0,0.007352941176470588,0.11764705882352941,csm,4096,4096,1.0,1024,nan,6.115907970296852e-07,2.1504732927163892e-06,3.3993498887762956e-17,nan,nan,nan
linear_functional,equal_state_budget,16,16,16,1,correlated,positive_simplex,1.0,0.007352941176470588,0.11764705882352941,hebbian,2048,4096,0.5,512,nan,3.395323662692509,11.938624472784262,3.3993498887762956e-17,nan,nan,nan
linear_functional,equal_state_budget,16,16,16,1,correlated,positive_simplex,1.0,0.007352941176470588,0.11764705882352941,softmax,4096,4096,1.0,1104,1.0,0.136356135888358,0.4794549393974742,3.3993498887762956e-17,0.13635613588835796,0.061553900020801786,0.0
linear_functional,equal_state_budget,16,16,16,1,correlated,positive_simplex,1.0,0.007352941176470588,0.11764705882352941,linear_attention,2176,4096,0.53125,576,nan,0.13610063752749904,0.4785565570084185,3.3993498887762956e-17,nan,nan,nan
linear_functional,equal_state_budget,16,16,16,1,correlated,positive_simplex,1.0,0.007352941176470588,0.11764705882352941,least_squares,4096,4096,1.0,1024,nan,4.456487209339559e-14,1.5669883800674247e-13,3.3993498887762956e-17,nan,nan,nan
linear_functional,same_dimension,16,16,16,1,correlated,negative_coefficients,0.3999999910593033,-0.6000000238418579,0.800000011920929,csm,4096,4096,1.0,1024,nan,8.171270458067685e-07,7.459315088870053e-07,0.6480740955929359,nan,nan,nan
linear_functional,same_dimension,16,16,16,1,correlated,negative_coefficients,0.3999999910593033,-0.6000000238418579,0.800000011920929,hebbian,2048,4096,0.5,512,nan,1.6973736040066514,1.5494829844134965,0.6480740955929359,nan,nan,nan
linear_functional,same_dimension,16,16,16,1,correlated,negative_coefficients,0.3999999910593033,-0.6000000238418579,0.800000011920929,softmax,4096,4096,1.0,1104,0.01,0.7684005550099636,0.701450512952103,0.6480740955929359,0.12032645941702769,5.68320745807476e-07,2.220446049250313e-16
linear_functional,same_dimension,16,16,16,1,correlated,negative_coefficients,0.3999999910593033,-0.6000000238418579,0.800000011920929,linear_attention,2176,4096,0.53125,576,nan,1.1027779499976034,1.0066939093869567,0.6480740955929359,nan,nan,nan
linear_functional,same_dimension,16,16,16,1,correlated,negative_coefficients,0.3999999910593033,-0.6000000238418579,0.800000011920929,least_squares,4096,4096,1.0,1024,nan,1.0229247375571657e-13,9.337982347781689e-14,0.6480740955929359,nan,nan,nan
linear_functional,equal_state_budget,16,16,16,1,correlated,negative_coefficients,0.3999999910593033,-0.6000000238418579,0.800000011920929,csm,4096,4096,1.0,1024,nan,8.171270458067685e-07,7.459315088870053e-07,0.6480740955929359,nan,nan,nan
linear_functional,equal_state_budget,16,16,16,1,correlated,negative_coefficients,0.3999999910593033,-0.6000000238418579,0.800000011920929,hebbian,2048,4096,0.5,512,nan,1.6973736040066514,1.5494829844134965,0.6480740955929359,nan,nan,nan
linear_functional,equal_state_budget,16,16,16,1,correlated,negative_coefficients,0.3999999910593033,-0.6000000238418579,0.800000011920929,softmax,4096,4096,1.0,1104,0.01,0.7684005550099636,0.701450512952103,0.6480740955929359,0.12032645941702769,5.68320745807476e-07,2.220446049250313e-16
linear_functional,equal_state_budget,16,16,16,1,correlated,negative_coefficients,0.3999999910593033,-0.6000000238418579,0.800000011920929,linear_attention,2176,4096,0.53125,576,nan,1.1027779499976034,1.0066939093869567,0.6480740955929359,nan,nan,nan
linear_functional,equal_state_budget,16,16,16,1,correlated,negative_coefficients,0.3999999910593033,-0.6000000238418579,0.800000011920929,least_squares,4096,4096,1.0,1024,nan,1.0229247375571657e-13,9.337982347781689e-14,0.6480740955929359,nan,nan,nan
linear_functional,same_dimension,16,16,16,1,correlated,coefficient_gt_one,1.75,0.0,1.5,csm,4096,4096,1.0,1024,nan,5.690957323239914e-06,3.7423504829545952e-06,0.5590169943749475,nan,nan,nan
linear_functional,same_dimension,16,16,16,1,correlated,coefficient_gt_one,1.75,0.0,1.5,hebbian,2048,4096,0.5,512,nan,6.135774516849638,4.034860467616394,0.5590169943749475,nan,nan,nan
linear_functional,same_dimension,16,16,16,1,correlated,coefficient_gt_one,1.75,0.0,1.5,softmax,4096,4096,1.0,1104,1e-08,0.5590169943749475,0.3676073110469039,0.5590169943749475,0.0,0.0,0.0
linear_functional,same_dimension,16,16,16,1,correlated,coefficient_gt_one,1.75,0.0,1.5,linear_attention,2176,4096,0.53125,576,nan,1.4700830136638536,0.9667206348045811,0.5590169943749475,nan,nan,nan
linear_functional,same_dimension,16,16,16,1,correlated,coefficient_gt_one,1.75,0.0,1.5,least_squares,4096,4096,1.0,1024,nan,3.038029548184298e-13,1.9977959245010033e-13,0.5590169943749475,nan,nan,nan
linear_functional,equal_state_budget,16,16,16,1,correlated,coefficient_gt_one,1.75,0.0,1.5,csm,4096,4096,1.0,1024,nan,5.690957323239914e-06,3.7423504829545952e-06,0.5590169943749475,nan,nan,nan
linear_functional,equal_state_budget,16,16,16,1,correlated,coefficient_gt_one,1.75,0.0,1.5,hebbian,2048,4096,0.5,512,nan,6.135774516849638,4.034860467616394,0.5590169943749475,nan,nan,nan
linear_functional,equal_state_budget,16,16,16,1,correlated,coefficient_gt_one,1.75,0.0,1.5,softmax,4096,4096,1.0,1104,1e-08,0.5590169943749475,0.3676073110469039,0.5590169943749475,0.0,0.0,0.0
linear_functional,equal_state_budget,16,16,16,1,correlated,coefficient_gt_one,1.75,0.0,1.5,linear_attention,2176,4096,0.53125,576,nan,1.4700830136638536,0.9667206348045811,0.5590169943749475,nan,nan,nan
linear_functional,equal_state_budget,16,16,16,1,correlated,coefficient_gt_one,1.75,0.0,1.5,least_squares,4096,4096,1.0,1024,nan,3.038029548184298e-13,1.9977959245010033e-13,0.5590169943749475,nan,nan,nan
linear_functional,same_dimension,16,16,16,1,correlated,positive_sum_two,2.0,0.014705882352941176,0.23529411764705882,csm,4096,4096,1.0,1024,nan,1.2231815940593704e-06,2.1504732927163892e-06,0.25906294630831,nan,nan,nan
linear_functional,same_dimension,16,16,16,1,correlated,positive_sum_two,2.0,0.014705882352941176,0.23529411764705882,hebbian,2048,4096,0.5,512,nan,6.790647325385018,11.938624472784262,0.25906294630831,nan,nan,nan
linear_functional,same_dimension,16,16,16,1,correlated,positive_sum_two,2.0,0.014705882352941176,0.23529411764705882,softmax,4096,4096,1.0,1104,1.0,0.3699591802802949,0.6504245489402011,0.25906294630831,0.11089623397198489,0.06061629811818139,0.0
linear_functional,same_dimension,16,16,16,1,correlated,positive_sum_two,2.0,0.014705882352941176,0.23529411764705882,linear_attention,2176,4096,0.53125,576,nan,0.36917961705150515,0.6490540002729892,0.25906294630831,nan,nan,nan
linear_functional,same_dimension,16,16,16,1,correlated,positive_sum_two,2.0,0.014705882352941176,0.23529411764705882,least_squares,4096,4096,1.0,1024,nan,8.912974418679118e-14,1.5669883800674247e-13,0.25906294630831,nan,nan,nan
linear_functional,equal_state_budget,16,16,16,1,correlated,positive_sum_two,2.0,0.014705882352941176,0.23529411764705882,csm,4096,4096,1.0,1024,nan,1.2231815940593704e-06,2.1504732927163892e-06,0.25906294630831,nan,nan,nan
linear_functional,equal_state_budget,16,16,16,1,correlated,positive_sum_two,2.0,0.014705882352941176,0.23529411764705882,hebbian,2048,4096,0.5,512,nan,6.790647325385018,11.938624472784262,0.25906294630831,nan,nan,nan
linear_functional,equal_state_budget,16,16,16,1,correlated,positive_sum_two,2.0,0.014705882352941176,0.23529411764705882,softmax,4096,4096,1.0,1104,1.0,0.3699591802802949,0.6504245489402011,0.25906294630831,0.11089623397198489,0.06061629811818139,0.0
linear_functional,equal_state_budget,16,16,16,1,correlated,positive_sum_two,2.0,0.014705882352941176,0.23529411764705882,linear_attention,2176,4096,0.53125,576,nan,0.36917961705150515,0.6490540002729892,0.25906294630831,nan,nan,nan
linear_functional,equal_state_budget,16,16,16,1,correlated,positive_sum_two,2.0,0.014705882352941176,0.23529411764705882,least_squares,4096,4096,1.0,1024,nan,8.912974418679118e-14,1.5669883800674247e-13,0.25906294630831,nan,nan,nan
linear_functional,same_dimension,16,16,16,1,correlated,mixed_nonunit,1.5,-1.5,2.0,csm,4096,4096,1.0,1024,nan,4.235921579802936e-06,1.615517102928075e-06,1.9685019685029528,nan,nan,nan
linear_functional,same_dimension,16,16,16,1,correlated,mixed_nonunit,1.5,-1.5,2.0,hebbian,2048,4096,0.5,512,nan,5.6269479745191395,2.146033754134104,1.9685019685029528,nan,nan,nan
linear_functional,same_dimension,16,16,16,1,correlated,mixed_nonunit,1.5,-1.5,2.0,softmax,4096,4096,1.0,1104,1e-08,1.9685019685029528,0.7507571935295483,1.9685019685029528,0.0,0.0,0.0
linear_functional,same_dimension,16,16,16,1,correlated,mixed_nonunit,1.5,-1.5,2.0,linear_attention,2176,4096,0.53125,576,nan,2.5992226987892417,0.9913046417654027,1.9685019685029528,nan,nan,nan
linear_functional,same_dimension,16,16,16,1,correlated,mixed_nonunit,1.5,-1.5,2.0,least_squares,4096,4096,1.0,1024,nan,4.3391855901135225e-13,1.6549004511867212e-13,1.9685019685029528,nan,nan,nan
linear_functional,equal_state_budget,16,16,16,1,correlated,mixed_nonunit,1.5,-1.5,2.0,csm,4096,4096,1.0,1024,nan,4.235921579802936e-06,1.615517102928075e-06,1.9685019685029528,nan,nan,nan
linear_functional,equal_state_budget,16,16,16,1,correlated,mixed_nonunit,1.5,-1.5,2.0,hebbian,2048,4096,0.5,512,nan,5.6269479745191395,2.146033754134104,1.9685019685029528,nan,nan,nan
linear_functional,equal_state_budget,16,16,16,1,correlated,mixed_nonunit,1.5,-1.5,2.0,softmax,4096,4096,1.0,1104,1e-08,1.9685019685029528,0.7507571935295483,1.9685019685029528,0.0,0.0,0.0
linear_functional,equal_state_budget,16,16,16,1,correlated,mixed_nonunit,1.5,-1.5,2.0,linear_attention,2176,4096,0.53125,576,nan,2.5992226987892417,0.9913046417654027,1.9685019685029528,nan,nan,nan
linear_functional,equal_state_budget,16,16,16,1,correlated,mixed_nonunit,1.5,-1.5,2.0,least_squares,4096,4096,1.0,1024,nan,4.3391855901135225e-13,1.6549004511867212e-13,1.9685019685029528,nan,nan,nan
linear_functional,same_dimension,16,16,16,2,random_gaussian,positive_simplex,1.0,0.007352941176470588,0.11764705882352941,csm,4096,4096,1.0,1024,nan,1.5712489441714455e-09,5.524819711251334e-09,3.3993498887762956e-17,nan,nan,nan
linear_functional,same_dimension,16,16,16,2,random_gaussian,positive_simplex,1.0,0.007352941176470588,0.11764705882352941,hebbian,2048,4096,0.5,512,nan,0.19260048663992826,0.677221116954188,3.3993498887762956e-17,nan,nan,nan
linear_functional,same_dimension,16,16,16,2,random_gaussian,positive_simplex,1.0,0.007352941176470588,0.11764705882352941,softmax,4096,4096,1.0,1104,0.1,0.11316583473999108,0.3979132884900085,3.3993498887762956e-17,0.11316583473999105,0.016566523420556666,2.220446049250313e-16
linear_functional,same_dimension,16,16,16,2,random_gaussian,positive_simplex,1.0,0.007352941176470588,0.11764705882352941,linear_attention,2176,4096,0.53125,576,nan,0.13788859015253668,0.484843349398787,3.3993498887762956e-17,nan,nan,nan
linear_functional,same_dimension,16,16,16,2,random_gaussian,positive_simplex,1.0,0.007352941176470588,0.11764705882352941,least_squares,4096,4096,1.0,1024,nan,7.917525758119241e-16,2.78395747122452e-15,3.3993498887762956e-17,nan,nan,nan
linear_functional,equal_state_budget,16,16,16,2,random_gaussian,positive_simplex,1.0,0.007352941176470588,0.11764705882352941,csm,4096,4096,1.0,1024,nan,1.5712489441714455e-09,5.524819711251334e-09,3.3993498887762956e-17,nan,nan,nan
linear_functional,equal_state_budget,16,16,16,2,random_gaussian,positive_simplex,1.0,0.007352941176470588,0.11764705882352941,hebbian,2048,4096,0.5,512,nan,0.19260048663992826,0.677221116954188,3.3993498887762956e-17,nan,nan,nan
linear_functional,equal_state_budget,16,16,16,2,random_gaussian,positive_simplex,1.0,0.007352941176470588,0.11764705882352941,softmax,4096,4096,1.0,1104,0.1,0.11316583473999108,0.3979132884900085,3.3993498887762956e-17,0.11316583473999105,0.016566523420556666,2.220446049250313e-16
linear_functional,equal_state_budget,16,16,16,2,random_gaussian,positive_simplex,1.0,0.007352941176470588,0.11764705882352941,linear_attention,2176,4096,0.53125,576,nan,0.13788859015253668,0.484843349398787,3.3993498887762956e-17,nan,nan,nan
linear_functional,equal_state_budget,16,16,16,2,random_gaussian,positive_simplex,1.0,0.007352941176470588,0.11764705882352941,least_squares,4096,4096,1.0,1024,nan,7.917525758119241e-16,2.78395747122452e-15,3.3993498887762956e-17,nan,nan,nan
linear_functional,same_dimension,16,16,16,2,random_gaussian,negative_coefficients,0.3999999910593033,-0.6000000238418579,0.800000011920929,csm,4096,4096,1.0,1024,nan,1.9319247395623037e-09,1.76359789268146e-09,0.6480740955929359,nan,nan,nan
linear_functional,same_dimension,16,16,16,2,random_gaussian,negative_coefficients,0.3999999910593033,-0.6000000238418579,0.800000011920929,hebbian,2048,4096,0.5,512,nan,0.9901310364578696,0.9038618190536892,0.6480740955929359,nan,nan,nan
linear_functional,same_dimension,16,16,16,2,random_gaussian,negative_coefficients,0.3999999910593033,-0.6000000238418579,0.800000011920929,softmax,4096,4096,1.0,1104,0.1,0.6612713485969235,0.6036553769379127,0.6480740955929359,0.013197253003987552,1.6447363873515153e-08,0.0
linear_functional,same_dimension,16,16,16,2,random_gaussian,negative_coefficients,0.3999999910593033,-0.6000000238418579,0.800000011920929,linear_attention,2176,4096,0.53125,576,nan,1.092352865473695,0.9971771530036017,0.6480740955929359,nan,nan,nan
linear_functional,same_dimension,16,16,16,2,random_gaussian,negative_coefficients,0.3999999910593033,-0.6000000238418579,0.800000011920929,least_squares,4096,4096,1.0,1024,nan,4.1302648897973315e-15,3.7703986634143345e-15,0.6480740955929359,nan,nan,nan
linear_functional,equal_state_budget,16,16,16,2,random_gaussian,negative_coefficients,0.3999999910593033,-0.6000000238418579,0.800000011920929,csm,4096,4096,1.0,1024,nan,1.9319247395623037e-09,1.76359789268146e-09,0.6480740955929359,nan,nan,nan
linear_functional,equal_state_budget,16,16,16,2,random_gaussian,negative_coefficients,0.3999999910593033,-0.6000000238418579,0.800000011920929,hebbian,2048,4096,0.5,512,nan,0.9901310364578696,0.9038618190536892,0.6480740955929359,nan,nan,nan
linear_functional,equal_state_budget,16,16,16,2,random_gaussian,negative_coefficients,0.3999999910593033,-0.6000000238418579,0.800000011920929,softmax,4096,4096,1.0,1104,0.1,0.6612713485969235,0.6036553769379127,0.6480740955929359,0.013197253003987552,1.6447363873515153e-08,0.0
linear_functional,equal_state_budget,16,16,16,2,random_gaussian,negative_coefficients,0.3999999910593033,-0.6000000238418579,0.800000011920929,linear_attention,2176,4096,0.53125,576,nan,1.092352865473695,0.9971771530036017,0.6480740955929359,nan,nan,nan
linear_functional,equal_state_budget,16,16,16,2,random_gaussian,negative_coefficients,0.3999999910593033,-0.6000000238418579,0.800000011920929,least_squares,4096,4096,1.0,1024,nan,4.1302648897973315e-15,3.7703986634143345e-15,0.6480740955929359,nan,nan,nan
linear_functional,same_dimension,16,16,16,2,random_gaussian,coefficient_gt_one,1.75,0.0,1.5,csm,4096,4096,1.0,1024,nan,9.371042964414477e-09,6.1623598933789335e-09,0.5590169943749475,nan,nan,nan
linear_functional,same_dimension,16,16,16,2,random_gaussian,coefficient_gt_one,1.75,0.0,1.5,hebbian,2048,4096,0.5,512,nan,0.9130356352506397,0.600408535235635,0.5590169943749475,nan,nan,nan
linear_functional,same_dimension,16,16,16,2,random_gaussian,coefficient_gt_one,1.75,0.0,1.5,softmax,4096,4096,1.0,1104,1e-08,0.5590169943749475,0.3676073110469039,0.5590169943749475,0.0,0.0,0.0
linear_functional,same_dimension,16,16,16,2,random_gaussian,coefficient_gt_one,1.75,0.0,1.5,linear_attention,2176,4096,0.53125,576,nan,1.459387842808189,0.959687533773665,0.5590169943749475,nan,nan,nan
linear_functional,same_dimension,16,16,16,2,random_gaussian,coefficient_gt_one,1.75,0.0,1.5,least_squares,4096,4096,1.0,1024,nan,2.06995582245203e-15,1.3611945639117669e-15,0.5590169943749475,nan,nan,nan
linear_functional,equal_state_budget,16,16,16,2,random_gaussian,coefficient_gt_one,1.75,0.0,1.5,csm,4096,4096,1.0,1024,nan,9.371042964414477e-09,6.1623598933789335e-09,0.5590169943749475,nan,nan,nan
linear_functional,equal_state_budget,16,16,16,2,random_gaussian,coefficient_gt_one,1.75,0.0,1.5,hebbian,2048,4096,0.5,512,nan,0.9130356352506397,0.600408535235635,0.5590169943749475,nan,nan,nan
linear_functional,equal_state_budget,16,16,16,2,random_gaussian,coefficient_gt_one,1.75,0.0,1.5,softmax,4096,4096,1.0,1104,1e-08,0.5590169943749475,0.3676073110469039,0.5590169943749475,0.0,0.0,0.0
linear_functional,equal_state_budget,16,16,16,2,random_gaussian,coefficient_gt_one,1.75,0.0,1.5,linear_attention,2176,4096,0.53125,576,nan,1.459387842808189,0.959687533773665,0.5590169943749475,nan,nan,nan
linear_functional,equal_state_budget,16,16,16,2,random_gaussian,coefficient_gt_one,1.75,0.0,1.5,least_squares,4096,4096,1.0,1024,nan,2.06995582245203e-15,1.3611945639117669e-15,0.5590169943749475,nan,nan,nan
linear_functional,same_dimension,16,16,16,2,random_gaussian,positive_sum_two,2.0,0.014705882352941176,0.23529411764705882,csm,4096,4096,1.0,1024,nan,3.142497888342891e-09,5.524819711251334e-09,0.25906294630831,nan,nan,nan
linear_functional,same_dimension,16,16,16,2,random_gaussian,positive_sum_two,2.0,0.014705882352941176,0.23529411764705882,hebbian,2048,4096,0.5,512,nan,0.38520097327985653,0.677221116954188,0.25906294630831,nan,nan,nan
linear_functional,same_dimension,16,16,16,2,random_gaussian,positive_sum_two,2.0,0.014705882352941176,0.23529411764705882,softmax,4096,4096,1.0,1104,0.1,0.3530873026801749,0.6207621322121769,0.25906294630831,0.0940243563718649,0.003146469347625511,1.1102230246251565e-16
linear_functional,same_dimension,16,16,16,2,random_gaussian,positive_sum_two,2.0,0.014705882352941176,0.23529411764705882,linear_attention,2176,4096,0.53125,576,nan,0.36986300357973817,0.6502554608612655,0.25906294630831,nan,nan,nan
linear_functional,same_dimension,16,16,16,2,random_gaussian,positive_sum_two,2.0,0.014705882352941176,0.23529411764705882,least_squares,4096,4096,1.0,1024,nan,1.5835051516238481e-15,2.78395747122452e-15,0.25906294630831,nan,nan,nan
linear_functional,equal_state_budget,16,16,16,2,random_gaussian,positive_sum_two,2.0,0.014705882352941176,0.23529411764705882,csm,4096,4096,1.0,1024,nan,3.142497888342891e-09,5.524819711251334e-09,0.25906294630831,nan,nan,nan
linear_functional,equal_state_budget,16,16,16,2,random_gaussian,positive_sum_two,2.0,0.014705882352941176,0.23529411764705882,hebbian,2048,4096,0.5,512,nan,0.38520097327985653,0.677221116954188,0.25906294630831,nan,nan,nan
linear_functional,equal_state_budget,16,16,16,2,random_gaussian,positive_sum_two,2.0,0.014705882352941176,0.23529411764705882,softmax,4096,4096,1.0,1104,0.1,0.3530873026801749,0.6207621322121769,0.25906294630831,0.0940243563718649,0.003146469347625511,1.1102230246251565e-16
linear_functional,equal_state_budget,16,16,16,2,random_gaussian,positive_sum_two,2.0,0.014705882352941176,0.23529411764705882,linear_attention,2176,4096,0.53125,576,nan,0.36986300357973817,0.6502554608612655,0.25906294630831,nan,nan,nan
linear_functional,equal_state_budget,16,16,16,2,random_gaussian,positive_sum_two,2.0,0.014705882352941176,0.23529411764705882,least_squares,4096,4096,1.0,1024,nan,1.5835051516238481e-15,2.78395747122452e-15,0.25906294630831,nan,nan,nan
linear_functional,same_dimension,16,16,16,2,random_gaussian,mixed_nonunit,1.5,-1.5,2.0,csm,4096,4096,1.0,1024,nan,1.4047848813920095e-09,5.357639321380351e-10,1.9685019685029528,nan,nan,nan
linear_functional,same_dimension,16,16,16,2,random_gaussian,mixed_nonunit,1.5,-1.5,2.0,hebbian,2048,4096,0.5,512,nan,1.9895548620392431,0.7587864520824376,1.9685019685029528,nan,nan,nan
linear_functional,same_dimension,16,16,16,2,random_gaussian,mixed_nonunit,1.5,-1.5,2.0,softmax,4096,4096,1.0,1104,1e-08,1.9685019685029528,0.7507571935295483,1.9685019685029528,0.0,0.0,0.0
linear_functional,same_dimension,16,16,16,2,random_gaussian,mixed_nonunit,1.5,-1.5,2.0,linear_attention,2176,4096,0.53125,576,nan,2.5862149815783937,0.9863436930725908,1.9685019685029528,nan,nan,nan
linear_functional,same_dimension,16,16,16,2,random_gaussian,mixed_nonunit,1.5,-1.5,2.0,least_squares,4096,4096,1.0,1024,nan,8.692984388671376e-15,3.315374161397649e-15,1.9685019685029528,nan,nan,nan
linear_functional,equal_state_budget,16,16,16,2,random_gaussian,mixed_nonunit,1.5,-1.5,2.0,csm,4096,4096,1.0,1024,nan,1.4047848813920095e-09,5.357639321380351e-10,1.9685019685029528,nan,nan,nan
linear_functional,equal_state_budget,16,16,16,2,random_gaussian,mixed_nonunit,1.5,-1.5,2.0,hebbian,2048,4096,0.5,512,nan,1.9895548620392431,0.7587864520824376,1.9685019685029528,nan,nan,nan
linear_functional,equal_state_budget,16,16,16,2,random_gaussian,mixed_nonunit,1.5,-1.5,2.0,softmax,4096,4096,1.0,1104,1e-08,1.9685019685029528,0.7507571935295483,1.9685019685029528,0.0,0.0,0.0
linear_functional,equal_state_budget,16,16,16,2,random_gaussian,mixed_nonunit,1.5,-1.5,2.0,linear_attention,2176,4096,0.53125,576,nan,2.5862149815783937,0.9863436930725908,1.9685019685029528,nan,nan,nan
linear_functional,equal_state_budget,16,16,16,2,random_gaussian,mixed_nonunit,1.5,-1.5,2.0,least_squares,4096,4096,1.0,1024,nan,8.692984388671376e-15,3.315374161397649e-15,1.9685019685029528,nan,nan,nan
linear_functional,same_dimension,16,16,16,2,correlated,positive_simplex,1.0,0.007352941176470588,0.11764705882352941,csm,4096,4096,1.0,1024,nan,6.87470721139688e-08,2.4172820005066524e-07,3.3993498887762956e-17,nan,nan,nan
linear_functional,same_dimension,16,16,16,2,correlated,positive_simplex,1.0,0.007352941176470588,0.11764705882352941,hebbian,2048,4096,0.5,512,nan,3.3794691091953997,11.882876750566947,3.3993498887762956e-17,nan,nan,nan
linear_functional,same_dimension,16,16,16,2,correlated,positive_simplex,1.0,0.007352941176470588,0.11764705882352941,softmax,4096,4096,1.0,1104,1.0,0.13574909307877236,0.4773204577213445,3.3993498887762956e-17,0.13574909307877234,0.05973295585745145,1.1102230246251565e-16
linear_functional,same_dimension,16,16,16,2,correlated,positive_simplex,1.0,0.007352941176470588,0.11764705882352941,linear_attention,2176,4096,0.53125,576,nan,0.13530151091629963,0.4757466709813077,3.3993498887762956e-17,nan,nan,nan
linear_functional,same_dimension,16,16,16,2,correlated,positive_simplex,1.0,0.007352941176470588,0.11764705882352941,least_squares,4096,4096,1.0,1024,nan,3.277328553641558e-14,1.1523730507869169e-13,3.3993498887762956e-17,nan,nan,nan
linear_functional,equal_state_budget,16,16,16,2,correlated,positive_simplex,1.0,0.007352941176470588,0.11764705882352941,csm,4096,4096,1.0,1024,nan,6.87470721139688e-08,2.4172820005066524e-07,3.3993498887762956e-17,nan,nan,nan
linear_functional,equal_state_budget,16,16,16,2,correlated,positive_simplex,1.0,0.007352941176470588,0.11764705882352941,hebbian,2048,4096,0.5,512,nan,3.3794691091953997,11.882876750566947,3.3993498887762956e-17,nan,nan,nan
linear_functional,equal_state_budget,16,16,16,2,correlated,positive_simplex,1.0,0.007352941176470588,0.11764705882352941,softmax,4096,4096,1.0,1104,1.0,0.13574909307877236,0.4773204577213445,3.3993498887762956e-17,0.13574909307877234,0.05973295585745145,1.1102230246251565e-16
linear_functional,equal_state_budget,16,16,16,2,correlated,positive_simplex,1.0,0.007352941176470588,0.11764705882352941,linear_attention,2176,4096,0.53125,576,nan,0.13530151091629963,0.4757466709813077,3.3993498887762956e-17,nan,nan,nan
linear_functional,equal_state_budget,16,16,16,2,correlated,positive_simplex,1.0,0.007352941176470588,0.11764705882352941,least_squares,4096,4096,1.0,1024,nan,3.277328553641558e-14,1.1523730507869169e-13,3.3993498887762956e-17,nan,nan,nan
linear_functional,same_dimension,16,16,16,2,correlated,negative_coefficients,0.3999999910593033,-0.6000000238418579,0.800000011920929,csm,4096,4096,1.0,1024,nan,8.378452064485077e-07,7.648445150200936e-07,0.6480740955929359,nan,nan,nan
linear_functional,same_dimension,16,16,16,2,correlated,negative_coefficients,0.3999999910593033,-0.6000000238418579,0.800000011920929,hebbian,2048,4096,0.5,512,nan,1.6794140427598958,1.5330882234170418,0.6480740955929359,nan,nan,nan
linear_functional,same_dimension,16,16,16,2,correlated,negative_coefficients,0.3999999910593033,-0.6000000238418579,0.800000011920929,softmax,4096,4096,1.0,1104,0.01,0.76367020089821,0.6971323102952979,0.6480740955929359,0.11559610530527409,4.9316244757468104e-05,0.0
linear_functional,same_dimension,16,16,16,2,correlated,negative_coefficients,0.3999999910593033,-0.6000000238418579,0.800000011920929,linear_attention,2176,4096,0.53125,576,nan,1.1022882490603716,1.00624687564736,0.6480740955929359,nan,nan,nan
linear_functional,same_dimension,16,16,16,2,correlated,negative_coefficients,0.3999999910593033,-0.6000000238418579,0.800000011920929,least_squares,4096,4096,1.0,1024,nan,1.9002552118204597e-13,1.7346877021114136e-13,0.6480740955929359,nan,nan,nan
linear_functional,equal_state_budget,16,16,16,2,correlated,negative_coefficients,0.3999999910593033,-0.6000000238418579,0.800000011920929,csm,4096,4096,1.0,1024,nan,8.378452064485077e-07,7.648445150200936e-07,0.6480740955929359,nan,nan,nan
linear_functional,equal_state_budget,16,16,16,2,correlated,negative_coefficients,0.3999999910593033,-0.6000000238418579,0.800000011920929,hebbian,2048,4096,0.5,512,nan,1.6794140427598958,1.5330882234170418,0.6480740955929359,nan,nan,nan
linear_functional,equal_state_budget,16,16,16,2,correlated,negative_coefficients,0.3999999910593033,-0.6000000238418579,0.800000011920929,softmax,4096,4096,1.0,1104,0.01,0.76367020089821,0.6971323102952979,0.6480740955929359,0.11559610530527409,4.9316244757468104e-05,0.0
linear_functional,equal_state_budget,16,16,16,2,correlated,negative_coefficients,0.3999999910593033,-0.6000000238418579,0.800000011920929,linear_attention,2176,4096,0.53125,576,nan,1.1022882490603716,1.00624687564736,0.6480740955929359,nan,nan,nan
linear_functional,equal_state_budget,16,16,16,2,correlated,negative_coefficients,0.3999999910593033,-0.6000000238418579,0.800000011920929,least_squares,4096,4096,1.0,1024,nan,1.9002552118204597e-13,1.7346877021114136e-13,0.6480740955929359,nan,nan,nan
linear_functional,same_dimension,16,16,16,2,correlated,coefficient_gt_one,1.75,0.0,1.5,csm,4096,4096,1.0,1024,nan,3.8216994425816104e-08,2.513134072583461e-08,0.5590169943749475,nan,nan,nan
linear_functional,same_dimension,16,16,16,2,correlated,coefficient_gt_one,1.75,0.0,1.5,hebbian,2048,4096,0.5,512,nan,6.1629931307610475,4.052759317867959,0.5590169943749475,nan,nan,nan
linear_functional,same_dimension,16,16,16,2,correlated,coefficient_gt_one,1.75,0.0,1.5,softmax,4096,4096,1.0,1104,1e-08,0.5590169943749475,0.3676073110469039,0.5590169943749475,0.0,0.0,0.0
linear_functional,same_dimension,16,16,16,2,correlated,coefficient_gt_one,1.75,0.0,1.5,linear_attention,2176,4096,0.53125,576,nan,1.4689189900558932,0.9659551775951882,0.5590169943749475,nan,nan,nan
linear_functional,same_dimension,16,16,16,2,correlated,coefficient_gt_one,1.75,0.0,1.5,least_squares,4096,4096,1.0,1024,nan,4.2400352646344646e-13,2.7882300145796347e-13,0.5590169943749475,nan,nan,nan
linear_functional,equal_state_budget,16,16,16,2,correlated,coefficient_gt_one,1.75,0.0,1.5,csm,4096,4096,1.0,1024,nan,3.8216994425816104e-08,2.513134072583461e-08,0.5590169943749475,nan,nan,nan
linear_functional,equal_state_budget,16,16,16,2,correlated,coefficient_gt_one,1.75,0.0,1.5,hebbian,2048,4096,0.5,512,nan,6.1629931307610475,4.052759317867959,0.5590169943749475,nan,nan,nan
linear_functional,equal_state_budget,16,16,16,2,correlated,coefficient_gt_one,1.75,0.0,1.5,softmax,4096,4096,1.0,1104,1e-08,0.5590169943749475,0.3676073110469039,0.5590169943749475,0.0,0.0,0.0
linear_functional,equal_state_budget,16,16,16,2,correlated,coefficient_gt_one,1.75,0.0,1.5,linear_attention,2176,4096,0.53125,576,nan,1.4689189900558932,0.9659551775951882,0.5590169943749475,nan,nan,nan
linear_functional,equal_state_budget,16,16,16,2,correlated,coefficient_gt_one,1.75,0.0,1.5,least_squares,4096,4096,1.0,1024,nan,4.2400352646344646e-13,2.7882300145796347e-13,0.5590169943749475,nan,nan,nan
linear_functional,same_dimension,16,16,16,2,correlated,positive_sum_two,2.0,0.014705882352941176,0.23529411764705882,csm,4096,4096,1.0,1024,nan,1.374941442279376e-07,2.4172820005066524e-07,0.25906294630831,nan,nan,nan
linear_functional,same_dimension,16,16,16,2,correlated,positive_sum_two,2.0,0.014705882352941176,0.23529411764705882,hebbian,2048,4096,0.5,512,nan,6.758938218390799,11.882876750566947,0.25906294630831,nan,nan,nan
linear_functional,same_dimension,16,16,16,2,correlated,positive_sum_two,2.0,0.014705882352941176,0.23529411764705882,softmax,4096,4096,1.0,1104,1.0,0.3690570505786749,0.6488385163843466,0.25906294630831,0.10999410427036488,0.0570673754625511,0.0
linear_functional,same_dimension,16,16,16,2,correlated,positive_sum_two,2.0,0.014705882352941176,0.23529411764705882,linear_attention,2176,4096,0.53125,576,nan,0.3685581506560412,0.6479614013553333,0.25906294630831,nan,nan,nan
linear_functional,same_dimension,16,16,16,2,correlated,positive_sum_two,2.0,0.014705882352941176,0.23529411764705882,least_squares,4096,4096,1.0,1024,nan,6.554657107283116e-14,1.1523730507869169e-13,0.25906294630831,nan,nan,nan
linear_functional,equal_state_budget,16,16,16,2,correlated,positive_sum_two,2.0,0.014705882352941176,0.23529411764705882,csm,4096,4096,1.0,1024,nan,1.374941442279376e-07,2.4172820005066524e-07,0.25906294630831,nan,nan,nan
linear_functional,equal_state_budget,16,16,16,2,correlated,positive_sum_two,2.0,0.014705882352941176,0.23529411764705882,hebbian,2048,4096,0.5,512,nan,6.758938218390799,11.882876750566947,0.25906294630831,nan,nan,nan
linear_functional,equal_state_budget,16,16,16,2,correlated,positive_sum_two,2.0,0.014705882352941176,0.23529411764705882,softmax,4096,4096,1.0,1104,1.0,0.3690570505786749,0.6488385163843466,0.25906294630831,0.10999410427036488,0.0570673754625511,0.0
linear_functional,equal_state_budget,16,16,16,2,correlated,positive_sum_two,2.0,0.014705882352941176,0.23529411764705882,linear_attention,2176,4096,0.53125,576,nan,0.3685581506560412,0.6479614013553333,0.25906294630831,nan,nan,nan
linear_functional,equal_state_budget,16,16,16,2,correlated,positive_sum_two,2.0,0.014705882352941176,0.23529411764705882,least_squares,4096,4096,1.0,1024,nan,6.554657107283116e-14,1.1523730507869169e-13,0.25906294630831,nan,nan,nan
linear_functional,same_dimension,16,16,16,2,correlated,mixed_nonunit,1.5,-1.5,2.0,csm,4096,4096,1.0,1024,nan,2.3466357547230036e-06,8.949717610857919e-07,1.9685019685029528,nan,nan,nan
linear_functional,same_dimension,16,16,16,2,correlated,mixed_nonunit,1.5,-1.5,2.0,hebbian,2048,4096,0.5,512,nan,5.611217212556268,2.1400342769213334,1.9685019685029528,nan,nan,nan
linear_functional,same_dimension,16,16,16,2,correlated,mixed_nonunit,1.5,-1.5,2.0,softmax,4096,4096,1.0,1104,1e-08,1.9685019685029528,0.7507571935295483,1.9685019685029528,0.0,0.0,0.0
linear_functional,same_dimension,16,16,16,2,correlated,mixed_nonunit,1.5,-1.5,2.0,linear_attention,2176,4096,0.53125,576,nan,2.599439173821251,0.9913872021032133,1.9685019685029528,nan,nan,nan
linear_functional,same_dimension,16,16,16,2,correlated,mixed_nonunit,1.5,-1.5,2.0,least_squares,4096,4096,1.0,1024,nan,4.190033709401781e-13,1.5980161558370144e-13,1.9685019685029528,nan,nan,nan
linear_functional,equal_state_budget,16,16,16,2,correlated,mixed_nonunit,1.5,-1.5,2.0,csm,4096,4096,1.0,1024,nan,2.3466357547230036e-06,8.949717610857919e-07,1.9685019685029528,nan,nan,nan
linear_functional,equal_state_budget,16,16,16,2,correlated,mixed_nonunit,1.5,-1.5,2.0,hebbian,2048,4096,0.5,512,nan,5.611217212556268,2.1400342769213334,1.9685019685029528,nan,nan,nan
linear_functional,equal_state_budget,16,16,16,2,correlated,mixed_nonunit,1.5,-1.5,2.0,softmax,4096,4096,1.0,1104,1e-08,1.9685019685029528,0.7507571935295483,1.9685019685029528,0.0,0.0,0.0
linear_functional,equal_state_budget,16,16,16,2,correlated,mixed_nonunit,1.5,-1.5,2.0,linear_attention,2176,4096,0.53125,576,nan,2.599439173821251,0.9913872021032133,1.9685019685029528,nan,nan,nan
linear_functional,equal_state_budget,16,16,16,2,correlated,mixed_nonunit,1.5,-1.5,2.0,least_squares,4096,4096,1.0,1024,nan,4.190033709401781e-13,1.5980161558370144e-13,1.9685019685029528,nan,nan,nan
linear_functional,same_dimension,32,32,32,0,random_gaussian,positive_simplex,1.0,0.001893939393939394,0.06060606060606061,csm,16384,16384,1.0,4096,nan,1.6723119038559744e-08,8.255401338969607e-08,0.0,nan,nan,nan
linear_functional,same_dimension,32,32,32,0,random_gaussian,positive_simplex,1.0,0.001893939393939394,0.06060606060606061,hebbian,8192,16384,0.5,2048,nan,0.22720990889129905,1.1216262838071236,0.0,nan,nan,nan
linear_functional,same_dimension,32,32,32,0,random_gaussian,positive_simplex,1.0,0.001893939393939394,0.06060606060606061,softmax,16384,16384,1.0,4256,0.1,0.09509393147079616,0.4694331047825304,0.0,0.09509393147079616,0.011525493304361865,0.0
linear_functional,same_dimension,32,32,32,0,random_gaussian,positive_simplex,1.0,0.001893939393939394,0.06060606060606061,linear_attention,8448,16384,0.515625,2176,nan,0.09900185748022781,0.4887246601057142,0.0,nan,nan,nan
linear_functional,same_dimension,32,32,32,0,random_gaussian,positive_simplex,1.0,0.001893939393939394,0.06060606060606061,least_squares,16384,16384,1.0,4096,nan,7.785042568870826e-15,3.843101917698641e-14,0.0,nan,nan,nan
linear_functional,equal_state_budget,32,32,32,0,random_gaussian,positive_simplex,1.0,0.001893939393939394,0.06060606060606061,csm,16384,16384,1.0,4096,nan,1.6723119038559744e-08,8.255401338969607e-08,0.0,nan,nan,nan
linear_functional,equal_state_budget,32,32,32,0,random_gaussian,positive_simplex,1.0,0.001893939393939394,0.06060606060606061,hebbian,8192,16384,0.5,2048,nan,0.22720990889129905,1.1216262838071236,0.0,nan,nan,nan
linear_functional,equal_state_budget,32,32,32,0,random_gaussian,positive_simplex,1.0,0.001893939393939394,0.06060606060606061,softmax,16384,16384,1.0,4256,0.1,0.09509393147079616,0.4694331047825304,0.0,0.09509393147079616,0.011525493304361865,0.0
linear_functional,equal_state_budget,32,32,32,0,random_gaussian,positive_simplex,1.0,0.001893939393939394,0.06060606060606061,linear_attention,8448,16384,0.515625,2176,nan,0.09900185748022781,0.4887246601057142,0.0,nan,nan,nan
linear_functional,equal_state_budget,32,32,32,0,random_gaussian,positive_simplex,1.0,0.001893939393939394,0.06060606060606061,least_squares,16384,16384,1.0,4096,nan,7.785042568870826e-15,3.843101917698641e-14,0.0,nan,nan,nan
linear_functional,same_dimension,32,32,32,0,random_gaussian,negative_coefficients,0.3999999910593033,-0.6000000238418579,0.800000011920929,csm,16384,16384,1.0,4096,nan,2.0387409928157911e-07,1.8611073428604867e-07,0.6480740955929359,nan,nan,nan
linear_functional,same_dimension,32,32,32,0,random_gaussian,negative_coefficients,0.3999999910593033,-0.6000000238418579,0.800000011920929,hebbian,8192,16384,0.5,2048,nan,0.8488903627353734,0.7749273168772027,0.6480740955929359,nan,nan,nan
linear_functional,same_dimension,32,32,32,0,random_gaussian,negative_coefficients,0.3999999910593033,-0.6000000238418579,0.800000011920929,softmax,16384,16384,1.0,4256,0.1,0.7708008723138154,0.7036416927906091,0.6480740955929359,0.1227267767208795,8.626487383482446e-07,0.0
linear_functional,same_dimension,32,32,32,0,random_gaussian,negative_coefficients,0.3999999910593033,-0.6000000238418579,0.800000011920929,linear_attention,8448,16384,0.515625,2176,nan,1.0975285814452098,1.0019019135460592,0.6480740955929359,nan,nan,nan
linear_functional,same_dimension,32,32,32,0,random_gaussian,negative_coefficients,0.3999999910593033,-0.6000000238418579,0.800000011920929,least_squares,16384,16384,1.0,4096,nan,3.840104874241674e-14,3.505520026325027e-14,0.6480740955929359,nan,nan,nan
linear_functional,equal_state_budget,32,32,32,0,random_gaussian,negative_coefficients,0.3999999910593033,-0.6000000238418579,0.800000011920929,csm,16384,16384,1.0,4096,nan,2.0387409928157911e-07,1.8611073428604867e-07,0.6480740955929359,nan,nan,nan
linear_functional,equal_state_budget,32,32,32,0,random_gaussian,negative_coefficients,0.3999999910593033,-0.6000000238418579,0.800000011920929,hebbian,8192,16384,0.5,2048,nan,0.8488903627353734,0.7749273168772027,0.6480740955929359,nan,nan,nan
linear_functional,equal_state_budget,32,32,32,0,random_gaussian,negative_coefficients,0.3999999910593033,-0.6000000238418579,0.800000011920929,softmax,16384,16384,1.0,4256,0.1,0.7708008723138154,0.7036416927906091,0.6480740955929359,0.1227267767208795,8.626487383482446e-07,0.0
linear_functional,equal_state_budget,32,32,32,0,random_gaussian,negative_coefficients,0.3999999910593033,-0.6000000238418579,0.800000011920929,linear_attention,8448,16384,0.515625,2176,nan,1.0975285814452098,1.0019019135460592,0.6480740955929359,nan,nan,nan
linear_functional,equal_state_budget,32,32,32,0,random_gaussian,negative_coefficients,0.3999999910593033,-0.6000000238418579,0.800000011920929,least_squares,16384,16384,1.0,4096,nan,3.840104874241674e-14,3.505520026325027e-14,0.6480740955929359,nan,nan,nan
linear_functional,same_dimension,32,32,32,0,random_gaussian,coefficient_gt_one,1.75,0.0,1.5,csm,16384,16384,1.0,4096,nan,4.4797609076084086e-07,2.9458726263238025e-07,0.5590169943749475,nan,nan,nan
linear_functional,same_dimension,32,32,32,0,random_gaussian,coefficient_gt_one,1.75,0.0,1.5,hebbian,8192,16384,0.5,2048,nan,1.2560197296755948,0.8259534863768657,0.5590169943749475,nan,nan,nan
linear_functional,same_dimension,32,32,32,0,random_gaussian,coefficient_gt_one,1.75,0.0,1.5,softmax,16384,16384,1.0,4256,1e-08,0.5590169943749475,0.3676073110469039,0.5590169943749475,0.0,0.0,0.0
linear_functional,same_dimension,32,32,32,0,random_gaussian,coefficient_gt_one,1.75,0.0,1.5,linear_attention,8448,16384,0.515625,2176,nan,1.4943349500078018,0.9826686099051374,0.5590169943749475,nan,nan,nan
linear_functional,same_dimension,32,32,32,0,random_gaussian,coefficient_gt_one,1.75,0.0,1.5,least_squares,16384,16384,1.0,4096,nan,5.533025794184746e-14,3.63849534919357e-14,0.5590169943749475,nan,nan,nan
linear_functional,equal_state_budget,32,32,32,0,random_gaussian,coefficient_gt_one,1.75,0.0,1.5,csm,16384,16384,1.0,4096,nan,4.4797609076084086e-07,2.9458726263238025e-07,0.5590169943749475,nan,nan,nan
linear_functional,equal_state_budget,32,32,32,0,random_gaussian,coefficient_gt_one,1.75,0.0,1.5,hebbian,8192,16384,0.5,2048,nan,1.2560197296755948,0.8259534863768657,0.5590169943749475,nan,nan,nan
linear_functional,equal_state_budget,32,32,32,0,random_gaussian,coefficient_gt_one,1.75,0.0,1.5,softmax,16384,16384,1.0,4256,1e-08,0.5590169943749475,0.3676073110469039,0.5590169943749475,0.0,0.0,0.0
linear_functional,equal_state_budget,32,32,32,0,random_gaussian,coefficient_gt_one,1.75,0.0,1.5,linear_attention,8448,16384,0.515625,2176,nan,1.4943349500078018,0.9826686099051374,0.5590169943749475,nan,nan,nan
linear_functional,equal_state_budget,32,32,32,0,random_gaussian,coefficient_gt_one,1.75,0.0,1.5,least_squares,16384,16384,1.0,4096,nan,5.533025794184746e-14,3.63849534919357e-14,0.5590169943749475,nan,nan,nan
linear_functional,same_dimension,32,32,32,0,random_gaussian,positive_sum_two,2.0,0.003787878787878788,0.12121212121212122,csm,16384,16384,1.0,4096,nan,3.344623807711949e-08,8.255401338969607e-08,0.18441410981773668,nan,nan,nan
linear_functional,same_dimension,32,32,32,0,random_gaussian,positive_sum_two,2.0,0.003787878787878788,0.12121212121212122,hebbian,8192,16384,0.5,2048,nan,0.4544198177825981,1.1216262838071236,0.18441410981773668,nan,nan,nan
linear_functional,same_dimension,32,32,32,0,random_gaussian,positive_sum_two,2.0,0.003787878787878788,0.12121212121212122,softmax,16384,16384,1.0,4256,1.0,0.2598635191077883,0.6414107436074762,0.18441410981773668,0.07544940929005164,0.026015735931160477,0.0
linear_functional,same_dimension,32,32,32,0,random_gaussian,positive_sum_two,2.0,0.003787878787878788,0.12121212121212122,linear_attention,8448,16384,0.515625,2176,nan,0.26522331784117636,0.6546401207165534,0.18441410981773668,nan,nan,nan
linear_functional,same_dimension,32,32,32,0,random_gaussian,positive_sum_two,2.0,0.003787878787878788,0.12121212121212122,least_squares,16384,16384,1.0,4096,nan,1.5570085137741653e-14,3.843101917698641e-14,0.18441410981773668,nan,nan,nan
linear_functional,equal_state_budget,32,32,32,0,random_gaussian,positive_sum_two,2.0,0.003787878787878788,0.12121212121212122,csm,16384,16384,1.0,4096,nan,3.344623807711949e-08,8.255401338969607e-08,0.18441410981773668,nan,nan,nan
linear_functional,equal_state_budget,32,32,32,0,random_gaussian,positive_sum_two,2.0,0.003787878787878788,0.12121212121212122,hebbian,8192,16384,0.5,2048,nan,0.4544198177825981,1.1216262838071236,0.18441410981773668,nan,nan,nan
linear_functional,equal_state_budget,32,32,32,0,random_gaussian,positive_sum_two,2.0,0.003787878787878788,0.12121212121212122,softmax,16384,16384,1.0,4256,1.0,0.2598635191077883,0.6414107436074762,0.18441410981773668,0.07544940929005164,0.026015735931160477,0.0
linear_functional,equal_state_budget,32,32,32,0,random_gaussian,positive_sum_two,2.0,0.003787878787878788,0.12121212121212122,linear_attention,8448,16384,0.515625,2176,nan,0.26522331784117636,0.6546401207165534,0.18441410981773668,nan,nan,nan
linear_functional,equal_state_budget,32,32,32,0,random_gaussian,positive_sum_two,2.0,0.003787878787878788,0.12121212121212122,least_squares,16384,16384,1.0,4096,nan,1.5570085137741653e-14,3.843101917698641e-14,0.18441410981773668,nan,nan,nan
linear_functional,same_dimension,32,32,32,0,random_gaussian,mixed_nonunit,1.5,-1.5,2.0,csm,16384,16384,1.0,4096,nan,5.189407993202171e-07,1.979162552740126e-07,1.9685019685029528,nan,nan,nan
linear_functional,same_dimension,32,32,32,0,random_gaussian,mixed_nonunit,1.5,-1.5,2.0,hebbian,8192,16384,0.5,2048,nan,2.027607591361834,0.7732991936135493,1.9685019685029528,nan,nan,nan
linear_functional,same_dimension,32,32,32,0,random_gaussian,mixed_nonunit,1.5,-1.5,2.0,softmax,16384,16384,1.0,4256,1e-08,1.9685019685029528,0.7507571935295483,1.9685019685029528,0.0,0.0,0.0
linear_functional,same_dimension,32,32,32,0,random_gaussian,mixed_nonunit,1.5,-1.5,2.0,linear_attention,8448,16384,0.515625,2176,nan,2.6077532544770663,0.9945580680509295,1.9685019685029528,nan,nan,nan
linear_functional,same_dimension,32,32,32,0,random_gaussian,mixed_nonunit,1.5,-1.5,2.0,least_squares,16384,16384,1.0,4096,nan,9.176592274951414e-14,3.4998149723705104e-14,1.9685019685029528,nan,nan,nan
linear_functional,equal_state_budget,32,32,32,0,random_gaussian,mixed_nonunit,1.5,-1.5,2.0,csm,16384,16384,1.0,4096,nan,5.189407993202171e-07,1.979162552740126e-07,1.9685019685029528,nan,nan,nan
linear_functional,equal_state_budget,32,32,32,0,random_gaussian,mixed_nonunit,1.5,-1.5,2.0,hebbian,8192,16384,0.5,2048,nan,2.027607591361834,0.7732991936135493,1.9685019685029528,nan,nan,nan
linear_functional,equal_state_budget,32,32,32,0,random_gaussian,mixed_nonunit,1.5,-1.5,2.0,softmax,16384,16384,1.0,4256,1e-08,1.9685019685029528,0.7507571935295483,1.9685019685029528,0.0,0.0,0.0
linear_functional,equal_state_budget,32,32,32,0,random_gaussian,mixed_nonunit,1.5,-1.5,2.0,linear_attention,8448,16384,0.515625,2176,nan,2.6077532544770663,0.9945580680509295,1.9685019685029528,nan,nan,nan
linear_functional,equal_state_budget,32,32,32,0,random_gaussian,mixed_nonunit,1.5,-1.5,2.0,least_squares,16384,16384,1.0,4096,nan,9.176592274951414e-14,3.4998149723705104e-14,1.9685019685029528,nan,nan,nan
linear_functional,same_dimension,32,32,32,0,correlated,positive_simplex,1.0,0.001893939393939394,0.06060606060606061,csm,16384,16384,1.0,4096,nan,8.594980253739849e-09,4.242929284395752e-08,0.0,nan,nan,nan
linear_functional,same_dimension,32,32,32,0,correlated,positive_simplex,1.0,0.001893939393939394,0.06060606060606061,hebbian,8192,16384,0.5,2048,nan,4.921508998898239,24.295128131046663,0.0,nan,nan,nan
linear_functional,same_dimension,32,32,32,0,correlated,positive_simplex,1.0,0.001893939393939394,0.06060606060606061,softmax,16384,16384,1.0,4256,0.1,0.09666657868858351,0.47719650939474006,0.0,0.09666657868858351,0.024650577028240507,2.220446049250313e-16
linear_functional,same_dimension,32,32,32,0,correlated,positive_simplex,1.0,0.001893939393939394,0.06060606060606061,linear_attention,8448,16384,0.515625,2176,nan,0.09870812919879826,0.48727466453837076,0.0,nan,nan,nan
linear_functional,same_dimension,32,32,32,0,correlated,positive_simplex,1.0,0.001893939393939394,0.06060606060606061,least_squares,16384,16384,1.0,4096,nan,3.1801585178705255e-14,1.5698916467693206e-13,0.0,nan,nan,nan
linear_functional,equal_state_budget,32,32,32,0,correlated,positive_simplex,1.0,0.001893939393939394,0.06060606060606061,csm,16384,16384,1.0,4096,nan,8.594980253739849e-09,4.242929284395752e-08,0.0,nan,nan,nan
linear_functional,equal_state_budget,32,32,32,0,correlated,positive_simplex,1.0,0.001893939393939394,0.06060606060606061,hebbian,8192,16384,0.5,2048,nan,4.921508998898239,24.295128131046663,0.0,nan,nan,nan
linear_functional,equal_state_budget,32,32,32,0,correlated,positive_simplex,1.0,0.001893939393939394,0.06060606060606061,softmax,16384,16384,1.0,4256,0.1,0.09666657868858351,0.47719650939474006,0.0,0.09666657868858351,0.024650577028240507,2.220446049250313e-16
linear_functional,equal_state_budget,32,32,32,0,correlated,positive_simplex,1.0,0.001893939393939394,0.06060606060606061,linear_attention,8448,16384,0.515625,2176,nan,0.09870812919879826,0.48727466453837076,0.0,nan,nan,nan
linear_functional,equal_state_budget,32,32,32,0,correlated,positive_simplex,1.0,0.001893939393939394,0.06060606060606061,least_squares,16384,16384,1.0,4096,nan,3.1801585178705255e-14,1.5698916467693206e-13,0.0,nan,nan,nan
linear_functional,same_dimension,32,32,32,0,correlated,negative_coefficients,0.3999999910593033,-0.6000000238418579,0.800000011920929,csm,16384,16384,1.0,4096,nan,4.355581913384227e-07,3.9760840194976856e-07,0.6480740955929359,nan,nan,nan
linear_functional,same_dimension,32,32,32,0,correlated,negative_coefficients,0.3999999910593033,-0.6000000238418579,0.800000011920929,hebbian,8192,16384,0.5,2048,nan,2.2970425300905544,2.096903301929452,0.6480740955929359,nan,nan,nan
linear_functional,same_dimension,32,32,32,0,correlated,negative_coefficients,0.3999999910593033,-0.6000000238418579,0.800000011920929,softmax,16384,16384,1.0,4256,1e-08,0.7745966884788,0.7071067829426663,0.6480740955929359,0.1265225928858641,0.0,0.0
linear_functional,same_dimension,32,32,32,0,correlated,negative_coefficients,0.3999999910593033,-0.6000000238418579,0.800000011920929,linear_attention,8448,16384,0.515625,2176,nan,1.0981075534549642,1.0024304402507567,0.6480740955929359,nan,nan,nan
linear_functional,same_dimension,32,32,32,0,correlated,negative_coefficients,0.3999999910593033,-0.6000000238418579,0.800000011920929,least_squares,16384,16384,1.0,4096,nan,6.479733724448913e-13,5.915160413631918e-13,0.6480740955929359,nan,nan,nan
linear_functional,equal_state_budget,32,32,32,0,correlated,negative_coefficients,0.3999999910593033,-0.6000000238418579,0.800000011920929,csm,16384,16384,1.0,4096,nan,4.355581913384227e-07,3.9760840194976856e-07,0.6480740955929359,nan,nan,nan
linear_functional,equal_state_budget,32,32,32,0,correlated,negative_coefficients,0.3999999910593033,-0.6000000238418579,0.800000011920929,hebbian,8192,16384,0.5,2048,nan,2.2970425300905544,2.096903301929452,0.6480740955929359,nan,nan,nan
linear_functional,equal_state_budget,32,32,32,0,correlated,negative_coefficients,0.3999999910593033,-0.6000000238418579,0.800000011920929,softmax,16384,16384,1.0,4256,1e-08,0.7745966884788,0.7071067829426663,0.6480740955929359,0.1265225928858641,0.0,0.0
linear_functional,equal_state_budget,32,32,32,0,correlated,negative_coefficients,0.3999999910593033,-0.6000000238418579,0.800000011920929,linear_attention,8448,16384,0.515625,2176,nan,1.0981075534549642,1.0024304402507567,0.6480740955929359,nan,nan,nan
linear_functional,equal_state_budget,32,32,32,0,correlated,negative_coefficients,0.3999999910593033,-0.6000000238418579,0.800000011920929,least_squares,16384,16384,1.0,4096,nan,6.479733724448913e-13,5.915160413631918e-13,0.6480740955929359,nan,nan,nan
linear_functional,same_dimension,32,32,32,0,correlated,coefficient_gt_one,1.75,0.0,1.5,csm,16384,16384,1.0,4096,nan,1.9108317030410862e-07,1.2565551875637032e-07,0.5590169943749475,nan,nan,nan
linear_functional,same_dimension,32,32,32,0,correlated,coefficient_gt_one,1.75,0.0,1.5,hebbian,8192,16384,0.5,2048,nan,8.84004900455275,5.813180416312815,0.5590169943749475,nan,nan,nan
linear_functional,same_dimension,32,32,32,0,correlated,coefficient_gt_one,1.75,0.0,1.5,softmax,16384,16384,1.0,4256,1e-08,0.5590169943749475,0.3676073110469039,0.5590169943749475,0.0,0.0,0.0
linear_functional,same_dimension,32,32,32,0,correlated,coefficient_gt_one,1.75,0.0,1.5,linear_attention,8448,16384,0.515625,2176,nan,1.4945871768303423,0.982834473241925,0.5590169943749475,nan,nan,nan
linear_functional,same_dimension,32,32,32,0,correlated,coefficient_gt_one,1.75,0.0,1.5,least_squares,16384,16384,1.0,4096,nan,1.104058164643481e-12,7.260241767743989e-13,0.5590169943749475,nan,nan,nan
linear_functional,equal_state_budget,32,32,32,0,correlated,coefficient_gt_one,1.75,0.0,1.5,csm,16384,16384,1.0,4096,nan,1.9108317030410862e-07,1.2565551875637032e-07,0.5590169943749475,nan,nan,nan
linear_functional,equal_state_budget,32,32,32,0,correlated,coefficient_gt_one,1.75,0.0,1.5,hebbian,8192,16384,0.5,2048,nan,8.84004900455275,5.813180416312815,0.5590169943749475,nan,nan,nan
linear_functional,equal_state_budget,32,32,32,0,correlated,coefficient_gt_one,1.75,0.0,1.5,softmax,16384,16384,1.0,4256,1e-08,0.5590169943749475,0.3676073110469039,0.5590169943749475,0.0,0.0,0.0
linear_functional,equal_state_budget,32,32,32,0,correlated,coefficient_gt_one,1.75,0.0,1.5,linear_attention,8448,16384,0.515625,2176,nan,1.4945871768303423,0.982834473241925,0.5590169943749475,nan,nan,nan
linear_functional,equal_state_budget,32,32,32,0,correlated,coefficient_gt_one,1.75,0.0,1.5,least_squares,16384,16384,1.0,4096,nan,1.104058164643481e-12,7.260241767743989e-13,0.5590169943749475,nan,nan,nan
linear_functional,same_dimension,32,32,32,0,correlated,positive_sum_two,2.0,0.003787878787878788,0.12121212121212122,csm,16384,16384,1.0,4096,nan,1.7189960507479697e-08,4.242929284395752e-08,0.18441410981773668,nan,nan,nan
linear_functional,same_dimension,32,32,32,0,correlated,positive_sum_two,2.0,0.003787878787878788,0.12121212121212122,hebbian,8192,16384,0.5,2048,nan,9.843017997796478,24.295128131046663,0.18441410981773668,nan,nan,nan
linear_functional,same_dimension,32,32,32,0,correlated,positive_sum_two,2.0,0.003787878787878788,0.12121212121212122,softmax,16384,16384,1.0,4256,0.1,0.26210838533784186,0.6469516572488431,0.18441410981773668,0.07769427552010519,0.019200589158444314,0.0
linear_functional,same_dimension,32,32,32,0,correlated,positive_sum_two,2.0,0.003787878787878788,0.12121212121212122,linear_attention,8448,16384,0.515625,2176,nan,0.2651460742272378,0.6544494633898714,0.18441410981773668,nan,nan,nan
linear_functional,same_dimension,32,32,32,0,correlated,positive_sum_two,2.0,0.003787878787878788,0.12121212121212122,least_squares,16384,16384,1.0,4096,nan,6.360317035741051e-14,1.5698916467693206e-13,0.18441410981773668,nan,nan,nan
linear_functional,equal_state_budget,32,32,32,0,correlated,positive_sum_two,2.0,0.003787878787878788,0.12121212121212122,csm,16384,16384,1.0,4096,nan,1.7189960507479697e-08,4.242929284395752e-08,0.18441410981773668,nan,nan,nan
linear_functional,equal_state_budget,32,32,32,0,correlated,positive_sum_two,2.0,0.003787878787878788,0.12121212121212122,hebbian,8192,16384,0.5,2048,nan,9.843017997796478,24.295128131046663,0.18441410981773668,nan,nan,nan
linear_functional,equal_state_budget,32,32,32,0,correlated,positive_sum_two,2.0,0.003787878787878788,0.12121212121212122,softmax,16384,16384,1.0,4256,0.1,0.26210838533784186,0.6469516572488431,0.18441410981773668,0.07769427552010519,0.019200589158444314,0.0
linear_functional,equal_state_budget,32,32,32,0,correlated,positive_sum_two,2.0,0.003787878787878788,0.12121212121212122,linear_attention,8448,16384,0.515625,2176,nan,0.2651460742272378,0.6544494633898714,0.18441410981773668,nan,nan,nan
linear_functional,equal_state_budget,32,32,32,0,correlated,positive_sum_two,2.0,0.003787878787878788,0.12121212121212122,least_squares,16384,16384,1.0,4096,nan,6.360317035741051e-14,1.5698916467693206e-13,0.18441410981773668,nan,nan,nan
linear_functional,same_dimension,32,32,32,0,correlated,mixed_nonunit,1.5,-1.5,2.0,csm,16384,16384,1.0,4096,nan,8.557418318624932e-07,3.2636712909335165e-07,1.9685019685029528,nan,nan,nan
linear_functional,same_dimension,32,32,32,0,correlated,mixed_nonunit,1.5,-1.5,2.0,hebbian,8192,16384,0.5,2048,nan,7.9874199667340715,3.0462824491496843,1.9685019685029528,nan,nan,nan
linear_functional,same_dimension,32,32,32,0,correlated,mixed_nonunit,1.5,-1.5,2.0,softmax,16384,16384,1.0,4256,1e-08,1.9685019685029528,0.7507571935295483,1.9685019685029528,0.0,0.0,0.0
linear_functional,same_dimension,32,32,32,0,correlated,mixed_nonunit,1.5,-1.5,2.0,linear_attention,8448,16384,0.515625,2176,nan,2.609869646893683,0.9953652284482922,1.9685019685029528,nan,nan,nan
linear_functional,same_dimension,32,32,32,0,correlated,mixed_nonunit,1.5,-1.5,2.0,least_squares,16384,16384,1.0,4096,nan,1.912458144494092e-12,7.293829177092631e-13,1.9685019685029528,nan,nan,nan
linear_functional,equal_state_budget,32,32,32,0,correlated,mixed_nonunit,1.5,-1.5,2.0,csm,16384,16384,1.0,4096,nan,8.557418318624932e-07,3.2636712909335165e-07,1.9685019685029528,nan,nan,nan
linear_functional,equal_state_budget,32,32,32,0,correlated,mixed_nonunit,1.5,-1.5,2.0,hebbian,8192,16384,0.5,2048,nan,7.9874199667340715,3.0462824491496843,1.9685019685029528,nan,nan,nan
linear_functional,equal_state_budget,32,32,32,0,correlated,mixed_nonunit,1.5,-1.5,2.0,softmax,16384,16384,1.0,4256,1e-08,1.9685019685029528,0.7507571935295483,1.9685019685029528,0.0,0.0,0.0
linear_functional,equal_state_budget,32,32,32,0,correlated,mixed_nonunit,1.5,-1.5,2.0,linear_attention,8448,16384,0.515625,2176,nan,2.609869646893683,0.9953652284482922,1.9685019685029528,nan,nan,nan
linear_functional,equal_state_budget,32,32,32,0,correlated,mixed_nonunit,1.5,-1.5,2.0,least_squares,16384,16384,1.0,4096,nan,1.912458144494092e-12,7.293829177092631e-13,1.9685019685029528,nan,nan,nan
linear_functional,same_dimension,32,32,32,1,random_gaussian,positive_simplex,1.0,0.001893939393939394,0.06060606060606061,csm,16384,16384,1.0,4096,nan,1.4417862212240895e-08,7.117406671421007e-08,0.0,nan,nan,nan
linear_functional,same_dimension,32,32,32,1,random_gaussian,positive_simplex,1.0,0.001893939393939394,0.06060606060606061,hebbian,8192,16384,0.5,2048,nan,0.22185270333155768,1.0951803308428176,0.0,nan,nan,nan
linear_functional,same_dimension,32,32,32,1,random_gaussian,positive_simplex,1.0,0.001893939393939394,0.06060606060606061,softmax,16384,16384,1.0,4256,0.1,0.08856788330944633,0.43721713681318003,0.0,0.08856788330944633,0.012709987989728713,2.220446049250313e-16
linear_functional,same_dimension,32,32,32,1,random_gaussian,positive_simplex,1.0,0.001893939393939394,0.06060606060606061,linear_attention,8448,16384,0.515625,2176,nan,0.0972012533230925,0.47983594147882735,0.0,nan,nan,nan
linear_functional,same_dimension,32,32,32,1,random_gaussian,positive_simplex,1.0,0.001893939393939394,0.06060606060606061,least_squares,16384,16384,1.0,4096,nan,1.5632797531163765e-15,7.717161934507451e-15,0.0,nan,nan,nan
linear_functional,equal_state_budget,32,32,32,1,random_gaussian,positive_simplex,1.0,0.001893939393939394,0.06060606060606061,csm,16384,16384,1.0,4096,nan,1.4417862212240895e-08,7.117406671421007e-08,0.0,nan,nan,nan
linear_functional,equal_state_budget,32,32,32,1,random_gaussian,positive_simplex,1.0,0.001893939393939394,0.06060606060606061,hebbian,8192,16384,0.5,2048,nan,0.22185270333155768,1.0951803308428176,0.0,nan,nan,nan
linear_functional,equal_state_budget,32,32,32,1,random_gaussian,positive_simplex,1.0,0.001893939393939394,0.06060606060606061,softmax,16384,16384,1.0,4256,0.1,0.08856788330944633,0.43721713681318003,0.0,0.08856788330944633,0.012709987989728713,2.220446049250313e-16
linear_functional,equal_state_budget,32,32,32,1,random_gaussian,positive_simplex,1.0,0.001893939393939394,0.06060606060606061,linear_attention,8448,16384,0.515625,2176,nan,0.0972012533230925,0.47983594147882735,0.0,nan,nan,nan
linear_functional,equal_state_budget,32,32,32,1,random_gaussian,positive_simplex,1.0,0.001893939393939394,0.06060606060606061,least_squares,16384,16384,1.0,4096,nan,1.5632797531163765e-15,7.717161934507451e-15,0.0,nan,nan,nan
linear_functional,same_dimension,32,32,32,1,random_gaussian,negative_coefficients,0.3999999910593033,-0.6000000238418579,0.800000011920929,csm,16384,16384,1.0,4096,nan,1.3606461059747037e-07,1.24209424727688e-07,0.6480740955929359,nan,nan,nan
linear_functional,same_dimension,32,32,32,1,random_gaussian,negative_coefficients,0.3999999910593033,-0.6000000238418579,0.800000011920929,hebbian,8192,16384,0.5,2048,nan,1.3347187863507584,1.2184259514497722,0.6480740955929359,nan,nan,nan
linear_functional,same_dimension,32,32,32,1,random_gaussian,negative_coefficients,0.3999999910593033,-0.6000000238418579,0.800000011920929,softmax,16384,16384,1.0,4256,0.1,0.7484968874965721,0.683281033901277,0.6480740955929359,0.10042279190363612,2.25231179632971e-08,1.1102230246251565e-16
linear_functional,same_dimension,32,32,32,1,random_gaussian,negative_coefficients,0.3999999910593033,-0.6000000238418579,0.800000011920929,linear_attention,8448,16384,0.515625,2176,nan,1.0980665137154824,1.00239297626648,0.6480740955929359,nan,nan,nan
linear_functional,same_dimension,32,32,32,1,random_gaussian,negative_coefficients,0.3999999910593033,-0.6000000238418579,0.800000011920929,least_squares,16384,16384,1.0,4096,nan,5.156665728700765e-15,4.707370129987451e-15,0.6480740955929359,nan,nan,nan
linear_functional,equal_state_budget,32,32,32,1,random_gaussian,negative_coefficients,0.3999999910593033,-0.6000000238418579,0.800000011920929,csm,16384,16384,1.0,4096,nan,1.3606461059747037e-07,1.24209424727688e-07,0.6480740955929359,nan,nan,nan
linear_functional,equal_state_budget,32,32,32,1,random_gaussian,negative_coefficients,0.3999999910593033,-0.6000000238418579,0.800000011920929,hebbian,8192,16384,0.5,2048,nan,1.3347187863507584,1.2184259514497722,0.6480740955929359,nan,nan,nan
linear_functional,equal_state_budget,32,32,32,1,random_gaussian,negative_coefficients,0.3999999910593033,-0.6000000238418579,0.800000011920929,softmax,16384,16384,1.0,4256,0.1,0.7484968874965721,0.683281033901277,0.6480740955929359,0.10042279190363612,2.25231179632971e-08,1.1102230246251565e-16
linear_functional,equal_state_budget,32,32,32,1,random_gaussian,negative_coefficients,0.3999999910593033,-0.6000000238418579,0.800000011920929,linear_attention,8448,16384,0.515625,2176,nan,1.0980665137154824,1.00239297626648,0.6480740955929359,nan,nan,nan
linear_functional,equal_state_budget,32,32,32,1,random_gaussian,negative_coefficients,0.3999999910593033,-0.6000000238418579,0.800000011920929,least_squares,16384,16384,1.0,4096,nan,5.156665728700765e-15,4.707370129987451e-15,0.6480740955929359,nan,nan,nan
linear_functional,same_dimension,32,32,32,1,random_gaussian,coefficient_gt_one,1.75,0.0,1.5,csm,16384,16384,1.0,4096,nan,2.5910730287910098e-08,1.7038791278698676e-08,0.5590169943749475,nan,nan,nan
linear_functional,same_dimension,32,32,32,1,random_gaussian,coefficient_gt_one,1.75,0.0,1.5,hebbian,8192,16384,0.5,2048,nan,1.4725184018852937,0.9683221362337817,0.5590169943749475,nan,nan,nan
linear_functional,same_dimension,32,32,32,1,random_gaussian,coefficient_gt_one,1.75,0.0,1.5,softmax,16384,16384,1.0,4256,1e-08,0.5590169943749475,0.3676073110469039,0.5590169943749475,0.0,0.0,0.0
linear_functional,same_dimension,32,32,32,1,random_gaussian,coefficient_gt_one,1.75,0.0,1.5,linear_attention,8448,16384,0.515625,2176,nan,1.4951971095278584,0.9832355625131093,0.5590169943749475,nan,nan,nan
linear_functional,same_dimension,32,32,32,1,random_gaussian,coefficient_gt_one,1.75,0.0,1.5,least_squares,16384,16384,1.0,4096,nan,1.897025399146936e-14,1.2474762180491901e-14,0.5590169943749475,nan,nan,nan
linear_functional,equal_state_budget,32,32,32,1,random_gaussian,coefficient_gt_one,1.75,0.0,1.5,csm,16384,16384,1.0,4096,nan,2.5910730287910098e-08,1.7038791278698676e-08,0.5590169943749475,nan,nan,nan
linear_functional,equal_state_budget,32,32,32,1,random_gaussian,coefficient_gt_one,1.75,0.0,1.5,hebbian,8192,16384,0.5,2048,nan,1.4725184018852937,0.9683221362337817,0.5590169943749475,nan,nan,nan
linear_functional,equal_state_budget,32,32,32,1,random_gaussian,coefficient_gt_one,1.75,0.0,1.5,softmax,16384,16384,1.0,4256,1e-08,0.5590169943749475,0.3676073110469039,0.5590169943749475,0.0,0.0,0.0
linear_functional,equal_state_budget,32,32,32,1,random_gaussian,coefficient_gt_one,1.75,0.0,1.5,linear_attention,8448,16384,0.515625,2176,nan,1.4951971095278584,0.9832355625131093,0.5590169943749475,nan,nan,nan
linear_functional,equal_state_budget,32,32,32,1,random_gaussian,coefficient_gt_one,1.75,0.0,1.5,least_squares,16384,16384,1.0,4096,nan,1.897025399146936e-14,1.2474762180491901e-14,0.5590169943749475,nan,nan,nan
linear_functional,same_dimension,32,32,32,1,random_gaussian,positive_sum_two,2.0,0.003787878787878788,0.12121212121212122,csm,16384,16384,1.0,4096,nan,2.883572442448179e-08,7.117406671421007e-08,0.18441410981773668,nan,nan,nan
linear_functional,same_dimension,32,32,32,1,random_gaussian,positive_sum_two,2.0,0.003787878787878788,0.12121212121212122,hebbian,8192,16384,0.5,2048,nan,0.44370540666311536,1.0951803308428176,0.18441410981773668,nan,nan,nan
linear_functional,same_dimension,32,32,32,1,random_gaussian,positive_sum_two,2.0,0.003787878787878788,0.12121212121212122,softmax,16384,16384,1.0,4256,0.1,0.25798935758422226,0.6367848255848222,0.18441410981773668,0.07357524776648558,0.004336337920988809,0.0
linear_functional,same_dimension,32,32,32,1,random_gaussian,positive_sum_two,2.0,0.003787878787878788,0.12121212121212122,linear_attention,8448,16384,0.515625,2176,nan,0.26393361837374235,0.651456807039908,0.18441410981773668,nan,nan,nan
linear_functional,same_dimension,32,32,32,1,random_gaussian,positive_sum_two,2.0,0.003787878787878788,0.12121212121212122,least_squares,16384,16384,1.0,4096,nan,3.126559506232753e-15,7.717161934507451e-15,0.18441410981773668,nan,nan,nan
linear_functional,equal_state_budget,32,32,32,1,random_gaussian,positive_sum_two,2.0,0.003787878787878788,0.12121212121212122,csm,16384,16384,1.0,4096,nan,2.883572442448179e-08,7.117406671421007e-08,0.18441410981773668,nan,nan,nan
linear_functional,equal_state_budget,32,32,32,1,random_gaussian,positive_sum_two,2.0,0.003787878787878788,0.12121212121212122,hebbian,8192,16384,0.5,2048,nan,0.44370540666311536,1.0951803308428176,0.18441410981773668,nan,nan,nan
linear_functional,equal_state_budget,32,32,32,1,random_gaussian,positive_sum_two,2.0,0.003787878787878788,0.12121212121212122,softmax,16384,16384,1.0,4256,0.1,0.25798935758422226,0.6367848255848222,0.18441410981773668,0.07357524776648558,0.004336337920988809,0.0
linear_functional,equal_state_budget,32,32,32,1,random_gaussian,positive_sum_two,2.0,0.003787878787878788,0.12121212121212122,linear_attention,8448,16384,0.515625,2176,nan,0.26393361837374235,0.651456807039908,0.18441410981773668,nan,nan,nan
linear_functional,equal_state_budget,32,32,32,1,random_gaussian,positive_sum_two,2.0,0.003787878787878788,0.12121212121212122,least_squares,16384,16384,1.0,4096,nan,3.126559506232753e-15,7.717161934507451e-15,0.18441410981773668,nan,nan,nan
linear_functional,same_dimension,32,32,32,1,random_gaussian,mixed_nonunit,1.5,-1.5,2.0,csm,16384,16384,1.0,4096,nan,4.4627620689701144e-07,1.7020306709869047e-07,1.9685019685029528,nan,nan,nan
linear_functional,same_dimension,32,32,32,1,random_gaussian,mixed_nonunit,1.5,-1.5,2.0,hebbian,8192,16384,0.5,2048,nan,3.141411536814678,1.1980873511109194,1.9685019685029528,nan,nan,nan
linear_functional,same_dimension,32,32,32,1,random_gaussian,mixed_nonunit,1.5,-1.5,2.0,softmax,16384,16384,1.0,4256,1e-08,1.9685019685029528,0.7507571935295483,1.9685019685029528,0.0,0.0,0.0
linear_functional,same_dimension,32,32,32,1,random_gaussian,mixed_nonunit,1.5,-1.5,2.0,linear_attention,8448,16384,0.515625,2176,nan,2.6088872198709243,0.9949905454831466,1.9685019685029528,nan,nan,nan
linear_functional,same_dimension,32,32,32,1,random_gaussian,mixed_nonunit,1.5,-1.5,2.0,least_squares,16384,16384,1.0,4096,nan,2.4559011290933747e-14,9.366439397906172e-15,1.9685019685029528,nan,nan,nan
linear_functional,equal_state_budget,32,32,32,1,random_gaussian,mixed_nonunit,1.5,-1.5,2.0,csm,16384,16384,1.0,4096,nan,4.4627620689701144e-07,1.7020306709869047e-07,1.9685019685029528,nan,nan,nan
linear_functional,equal_state_budget,32,32,32,1,random_gaussian,mixed_nonunit,1.5,-1.5,2.0,hebbian,8192,16384,0.5,2048,nan,3.141411536814678,1.1980873511109194,1.9685019685029528,nan,nan,nan
linear_functional,equal_state_budget,32,32,32,1,random_gaussian,mixed_nonunit,1.5,-1.5,2.0,softmax,16384,16384,1.0,4256,1e-08,1.9685019685029528,0.7507571935295483,1.9685019685029528,0.0,0.0,0.0
linear_functional,equal_state_budget,32,32,32,1,random_gaussian,mixed_nonunit,1.5,-1.5,2.0,linear_attention,8448,16384,0.515625,2176,nan,2.6088872198709243,0.9949905454831466,1.9685019685029528,nan,nan,nan
linear_functional,equal_state_budget,32,32,32,1,random_gaussian,mixed_nonunit,1.5,-1.5,2.0,least_squares,16384,16384,1.0,4096,nan,2.4559011290933747e-14,9.366439397906172e-15,1.9685019685029528,nan,nan,nan
linear_functional,same_dimension,32,32,32,1,correlated,positive_simplex,1.0,0.001893939393939394,0.06060606060606061,csm,16384,16384,1.0,4096,nan,1.0491782086927159e-08,5.17928932329452e-08,0.0,nan,nan,nan
linear_functional,same_dimension,32,32,32,1,correlated,positive_simplex,1.0,0.001893939393939394,0.06060606060606061,hebbian,8192,16384,0.5,2048,nan,4.944240372437222,24.407342013587144,0.0,nan,nan,nan
linear_functional,same_dimension,32,32,32,1,correlated,positive_simplex,1.0,0.001893939393939394,0.06060606060606061,softmax,16384,16384,1.0,4256,1.0,0.09913417899118002,0.4893778679051507,0.0,0.09913417899118002,0.03057588202525475,0.0
linear_functional,same_dimension,32,32,32,1,correlated,positive_simplex,1.0,0.001893939393939394,0.06060606060606061,linear_attention,8448,16384,0.515625,2176,nan,0.09925648726921497,0.48998164517895276,0.0,nan,nan,nan
linear_functional,same_dimension,32,32,32,1,correlated,positive_simplex,1.0,0.001893939393939394,0.06060606060606061,least_squares,16384,16384,1.0,4096,nan,8.41943877659938e-15,4.156272881239817e-14,0.0,nan,nan,nan
linear_functional,equal_state_budget,32,32,32,1,correlated,positive_simplex,1.0,0.001893939393939394,0.06060606060606061,csm,16384,16384,1.0,4096,nan,1.0491782086927159e-08,5.17928932329452e-08,0.0,nan,nan,nan
linear_functional,equal_state_budget,32,32,32,1,correlated,positive_simplex,1.0,0.001893939393939394,0.06060606060606061,hebbian,8192,16384,0.5,2048,nan,4.944240372437222,24.407342013587144,0.0,nan,nan,nan
linear_functional,equal_state_budget,32,32,32,1,correlated,positive_simplex,1.0,0.001893939393939394,0.06060606060606061,softmax,16384,16384,1.0,4256,1.0,0.09913417899118002,0.4893778679051507,0.0,0.09913417899118002,0.03057588202525475,0.0
linear_functional,equal_state_budget,32,32,32,1,correlated,positive_simplex,1.0,0.001893939393939394,0.06060606060606061,linear_attention,8448,16384,0.515625,2176,nan,0.09925648726921497,0.48998164517895276,0.0,nan,nan,nan
linear_functional,equal_state_budget,32,32,32,1,correlated,positive_simplex,1.0,0.001893939393939394,0.06060606060606061,least_squares,16384,16384,1.0,4096,nan,8.41943877659938e-15,4.156272881239817e-14,0.0,nan,nan,nan
linear_functional,same_dimension,32,32,32,1,correlated,negative_coefficients,0.3999999910593033,-0.6000000238418579,0.800000011920929,csm,16384,16384,1.0,4096,nan,4.0378997621200394e-07,3.6860812253728134e-07,0.6480740955929359,nan,nan,nan
linear_functional,same_dimension,32,32,32,1,correlated,negative_coefficients,0.3999999910593033,-0.6000000238418579,0.800000011920929,hebbian,8192,16384,0.5,2048,nan,2.318414570873531,2.1164132162212987,0.6480740955929359,nan,nan,nan
linear_functional,same_dimension,32,32,32,1,correlated,negative_coefficients,0.3999999910593033,-0.6000000238418579,0.800000011920929,softmax,16384,16384,1.0,4256,1e-08,0.7745966884788,0.7071067829426663,0.6480740955929359,0.1265225928858641,0.0,0.0
linear_functional,same_dimension,32,32,32,1,correlated,negative_coefficients,0.3999999910593033,-0.6000000238418579,0.800000011920929,linear_attention,8448,16384,0.515625,2176,nan,1.0981759029294615,1.0024928344976551,0.6480740955929359,nan,nan,nan
linear_functional,same_dimension,32,32,32,1,correlated,negative_coefficients,0.3999999910593033,-0.6000000238418579,0.800000011920929,least_squares,16384,16384,1.0,4096,nan,1.6226576250516145e-13,1.4812769408050955e-13,0.6480740955929359,nan,nan,nan
linear_functional,equal_state_budget,32,32,32,1,correlated,negative_coefficients,0.3999999910593033,-0.6000000238418579,0.800000011920929,csm,16384,16384,1.0,4096,nan,4.0378997621200394e-07,3.6860812253728134e-07,0.6480740955929359,nan,nan,nan
linear_functional,equal_state_budget,32,32,32,1,correlated,negative_coefficients,0.3999999910593033,-0.6000000238418579,0.800000011920929,hebbian,8192,16384,0.5,2048,nan,2.318414570873531,2.1164132162212987,0.6480740955929359,nan,nan,nan
linear_functional,equal_state_budget,32,32,32,1,correlated,negative_coefficients,0.3999999910593033,-0.6000000238418579,0.800000011920929,softmax,16384,16384,1.0,4256,1e-08,0.7745966884788,0.7071067829426663,0.6480740955929359,0.1265225928858641,0.0,0.0
linear_functional,equal_state_budget,32,32,32,1,correlated,negative_coefficients,0.3999999910593033,-0.6000000238418579,0.800000011920929,linear_attention,8448,16384,0.515625,2176,nan,1.0981759029294615,1.0024928344976551,0.6480740955929359,nan,nan,nan
linear_functional,equal_state_budget,32,32,32,1,correlated,negative_coefficients,0.3999999910593033,-0.6000000238418579,0.800000011920929,least_squares,16384,16384,1.0,4096,nan,1.6226576250516145e-13,1.4812769408050955e-13,0.6480740955929359,nan,nan,nan
linear_functional,same_dimension,32,32,32,1,correlated,coefficient_gt_one,1.75,0.0,1.5,csm,16384,16384,1.0,4096,nan,4.051515072399213e-07,2.664259899819288e-07,0.5590169943749475,nan,nan,nan
linear_functional,same_dimension,32,32,32,1,correlated,coefficient_gt_one,1.75,0.0,1.5,hebbian,8192,16384,0.5,2048,nan,8.879292456420913,5.838986751294786,0.5590169943749475,nan,nan,nan
linear_functional,same_dimension,32,32,32,1,correlated,coefficient_gt_one,1.75,0.0,1.5,softmax,16384,16384,1.0,4256,1e-08,0.5590169943749475,0.3676073110469039,0.5590169943749475,0.0,0.0,0.0
linear_functional,same_dimension,32,32,32,1,correlated,coefficient_gt_one,1.75,0.0,1.5,linear_attention,8448,16384,0.515625,2176,nan,1.4945312347620863,0.9827976859644487,0.5590169943749475,nan,nan,nan
linear_functional,same_dimension,32,32,32,1,correlated,coefficient_gt_one,1.75,0.0,1.5,least_squares,16384,16384,1.0,4096,nan,1.2948554908180654e-13,8.514917255890854e-14,0.5590169943749475,nan,nan,nan
linear_functional,equal_state_budget,32,32,32,1,correlated,coefficient_gt_one,1.75,0.0,1.5,csm,16384,16384,1.0,4096,nan,4.051515072399213e-07,2.664259899819288e-07,0.5590169943749475,nan,nan,nan
linear_functional,equal_state_budget,32,32,32,1,correlated,coefficient_gt_one,1.75,0.0,1.5,hebbian,8192,16384,0.5,2048,nan,8.879292456420913,5.838986751294786,0.5590169943749475,nan,nan,nan
linear_functional,equal_state_budget,32,32,32,1,correlated,coefficient_gt_one,1.75,0.0,1.5,softmax,16384,16384,1.0,4256,1e-08,0.5590169943749475,0.3676073110469039,0.5590169943749475,0.0,0.0,0.0
linear_functional,equal_state_budget,32,32,32,1,correlated,coefficient_gt_one,1.75,0.0,1.5,linear_attention,8448,16384,0.515625,2176,nan,1.4945312347620863,0.9827976859644487,0.5590169943749475,nan,nan,nan
linear_functional,equal_state_budget,32,32,32,1,correlated,coefficient_gt_one,1.75,0.0,1.5,least_squares,16384,16384,1.0,4096,nan,1.2948554908180654e-13,8.514917255890854e-14,0.5590169943749475,nan,nan,nan
linear_functional,same_dimension,32,32,32,1,correlated,positive_sum_two,2.0,0.003787878787878788,0.12121212121212122,csm,16384,16384,1.0,4096,nan,2.0983564173854318e-08,5.17928932329452e-08,0.18441410981773668,nan,nan,nan
linear_functional,same_dimension,32,32,32,1,correlated,positive_sum_two,2.0,0.003787878787878788,0.12121212121212122,hebbian,8192,16384,0.5,2048,nan,9.888480744874444,24.407342013587144,0.18441410981773668,nan,nan,nan
linear_functional,same_dimension,32,32,32,1,correlated,positive_sum_two,2.0,0.003787878787878788,0.12121212121212122,softmax,16384,16384,1.0,4256,1.0,0.2656328897167648,0.6556510506161556,0.18441410981773668,0.08121877989902812,0.029911156953552502,0.0
linear_functional,same_dimension,32,32,32,1,correlated,positive_sum_two,2.0,0.003787878787878788,0.12121212121212122,linear_attention,8448,16384,0.515625,2176,nan,0.265568525876641,0.6554921839206802,0.18441410981773668,nan,nan,nan
linear_functional,same_dimension,32,32,32,1,correlated,positive_sum_two,2.0,0.003787878787878788,0.12121212121212122,least_squares,16384,16384,1.0,4096,nan,1.683887755319876e-14,4.156272881239817e-14,0.18441410981773668,nan,nan,nan
linear_functional,equal_state_budget,32,32,32,1,correlated,positive_sum_two,2.0,0.003787878787878788,0.12121212121212122,csm,16384,16384,1.0,4096,nan,2.0983564173854318e-08,5.17928932329452e-08,0.18441410981773668,nan,nan,nan
linear_functional,equal_state_budget,32,32,32,1,correlated,positive_sum_two,2.0,0.003787878787878788,0.12121212121212122,hebbian,8192,16384,0.5,2048,nan,9.888480744874444,24.407342013587144,0.18441410981773668,nan,nan,nan
linear_functional,equal_state_budget,32,32,32,1,correlated,positive_sum_two,2.0,0.003787878787878788,0.12121212121212122,softmax,16384,16384,1.0,4256,1.0,0.2656328897167648,0.6556510506161556,0.18441410981773668,0.08121877989902812,0.029911156953552502,0.0
linear_functional,equal_state_budget,32,32,32,1,correlated,positive_sum_two,2.0,0.003787878787878788,0.12121212121212122,linear_attention,8448,16384,0.515625,2176,nan,0.265568525876641,0.6554921839206802,0.18441410981773668,nan,nan,nan
linear_functional,equal_state_budget,32,32,32,1,correlated,positive_sum_two,2.0,0.003787878787878788,0.12121212121212122,least_squares,16384,16384,1.0,4096,nan,1.683887755319876e-14,4.156272881239817e-14,0.18441410981773668,nan,nan,nan
linear_functional,same_dimension,32,32,32,1,correlated,mixed_nonunit,1.5,-1.5,2.0,csm,16384,16384,1.0,4096,nan,1.1198782617578267e-06,4.2710481083818827e-07,1.9685019685029528,nan,nan,nan
linear_functional,same_dimension,32,32,32,1,correlated,mixed_nonunit,1.5,-1.5,2.0,hebbian,8192,16384,0.5,2048,nan,8.079944345594495,3.081569862684324,1.9685019685029528,nan,nan,nan
linear_functional,same_dimension,32,32,32,1,correlated,mixed_nonunit,1.5,-1.5,2.0,softmax,16384,16384,1.0,4256,1e-08,1.9685019685029528,0.7507571935295483,1.9685019685029528,0.0,0.0,0.0
linear_functional,same_dimension,32,32,32,1,correlated,mixed_nonunit,1.5,-1.5,2.0,linear_attention,8448,16384,0.515625,2176,nan,2.6098110653037945,0.9953428863065414,1.9685019685029528,nan,nan,nan
linear_functional,same_dimension,32,32,32,1,correlated,mixed_nonunit,1.5,-1.5,2.0,least_squares,16384,16384,1.0,4096,nan,3.0925263581674716e-13,1.1794432755074397e-13,1.9685019685029528,nan,nan,nan
linear_functional,equal_state_budget,32,32,32,1,correlated,mixed_nonunit,1.5,-1.5,2.0,csm,16384,16384,1.0,4096,nan,1.1198782617578267e-06,4.2710481083818827e-07,1.9685019685029528,nan,nan,nan
linear_functional,equal_state_budget,32,32,32,1,correlated,mixed_nonunit,1.5,-1.5,2.0,hebbian,8192,16384,0.5,2048,nan,8.079944345594495,3.081569862684324,1.9685019685029528,nan,nan,nan
linear_functional,equal_state_budget,32,32,32,1,correlated,mixed_nonunit,1.5,-1.5,2.0,softmax,16384,16384,1.0,4256,1e-08,1.9685019685029528,0.7507571935295483,1.9685019685029528,0.0,0.0,0.0
linear_functional,equal_state_budget,32,32,32,1,correlated,mixed_nonunit,1.5,-1.5,2.0,linear_attention,8448,16384,0.515625,2176,nan,2.6098110653037945,0.9953428863065414,1.9685019685029528,nan,nan,nan
linear_functional,equal_state_budget,32,32,32,1,correlated,mixed_nonunit,1.5,-1.5,2.0,least_squares,16384,16384,1.0,4096,nan,3.0925263581674716e-13,1.1794432755074397e-13,1.9685019685029528,nan,nan,nan
linear_functional,same_dimension,32,32,32,2,random_gaussian,positive_simplex,1.0,0.001893939393939394,0.06060606060606061,csm,16384,16384,1.0,4096,nan,3.6509577623058694e-10,1.8023026404323872e-09,0.0,nan,nan,nan
linear_functional,same_dimension,32,32,32,2,random_gaussian,positive_simplex,1.0,0.001893939393939394,0.06060606060606061,hebbian,8192,16384,0.5,2048,nan,0.17269640955682228,0.852519298226211,0.0,nan,nan,nan
linear_functional,same_dimension,32,32,32,2,random_gaussian,positive_simplex,1.0,0.001893939393939394,0.06060606060606061,softmax,16384,16384,1.0,4256,0.1,0.09386206544141237,0.46335197335904577,0.0,0.09386206544141237,0.016067351053204868,0.0
linear_functional,same_dimension,32,32,32,2,random_gaussian,positive_simplex,1.0,0.001893939393939394,0.06060606060606061,linear_attention,8448,16384,0.515625,2176,nan,0.09817788729629023,0.4846571147249362,0.0,nan,nan,nan
linear_functional,same_dimension,32,32,32,2,random_gaussian,positive_simplex,1.0,0.001893939393939394,0.06060606060606061,least_squares,16384,16384,1.0,4096,nan,6.816580737386139e-16,3.365018787276327e-15,0.0,nan,nan,nan
linear_functional,equal_state_budget,32,32,32,2,random_gaussian,positive_simplex,1.0,0.001893939393939394,0.06060606060606061,csm,16384,16384,1.0,4096,nan,3.6509577623058694e-10,1.8023026404323872e-09,0.0,nan,nan,nan
linear_functional,equal_state_budget,32,32,32,2,random_gaussian,positive_simplex,1.0,0.001893939393939394,0.06060606060606061,hebbian,8192,16384,0.5,2048,nan,0.17269640955682228,0.852519298226211,0.0,nan,nan,nan
linear_functional,equal_state_budget,32,32,32,2,random_gaussian,positive_simplex,1.0,0.001893939393939394,0.06060606060606061,softmax,16384,16384,1.0,4256,0.1,0.09386206544141237,0.46335197335904577,0.0,0.09386206544141237,0.016067351053204868,0.0
linear_functional,equal_state_budget,32,32,32,2,random_gaussian,positive_simplex,1.0,0.001893939393939394,0.06060606060606061,linear_attention,8448,16384,0.515625,2176,nan,0.09817788729629023,0.4846571147249362,0.0,nan,nan,nan
linear_functional,equal_state_budget,32,32,32,2,random_gaussian,positive_simplex,1.0,0.001893939393939394,0.06060606060606061,least_squares,16384,16384,1.0,4096,nan,6.816580737386139e-16,3.365018787276327e-15,0.0,nan,nan,nan
linear_functional,same_dimension,32,32,32,2,random_gaussian,negative_coefficients,0.3999999910593033,-0.6000000238418579,0.800000011920929,csm,16384,16384,1.0,4096,nan,1.4500690834239845e-09,1.3237258819660154e-09,0.6480740955929359,nan,nan,nan
linear_functional,same_dimension,32,32,32,2,random_gaussian,negative_coefficients,0.3999999910593033,-0.6000000238418579,0.800000011920929,hebbian,8192,16384,0.5,2048,nan,0.9727275202252754,0.8879746553746297,0.6480740955929359,nan,nan,nan
linear_functional,same_dimension,32,32,32,2,random_gaussian,negative_coefficients,0.3999999910593033,-0.6000000238418579,0.800000011920929,softmax,16384,16384,1.0,4256,0.1,0.7583293186481241,0.6922567742620229,0.6480740955929359,0.1102552230551882,9.777981830625198e-08,2.220446049250313e-16
linear_functional,same_dimension,32,32,32,2,random_gaussian,negative_coefficients,0.3999999910593033,-0.6000000238418579,0.800000011920929,linear_attention,8448,16384,0.515625,2176,nan,1.097129875604793,1.0015379465831855,0.6480740955929359,nan,nan,nan
linear_functional,same_dimension,32,32,32,2,random_gaussian,negative_coefficients,0.3999999910593033,-0.6000000238418579,0.800000011920929,least_squares,16384,16384,1.0,4096,nan,4.131770080040154e-15,3.771772707799173e-15,0.6480740955929359,nan,nan,nan
linear_functional,equal_state_budget,32,32,32,2,random_gaussian,negative_coefficients,0.3999999910593033,-0.6000000238418579,0.800000011920929,csm,16384,16384,1.0,4096,nan,1.4500690834239845e-09,1.3237258819660154e-09,0.6480740955929359,nan,nan,nan
linear_functional,equal_state_budget,32,32,32,2,random_gaussian,negative_coefficients,0.3999999910593033,-0.6000000238418579,0.800000011920929,hebbian,8192,16384,0.5,2048,nan,0.9727275202252754,0.8879746553746297,0.6480740955929359,nan,nan,nan
linear_functional,equal_state_budget,32,32,32,2,random_gaussian,negative_coefficients,0.3999999910593033,-0.6000000238418579,0.800000011920929,softmax,16384,16384,1.0,4256,0.1,0.7583293186481241,0.6922567742620229,0.6480740955929359,0.1102552230551882,9.777981830625198e-08,2.220446049250313e-16
linear_functional,equal_state_budget,32,32,32,2,random_gaussian,negative_coefficients,0.3999999910593033,-0.6000000238418579,0.800000011920929,linear_attention,8448,16384,0.515625,2176,nan,1.097129875604793,1.0015379465831855,0.6480740955929359,nan,nan,nan
linear_functional,equal_state_budget,32,32,32,2,random_gaussian,negative_coefficients,0.3999999910593033,-0.6000000238418579,0.800000011920929,least_squares,16384,16384,1.0,4096,nan,4.131770080040154e-15,3.771772707799173e-15,0.6480740955929359,nan,nan,nan
linear_functional,same_dimension,32,32,32,2,random_gaussian,coefficient_gt_one,1.75,0.0,1.5,csm,16384,16384,1.0,4096,nan,1.0591574943836375e-09,6.964976778941987e-10,0.5590169943749475,nan,nan,nan
linear_functional,same_dimension,32,32,32,2,random_gaussian,coefficient_gt_one,1.75,0.0,1.5,hebbian,8192,16384,0.5,2048,nan,1.2373971133217894,0.8137073292986985,0.5590169943749475,nan,nan,nan
linear_functional,same_dimension,32,32,32,2,random_gaussian,coefficient_gt_one,1.75,0.0,1.5,softmax,16384,16384,1.0,4256,1e-08,0.5590169943749475,0.3676073110469039,0.5590169943749475,0.0,0.0,0.0
linear_functional,same_dimension,32,32,32,2,random_gaussian,coefficient_gt_one,1.75,0.0,1.5,linear_attention,8448,16384,0.515625,2176,nan,1.4936006056134616,0.9821857080060858,0.5590169943749475,nan,nan,nan
linear_functional,same_dimension,32,32,32,2,random_gaussian,coefficient_gt_one,1.75,0.0,1.5,least_squares,16384,16384,1.0,4096,nan,5.16746544258236e-15,3.39810434278388e-15,0.5590169943749475,nan,nan,nan
linear_functional,equal_state_budget,32,32,32,2,random_gaussian,coefficient_gt_one,1.75,0.0,1.5,csm,16384,16384,1.0,4096,nan,1.0591574943836375e-09,6.964976778941987e-10,0.5590169943749475,nan,nan,nan
linear_functional,equal_state_budget,32,32,32,2,random_gaussian,coefficient_gt_one,1.75,0.0,1.5,hebbian,8192,16384,0.5,2048,nan,1.2373971133217894,0.8137073292986985,0.5590169943749475,nan,nan,nan
linear_functional,equal_state_budget,32,32,32,2,random_gaussian,coefficient_gt_one,1.75,0.0,1.5,softmax,16384,16384,1.0,4256,1e-08,0.5590169943749475,0.3676073110469039,0.5590169943749475,0.0,0.0,0.0
linear_functional,equal_state_budget,32,32,32,2,random_gaussian,coefficient_gt_one,1.75,0.0,1.5,linear_attention,8448,16384,0.515625,2176,nan,1.4936006056134616,0.9821857080060858,0.5590169943749475,nan,nan,nan
linear_functional,equal_state_budget,32,32,32,2,random_gaussian,coefficient_gt_one,1.75,0.0,1.5,least_squares,16384,16384,1.0,4096,nan,5.16746544258236e-15,3.39810434278388e-15,0.5590169943749475,nan,nan,nan
linear_functional,same_dimension,32,32,32,2,random_gaussian,positive_sum_two,2.0,0.003787878787878788,0.12121212121212122,csm,16384,16384,1.0,4096,nan,7.301915524611739e-10,1.8023026404323872e-09,0.18441410981773668,nan,nan,nan
linear_functional,same_dimension,32,32,32,2,random_gaussian,positive_sum_two,2.0,0.003787878787878788,0.12121212121212122,hebbian,8192,16384,0.5,2048,nan,0.34539281911364456,0.852519298226211,0.18441410981773668,nan,nan,nan
linear_functional,same_dimension,32,32,32,2,random_gaussian,positive_sum_two,2.0,0.003787878787878788,0.12121212121212122,softmax,16384,16384,1.0,4256,0.1,0.25988571013255546,0.6414655168274579,0.18441410981773668,0.07547160031481878,0.007504416961786444,0.0
linear_functional,same_dimension,32,32,32,2,random_gaussian,positive_sum_two,2.0,0.003787878787878788,0.12121212121212122,linear_attention,8448,16384,0.515625,2176,nan,0.26465968603916945,0.6532489308547086,0.18441410981773668,nan,nan,nan
linear_functional,same_dimension,32,32,32,2,random_gaussian,positive_sum_two,2.0,0.003787878787878788,0.12121212121212122,least_squares,16384,16384,1.0,4096,nan,1.3633161474772279e-15,3.365018787276327e-15,0.18441410981773668,nan,nan,nan
linear_functional,equal_state_budget,32,32,32,2,random_gaussian,positive_sum_two,2.0,0.003787878787878788,0.12121212121212122,csm,16384,16384,1.0,4096,nan,7.301915524611739e-10,1.8023026404323872e-09,0.18441410981773668,nan,nan,nan
linear_functional,equal_state_budget,32,32,32,2,random_gaussian,positive_sum_two,2.0,0.003787878787878788,0.12121212121212122,hebbian,8192,16384,0.5,2048,nan,0.34539281911364456,0.852519298226211,0.18441410981773668,nan,nan,nan
linear_functional,equal_state_budget,32,32,32,2,random_gaussian,positive_sum_two,2.0,0.003787878787878788,0.12121212121212122,softmax,16384,16384,1.0,4256,0.1,0.25988571013255546,0.6414655168274579,0.18441410981773668,0.07547160031481878,0.007504416961786444,0.0
linear_functional,equal_state_budget,32,32,32,2,random_gaussian,positive_sum_two,2.0,0.003787878787878788,0.12121212121212122,linear_attention,8448,16384,0.515625,2176,nan,0.26465968603916945,0.6532489308547086,0.18441410981773668,nan,nan,nan
linear_functional,equal_state_budget,32,32,32,2,random_gaussian,positive_sum_two,2.0,0.003787878787878788,0.12121212121212122,least_squares,16384,16384,1.0,4096,nan,1.3633161474772279e-15,3.365018787276327e-15,0.18441410981773668,nan,nan,nan
linear_functional,same_dimension,32,32,32,2,random_gaussian,mixed_nonunit,1.5,-1.5,2.0,csm,16384,16384,1.0,4096,nan,3.800014978776858e-09,1.4492688483346471e-09,1.9685019685029528,nan,nan,nan
linear_functional,same_dimension,32,32,32,2,random_gaussian,mixed_nonunit,1.5,-1.5,2.0,hebbian,8192,16384,0.5,2048,nan,2.5733018879002714,0.9814188323791855,1.9685019685029528,nan,nan,nan
linear_functional,same_dimension,32,32,32,2,random_gaussian,mixed_nonunit,1.5,-1.5,2.0,softmax,16384,16384,1.0,4256,1e-08,1.9685019685029528,0.7507571935295483,1.9685019685029528,0.0,0.0,0.0
linear_functional,same_dimension,32,32,32,2,random_gaussian,mixed_nonunit,1.5,-1.5,2.0,linear_attention,8448,16384,0.515625,2176,nan,2.6077904416392257,0.9945722506780972,1.9685019685029528,nan,nan,nan
linear_functional,same_dimension,32,32,32,2,random_gaussian,mixed_nonunit,1.5,-1.5,2.0,least_squares,16384,16384,1.0,4096,nan,7.434429612196421e-15,2.8353802030435617e-15,1.9685019685029528,nan,nan,nan
linear_functional,equal_state_budget,32,32,32,2,random_gaussian,mixed_nonunit,1.5,-1.5,2.0,csm,16384,16384,1.0,4096,nan,3.800014978776858e-09,1.4492688483346471e-09,1.9685019685029528,nan,nan,nan
linear_functional,equal_state_budget,32,32,32,2,random_gaussian,mixed_nonunit,1.5,-1.5,2.0,hebbian,8192,16384,0.5,2048,nan,2.5733018879002714,0.9814188323791855,1.9685019685029528,nan,nan,nan
linear_functional,equal_state_budget,32,32,32,2,random_gaussian,mixed_nonunit,1.5,-1.5,2.0,softmax,16384,16384,1.0,4256,1e-08,1.9685019685029528,0.7507571935295483,1.9685019685029528,0.0,0.0,0.0
linear_functional,equal_state_budget,32,32,32,2,random_gaussian,mixed_nonunit,1.5,-1.5,2.0,linear_attention,8448,16384,0.515625,2176,nan,2.6077904416392257,0.9945722506780972,1.9685019685029528,nan,nan,nan
linear_functional,equal_state_budget,32,32,32,2,random_gaussian,mixed_nonunit,1.5,-1.5,2.0,least_squares,16384,16384,1.0,4096,nan,7.434429612196421e-15,2.8353802030435617e-15,1.9685019685029528,nan,nan,nan
linear_functional,same_dimension,32,32,32,2,correlated,positive_simplex,1.0,0.001893939393939394,0.06060606060606061,csm,16384,16384,1.0,4096,nan,1.0038063964639485e-07,4.955310459925081e-07,0.0,nan,nan,nan
linear_functional,same_dimension,32,32,32,2,correlated,positive_simplex,1.0,0.001893939393939394,0.06060606060606061,hebbian,8192,16384,0.5,2048,nan,4.9591075912347,24.4807343381197,0.0,nan,nan,nan
linear_functional,same_dimension,32,32,32,2,correlated,positive_simplex,1.0,0.001893939393939394,0.06060606060606061,softmax,16384,16384,1.0,4256,0.1,0.09663355130298625,0.47703346904164945,0.0,0.09663355130298625,0.024009403389197867,2.220446049250313e-16
linear_functional,same_dimension,32,32,32,2,correlated,positive_simplex,1.0,0.001893939393939394,0.06060606060606061,linear_attention,8448,16384,0.515625,2176,nan,0.09896700677240727,0.48855261888580637,0.0,nan,nan,nan
linear_functional,same_dimension,32,32,32,2,correlated,positive_simplex,1.0,0.001893939393939394,0.06060606060606061,least_squares,16384,16384,1.0,4096,nan,1.1925195331100958e-13,5.886896653479995e-13,0.0,nan,nan,nan
linear_functional,equal_state_budget,32,32,32,2,correlated,positive_simplex,1.0,0.001893939393939394,0.06060606060606061,csm,16384,16384,1.0,4096,nan,1.0038063964639485e-07,4.955310459925081e-07,0.0,nan,nan,nan
linear_functional,equal_state_budget,32,32,32,2,correlated,positive_simplex,1.0,0.001893939393939394,0.06060606060606061,hebbian,8192,16384,0.5,2048,nan,4.9591075912347,24.4807343381197,0.0,nan,nan,nan
linear_functional,equal_state_budget,32,32,32,2,correlated,positive_simplex,1.0,0.001893939393939394,0.06060606060606061,softmax,16384,16384,1.0,4256,0.1,0.09663355130298625,0.47703346904164945,0.0,0.09663355130298625,0.024009403389197867,2.220446049250313e-16
linear_functional,equal_state_budget,32,32,32,2,correlated,positive_simplex,1.0,0.001893939393939394,0.06060606060606061,linear_attention,8448,16384,0.515625,2176,nan,0.09896700677240727,0.48855261888580637,0.0,nan,nan,nan
linear_functional,equal_state_budget,32,32,32,2,correlated,positive_simplex,1.0,0.001893939393939394,0.06060606060606061,least_squares,16384,16384,1.0,4096,nan,1.1925195331100958e-13,5.886896653479995e-13,0.0,nan,nan,nan
linear_functional,same_dimension,32,32,32,2,correlated,negative_coefficients,0.3999999910593033,-0.6000000238418579,0.800000011920929,csm,16384,16384,1.0,4096,nan,3.8929752630597254e-07,3.5537838662124395e-07,0.6480740955929359,nan,nan,nan
linear_functional,same_dimension,32,32,32,2,correlated,negative_coefficients,0.3999999910593033,-0.6000000238418579,0.800000011920929,hebbian,8192,16384,0.5,2048,nan,2.1376450396841613,1.9513939700063474,0.6480740955929359,nan,nan,nan
linear_functional,same_dimension,32,32,32,2,correlated,negative_coefficients,0.3999999910593033,-0.6000000238418579,0.800000011920929,softmax,16384,16384,1.0,4256,0.01,0.7635677704558788,0.6970388045243211,0.6480740955929359,0.11549367486294282,2.7557013589167812e-06,0.0
linear_functional,same_dimension,32,32,32,2,correlated,negative_coefficients,0.3999999910593033,-0.6000000238418579,0.800000011920929,linear_attention,8448,16384,0.515625,2176,nan,1.0982451959280115,1.0025560900602128,0.6480740955929359,nan,nan,nan
linear_functional,same_dimension,32,32,32,2,correlated,negative_coefficients,0.3999999910593033,-0.6000000238418579,0.800000011920929,least_squares,16384,16384,1.0,4096,nan,1.1242170974939873e-13,1.0262650834452567e-13,0.6480740955929359,nan,nan,nan
linear_functional,equal_state_budget,32,32,32,2,correlated,negative_coefficients,0.3999999910593033,-0.6000000238418579,0.800000011920929,csm,16384,16384,1.0,4096,nan,3.8929752630597254e-07,3.5537838662124395e-07,0.6480740955929359,nan,nan,nan
linear_functional,equal_state_budget,32,32,32,2,correlated,negative_coefficients,0.3999999910593033,-0.6000000238418579,0.800000011920929,hebbian,8192,16384,0.5,2048,nan,2.1376450396841613,1.9513939700063474,0.6480740955929359,nan,nan,nan
linear_functional,equal_state_budget,32,32,32,2,correlated,negative_coefficients,0.3999999910593033,-0.6000000238418579,0.800000011920929,softmax,16384,16384,1.0,4256,0.01,0.7635677704558788,0.6970388045243211,0.6480740955929359,0.11549367486294282,2.7557013589167812e-06,0.0
linear_functional,equal_state_budget,32,32,32,2,correlated,negative_coefficients,0.3999999910593033,-0.6000000238418579,0.800000011920929,linear_attention,8448,16384,0.515625,2176,nan,1.0982451959280115,1.0025560900602128,0.6480740955929359,nan,nan,nan
linear_functional,equal_state_budget,32,32,32,2,correlated,negative_coefficients,0.3999999910593033,-0.6000000238418579,0.800000011920929,least_squares,16384,16384,1.0,4096,nan,1.1242170974939873e-13,1.0262650834452567e-13,0.6480740955929359,nan,nan,nan
linear_functional,same_dimension,32,32,32,2,correlated,coefficient_gt_one,1.75,0.0,1.5,csm,16384,16384,1.0,4096,nan,1.0809054187356763e-07,7.107990248520735e-08,0.5590169943749475,nan,nan,nan
linear_functional,same_dimension,32,32,32,2,correlated,coefficient_gt_one,1.75,0.0,1.5,hebbian,8192,16384,0.5,2048,nan,8.606013149348863,5.6592793859581665,0.5590169943749475,nan,nan,nan
linear_functional,same_dimension,32,32,32,2,correlated,coefficient_gt_one,1.75,0.0,1.5,softmax,16384,16384,1.0,4256,1e-08,0.5590169943749475,0.3676073110469039,0.5590169943749475,0.0,0.0,0.0
linear_functional,same_dimension,32,32,32,2,correlated,coefficient_gt_one,1.75,0.0,1.5,linear_attention,8448,16384,0.515625,2176,nan,1.4946458533369769,0.9828730586750023,0.5590169943749475,nan,nan,nan
linear_functional,same_dimension,32,32,32,2,correlated,coefficient_gt_one,1.75,0.0,1.5,least_squares,16384,16384,1.0,4096,nan,2.204640330725485e-13,1.449762550975271e-13,0.5590169943749475,nan,nan,nan
linear_functional,equal_state_budget,32,32,32,2,correlated,coefficient_gt_one,1.75,0.0,1.5,csm,16384,16384,1.0,4096,nan,1.0809054187356763e-07,7.107990248520735e-08,0.5590169943749475,nan,nan,nan
linear_functional,equal_state_budget,32,32,32,2,correlated,coefficient_gt_one,1.75,0.0,1.5,hebbian,8192,16384,0.5,2048,nan,8.606013149348863,5.6592793859581665,0.5590169943749475,nan,nan,nan
linear_functional,equal_state_budget,32,32,32,2,correlated,coefficient_gt_one,1.75,0.0,1.5,softmax,16384,16384,1.0,4256,1e-08,0.5590169943749475,0.3676073110469039,0.5590169943749475,0.0,0.0,0.0
linear_functional,equal_state_budget,32,32,32,2,correlated,coefficient_gt_one,1.75,0.0,1.5,linear_attention,8448,16384,0.515625,2176,nan,1.4946458533369769,0.9828730586750023,0.5590169943749475,nan,nan,nan
linear_functional,equal_state_budget,32,32,32,2,correlated,coefficient_gt_one,1.75,0.0,1.5,least_squares,16384,16384,1.0,4096,nan,2.204640330725485e-13,1.449762550975271e-13,0.5590169943749475,nan,nan,nan
linear_functional,same_dimension,32,32,32,2,correlated,positive_sum_two,2.0,0.003787878787878788,0.12121212121212122,csm,16384,16384,1.0,4096,nan,2.007612792927897e-07,4.955310459925081e-07,0.18441410981773668,nan,nan,nan
linear_functional,same_dimension,32,32,32,2,correlated,positive_sum_two,2.0,0.003787878787878788,0.12121212121212122,hebbian,8192,16384,0.5,2048,nan,9.9182151824694,24.4807343381197,0.18441410981773668,nan,nan,nan
linear_functional,same_dimension,32,32,32,2,correlated,positive_sum_two,2.0,0.003787878787878788,0.12121212121212122,softmax,16384,16384,1.0,4256,0.1,0.26229302042015523,0.6474073846470145,0.18441410981773668,0.07787891060241856,0.01820809218427173,0.0
linear_functional,same_dimension,32,32,32,2,correlated,positive_sum_two,2.0,0.003787878787878788,0.12121212121212122,linear_attention,8448,16384,0.515625,2176,nan,0.26533033325950733,0.6549042625987415,0.18441410981773668,nan,nan,nan
linear_functional,same_dimension,32,32,32,2,correlated,positive_sum_two,2.0,0.003787878787878788,0.12121212121212122,least_squares,16384,16384,1.0,4096,nan,2.3850390662201916e-13,5.886896653479995e-13,0.18441410981773668,nan,nan,nan
linear_functional,equal_state_budget,32,32,32,2,correlated,positive_sum_two,2.0,0.003787878787878788,0.12121212121212122,csm,16384,16384,1.0,4096,nan,2.007612792927897e-07,4.955310459925081e-07,0.18441410981773668,nan,nan,nan
linear_functional,equal_state_budget,32,32,32,2,correlated,positive_sum_two,2.0,0.003787878787878788,0.12121212121212122,hebbian,8192,16384,0.5,2048,nan,9.9182151824694,24.4807343381197,0.18441410981773668,nan,nan,nan
linear_functional,equal_state_budget,32,32,32,2,correlated,positive_sum_two,2.0,0.003787878787878788,0.12121212121212122,softmax,16384,16384,1.0,4256,0.1,0.26229302042015523,0.6474073846470145,0.18441410981773668,0.07787891060241856,0.01820809218427173,0.0
linear_functional,equal_state_budget,32,32,32,2,correlated,positive_sum_two,2.0,0.003787878787878788,0.12121212121212122,linear_attention,8448,16384,0.515625,2176,nan,0.26533033325950733,0.6549042625987415,0.18441410981773668,nan,nan,nan
linear_functional,equal_state_budget,32,32,32,2,correlated,positive_sum_two,2.0,0.003787878787878788,0.12121212121212122,least_squares,16384,16384,1.0,4096,nan,2.3850390662201916e-13,5.886896653479995e-13,0.18441410981773668,nan,nan,nan
linear_functional,same_dimension,32,32,32,2,correlated,mixed_nonunit,1.5,-1.5,2.0,csm,16384,16384,1.0,4096,nan,9.514315952706729e-07,3.6286177292673613e-07,1.9685019685029528,nan,nan,nan
linear_functional,same_dimension,32,32,32,2,correlated,mixed_nonunit,1.5,-1.5,2.0,hebbian,8192,16384,0.5,2048,nan,7.518018349290069,2.8672596965239934,1.9685019685029528,nan,nan,nan
linear_functional,same_dimension,32,32,32,2,correlated,mixed_nonunit,1.5,-1.5,2.0,softmax,16384,16384,1.0,4256,1e-08,1.9685019685029528,0.7507571935295483,1.9685019685029528,0.0,0.0,0.0
linear_functional,same_dimension,32,32,32,2,correlated,mixed_nonunit,1.5,-1.5,2.0,linear_attention,8448,16384,0.515625,2176,nan,2.6099963109773836,0.9954135362343761,1.9685019685029528,nan,nan,nan
linear_functional,same_dimension,32,32,32,2,correlated,mixed_nonunit,1.5,-1.5,2.0,least_squares,16384,16384,1.0,4096,nan,6.632095854321963e-13,2.529382114154711e-13,1.9685019685029528,nan,nan,nan
linear_functional,equal_state_budget,32,32,32,2,correlated,mixed_nonunit,1.5,-1.5,2.0,csm,16384,16384,1.0,4096,nan,9.514315952706729e-07,3.6286177292673613e-07,1.9685019685029528,nan,nan,nan
linear_functional,equal_state_budget,32,32,32,2,correlated,mixed_nonunit,1.5,-1.5,2.0,hebbian,8192,16384,0.5,2048,nan,7.518018349290069,2.8672596965239934,1.9685019685029528,nan,nan,nan
linear_functional,equal_state_budget,32,32,32,2,correlated,mixed_nonunit,1.5,-1.5,2.0,softmax,16384,16384,1.0,4256,1e-08,1.9685019685029528,0.7507571935295483,1.9685019685029528,0.0,0.0,0.0
linear_functional,equal_state_budget,32,32,32,2,correlated,mixed_nonunit,1.5,-1.5,2.0,linear_attention,8448,16384,0.515625,2176,nan,2.6099963109773836,0.9954135362343761,1.9685019685029528,nan,nan,nan
linear_functional,equal_state_budget,32,32,32,2,correlated,mixed_nonunit,1.5,-1.5,2.0,least_squares,16384,16384,1.0,4096,nan,6.632095854321963e-13,2.529382114154711e-13,1.9685019685029528,nan,nan,nan
linear_functional,same_dimension,64,64,64,0,random_gaussian,positive_simplex,1.0,0.0004807692307692308,0.03076923076923077,csm,65536,65536,1.0,16384,nan,0.0002457024655944965,0.0017088618497536337,2.7755575615628914e-17,nan,nan,nan
linear_functional,same_dimension,64,64,64,0,random_gaussian,positive_simplex,1.0,0.0004807692307692308,0.03076923076923077,hebbian,32768,65536,0.5,8192,nan,0.14051719093756326,0.9772977501334746,2.7755575615628914e-17,nan,nan,nan
linear_functional,same_dimension,64,64,64,0,random_gaussian,positive_simplex,1.0,0.0004807692307692308,0.03076923076923077,softmax,65536,65536,1.0,16704,0.1,0.06548738342358038,0.4554650719599928,2.7755575615628914e-17,0.06548738342358035,0.009632157023547283,0.0
linear_functional,same_dimension,64,64,64,0,random_gaussian,positive_simplex,1.0,0.0004807692307692308,0.03076923076923077,linear_attention,33280,65536,0.5078125,8448,nan,0.07087986441016896,0.49296980359224013,2.7755575615628914e-17,nan,nan,nan
linear_functional,same_dimension,64,64,64,0,random_gaussian,positive_simplex,1.0,0.0004807692307692308,0.03076923076923077,least_squares,65536,65536,1.0,16384,nan,1.1200934073002232e-12,7.790255125298114e-12,2.7755575615628914e-17,nan,nan,nan
linear_functional,equal_state_budget,64,64,64,0,random_gaussian,positive_simplex,1.0,0.0004807692307692308,0.03076923076923077,csm,65536,65536,1.0,16384,nan,0.0002457024655944965,0.0017088618497536337,2.7755575615628914e-17,nan,nan,nan
linear_functional,equal_state_budget,64,64,64,0,random_gaussian,positive_simplex,1.0,0.0004807692307692308,0.03076923076923077,hebbian,32768,65536,0.5,8192,nan,0.14051719093756326,0.9772977501334746,2.7755575615628914e-17,nan,nan,nan
linear_functional,equal_state_budget,64,64,64,0,random_gaussian,positive_simplex,1.0,0.0004807692307692308,0.03076923076923077,softmax,65536,65536,1.0,16704,0.1,0.06548738342358038,0.4554650719599928,2.7755575615628914e-17,0.06548738342358035,0.009632157023547283,0.0
linear_functional,equal_state_budget,64,64,64,0,random_gaussian,positive_simplex,1.0,0.0004807692307692308,0.03076923076923077,linear_attention,33280,65536,0.5078125,8448,nan,0.07087986441016896,0.49296980359224013,2.7755575615628914e-17,nan,nan,nan
linear_functional,equal_state_budget,64,64,64,0,random_gaussian,positive_simplex,1.0,0.0004807692307692308,0.03076923076923077,least_squares,65536,65536,1.0,16384,nan,1.1200934073002232e-12,7.790255125298114e-12,2.7755575615628914e-17,nan,nan,nan
linear_functional,same_dimension,64,64,64,0,random_gaussian,negative_coefficients,0.3999999910593033,-0.6000000238418579,0.800000011920929,csm,65536,65536,1.0,16384,nan,0.0017115726566527983,0.0015624448865062721,0.6480740955929359,nan,nan,nan
linear_functional,same_dimension,64,64,64,0,random_gaussian,negative_coefficients,0.3999999910593033,-0.6000000238418579,0.800000011920929,hebbian,32768,65536,0.5,8192,nan,1.0622532389540602,0.9697000795889544,0.6480740955929359,nan,nan,nan
linear_functional,same_dimension,64,64,64,0,random_gaussian,negative_coefficients,0.3999999910593033,-0.6000000238418579,0.800000011920929,softmax,65536,65536,1.0,16704,0.1,0.7131612849290909,0.6510241902735289,0.6480740955929359,0.06508718933615498,6.643867220909221e-06,0.0
linear_functional,same_dimension,64,64,64,0,random_gaussian,negative_coefficients,0.3999999910593033,-0.6000000238418579,0.800000011920929,linear_attention,33280,65536,0.5078125,8448,nan,1.0967314845395977,1.0011742669694546,0.6480740955929359,nan,nan,nan
linear_functional,same_dimension,64,64,64,0,random_gaussian,negative_coefficients,0.3999999910593033,-0.6000000238418579,0.800000011920929,least_squares,65536,65536,1.0,16384,nan,4.366693180395462e-12,3.986227171911829e-12,0.6480740955929359,nan,nan,nan
linear_functional,equal_state_budget,64,64,64,0,random_gaussian,negative_coefficients,0.3999999910593033,-0.6000000238418579,0.800000011920929,csm,65536,65536,1.0,16384,nan,0.0017115726566527983,0.0015624448865062721,0.6480740955929359,nan,nan,nan
linear_functional,equal_state_budget,64,64,64,0,random_gaussian,negative_coefficients,0.3999999910593033,-0.6000000238418579,0.800000011920929,hebbian,32768,65536,0.5,8192,nan,1.0622532389540602,0.9697000795889544,0.6480740955929359,nan,nan,nan
linear_functional,equal_state_budget,64,64,64,0,random_gaussian,negative_coefficients,0.3999999910593033,-0.6000000238418579,0.800000011920929,softmax,65536,65536,1.0,16704,0.1,0.7131612849290909,0.6510241902735289,0.6480740955929359,0.06508718933615498,6.643867220909221e-06,0.0
linear_functional,equal_state_budget,64,64,64,0,random_gaussian,negative_coefficients,0.3999999910593033,-0.6000000238418579,0.800000011920929,linear_attention,33280,65536,0.5078125,8448,nan,1.0967314845395977,1.0011742669694546,0.6480740955929359,nan,nan,nan
linear_functional,equal_state_budget,64,64,64,0,random_gaussian,negative_coefficients,0.3999999910593033,-0.6000000238418579,0.800000011920929,least_squares,65536,65536,1.0,16384,nan,4.366693180395462e-12,3.986227171911829e-12,0.6480740955929359,nan,nan,nan
linear_functional,same_dimension,64,64,64,0,random_gaussian,coefficient_gt_one,1.75,0.0,1.5,csm,65536,65536,1.0,16384,nan,0.0017164686259914283,0.0011287428154176356,0.5590169943749475,nan,nan,nan
linear_functional,same_dimension,64,64,64,0,random_gaussian,coefficient_gt_one,1.75,0.0,1.5,hebbian,32768,65536,0.5,8192,nan,1.7068862467368142,1.1224414816358979,0.5590169943749475,nan,nan,nan
linear_functional,same_dimension,64,64,64,0,random_gaussian,coefficient_gt_one,1.75,0.0,1.5,softmax,65536,65536,1.0,16704,1e-08,0.5590169943749475,0.3676073110469039,0.5590169943749475,0.0,0.0,0.0
linear_functional,same_dimension,64,64,64,0,random_gaussian,coefficient_gt_one,1.75,0.0,1.5,linear_attention,33280,65536,0.5078125,8448,nan,1.5076351386744522,0.9914147600962074,0.5590169943749475,nan,nan,nan
linear_functional,same_dimension,64,64,64,0,random_gaussian,coefficient_gt_one,1.75,0.0,1.5,least_squares,65536,65536,1.0,16384,nan,8.62142274484132e-13,5.669412673533148e-13,0.5590169943749475,nan,nan,nan
linear_functional,equal_state_budget,64,64,64,0,random_gaussian,coefficient_gt_one,1.75,0.0,1.5,csm,65536,65536,1.0,16384,nan,0.0017164686259914283,0.0011287428154176356,0.5590169943749475,nan,nan,nan
linear_functional,equal_state_budget,64,64,64,0,random_gaussian,coefficient_gt_one,1.75,0.0,1.5,hebbian,32768,65536,0.5,8192,nan,1.7068862467368142,1.1224414816358979,0.5590169943749475,nan,nan,nan
linear_functional,equal_state_budget,64,64,64,0,random_gaussian,coefficient_gt_one,1.75,0.0,1.5,softmax,65536,65536,1.0,16704,1e-08,0.5590169943749475,0.3676073110469039,0.5590169943749475,0.0,0.0,0.0
linear_functional,equal_state_budget,64,64,64,0,random_gaussian,coefficient_gt_one,1.75,0.0,1.5,linear_attention,33280,65536,0.5078125,8448,nan,1.5076351386744522,0.9914147600962074,0.5590169943749475,nan,nan,nan
linear_functional,equal_state_budget,64,64,64,0,random_gaussian,coefficient_gt_one,1.75,0.0,1.5,least_squares,65536,65536,1.0,16384,nan,8.62142274484132e-13,5.669412673533148e-13,0.5590169943749475,nan,nan,nan
linear_functional,same_dimension,64,64,64,0,random_gaussian,positive_sum_two,2.0,0.0009615384615384616,0.06153846153846154,csm,65536,65536,1.0,16384,nan,0.000491404931188993,0.0017088618497536337,0.13087362729884347,nan,nan,nan
linear_functional,same_dimension,64,64,64,0,random_gaussian,positive_sum_two,2.0,0.0009615384615384616,0.06153846153846154,hebbian,32768,65536,0.5,8192,nan,0.2810343818751265,0.9772977501334746,0.13087362729884347,nan,nan,nan
linear_functional,same_dimension,64,64,64,0,random_gaussian,positive_sum_two,2.0,0.0009615384615384616,0.06153846153846154,softmax,65536,65536,1.0,16704,0.1,0.18175623579784594,0.6320577544027741,0.13087362729884347,0.050882608499002474,0.005742285442570922,0.0
linear_functional,same_dimension,64,64,64,0,random_gaussian,positive_sum_two,2.0,0.0009615384615384616,0.06153846153846154,linear_attention,33280,65536,0.5078125,8448,nan,0.18910705949435785,0.6576202617810386,0.13087362729884347,nan,nan,nan
linear_functional,same_dimension,64,64,64,0,random_gaussian,positive_sum_two,2.0,0.0009615384615384616,0.06153846153846154,least_squares,65536,65536,1.0,16384,nan,2.2401868146004464e-12,7.790255125298114e-12,0.13087362729884347,nan,nan,nan
linear_functional,equal_state_budget,64,64,64,0,random_gaussian,positive_sum_two,2.0,0.0009615384615384616,0.06153846153846154,csm,65536,65536,1.0,16384,nan,0.000491404931188993,0.0017088618497536337,0.13087362729884347,nan,nan,nan
linear_functional,equal_state_budget,64,64,64,0,random_gaussian,positive_sum_two,2.0,0.0009615384615384616,0.06153846153846154,hebbian,32768,65536,0.5,8192,nan,0.2810343818751265,0.9772977501334746,0.13087362729884347,nan,nan,nan
linear_functional,equal_state_budget,64,64,64,0,random_gaussian,positive_sum_two,2.0,0.0009615384615384616,0.06153846153846154,softmax,65536,65536,1.0,16704,0.1,0.18175623579784594,0.6320577544027741,0.13087362729884347,0.050882608499002474,0.005742285442570922,0.0
linear_functional,equal_state_budget,64,64,64,0,random_gaussian,positive_sum_two,2.0,0.0009615384615384616,0.06153846153846154,linear_attention,33280,65536,0.5078125,8448,nan,0.18910705949435785,0.6576202617810386,0.13087362729884347,nan,nan,nan
linear_functional,equal_state_budget,64,64,64,0,random_gaussian,positive_sum_two,2.0,0.0009615384615384616,0.06153846153846154,least_squares,65536,65536,1.0,16384,nan,2.2401868146004464e-12,7.790255125298114e-12,0.13087362729884347,nan,nan,nan
linear_functional,same_dimension,64,64,64,0,random_gaussian,mixed_nonunit,1.5,-1.5,2.0,csm,65536,65536,1.0,16384,nan,0.0048208875211076295,0.0018386143593348183,1.9685019685029528,nan,nan,nan
linear_functional,same_dimension,64,64,64,0,random_gaussian,mixed_nonunit,1.5,-1.5,2.0,hebbian,32768,65536,0.5,8192,nan,2.287499849266776,0.8724182116723209,1.9685019685029528,nan,nan,nan
linear_functional,same_dimension,64,64,64,0,random_gaussian,mixed_nonunit,1.5,-1.5,2.0,softmax,65536,65536,1.0,16704,1e-08,1.9685019685029528,0.7507571935295483,1.9685019685029528,0.0,0.0,0.0
linear_functional,same_dimension,64,64,64,0,random_gaussian,mixed_nonunit,1.5,-1.5,2.0,linear_attention,33280,65536,0.5078125,8448,nan,2.6156310720474063,0.9975625497862178,1.9685019685029528,nan,nan,nan
linear_functional,same_dimension,64,64,64,0,random_gaussian,mixed_nonunit,1.5,-1.5,2.0,least_squares,65536,65536,1.0,16384,nan,6.58489853545983e-12,2.5113817630156154e-12,1.9685019685029528,nan,nan,nan
linear_functional,equal_state_budget,64,64,64,0,random_gaussian,mixed_nonunit,1.5,-1.5,2.0,csm,65536,65536,1.0,16384,nan,0.0048208875211076295,0.0018386143593348183,1.9685019685029528,nan,nan,nan
linear_functional,equal_state_budget,64,64,64,0,random_gaussian,mixed_nonunit,1.5,-1.5,2.0,hebbian,32768,65536,0.5,8192,nan,2.287499849266776,0.8724182116723209,1.9685019685029528,nan,nan,nan
linear_functional,equal_state_budget,64,64,64,0,random_gaussian,mixed_nonunit,1.5,-1.5,2.0,softmax,65536,65536,1.0,16704,1e-08,1.9685019685029528,0.7507571935295483,1.9685019685029528,0.0,0.0,0.0
linear_functional,equal_state_budget,64,64,64,0,random_gaussian,mixed_nonunit,1.5,-1.5,2.0,linear_attention,33280,65536,0.5078125,8448,nan,2.6156310720474063,0.9975625497862178,1.9685019685029528,nan,nan,nan
linear_functional,equal_state_budget,64,64,64,0,random_gaussian,mixed_nonunit,1.5,-1.5,2.0,least_squares,65536,65536,1.0,16384,nan,6.58489853545983e-12,2.5113817630156154e-12,1.9685019685029528,nan,nan,nan
linear_functional,same_dimension,64,64,64,0,correlated,positive_simplex,1.0,0.0004807692307692308,0.03076923076923077,csm,65536,65536,1.0,16384,nan,2.7942887085087534e-07,1.943429163241949e-06,2.7755575615628914e-17,nan,nan,nan
linear_functional,same_dimension,64,64,64,0,correlated,positive_simplex,1.0,0.0004807692307692308,0.03076923076923077,hebbian,32768,65536,0.5,8192,nan,7.107024310542587,49.42938883487494,2.7755575615628914e-17,nan,nan,nan
linear_functional,same_dimension,64,64,64,0,correlated,positive_simplex,1.0,0.0004807692307692308,0.03076923076923077,softmax,65536,65536,1.0,16704,0.1,0.07014574114352501,0.4878639726826928,2.7755575615628914e-17,0.07014574114352498,0.011535980419555968,0.0
linear_functional,same_dimension,64,64,64,0,correlated,positive_simplex,1.0,0.0004807692307692308,0.03076923076923077,linear_attention,33280,65536,0.5078125,8448,nan,0.07111930766864487,0.494635132625875,2.7755575615628914e-17,nan,nan,nan
linear_functional,same_dimension,64,64,64,0,correlated,positive_simplex,1.0,0.0004807692307692308,0.03076923076923077,least_squares,65536,65536,1.0,16384,nan,1.8236752586383411e-13,1.2683670342038507e-12,2.7755575615628914e-17,nan,nan,nan
linear_functional,equal_state_budget,64,64,64,0,correlated,positive_simplex,1.0,0.0004807692307692308,0.03076923076923077,csm,65536,65536,1.0,16384,nan,2.7942887085087534e-07,1.943429163241949e-06,2.7755575615628914e-17,nan,nan,nan
linear_functional,equal_state_budget,64,64,64,0,correlated,positive_simplex,1.0,0.0004807692307692308,0.03076923076923077,hebbian,32768,65536,0.5,8192,nan,7.107024310542587,49.42938883487494,2.7755575615628914e-17,nan,nan,nan
linear_functional,equal_state_budget,64,64,64,0,correlated,positive_simplex,1.0,0.0004807692307692308,0.03076923076923077,softmax,65536,65536,1.0,16704,0.1,0.07014574114352501,0.4878639726826928,2.7755575615628914e-17,0.07014574114352498,0.011535980419555968,0.0
linear_functional,equal_state_budget,64,64,64,0,correlated,positive_simplex,1.0,0.0004807692307692308,0.03076923076923077,linear_attention,33280,65536,0.5078125,8448,nan,0.07111930766864487,0.494635132625875,2.7755575615628914e-17,nan,nan,nan
linear_functional,equal_state_budget,64,64,64,0,correlated,positive_simplex,1.0,0.0004807692307692308,0.03076923076923077,least_squares,65536,65536,1.0,16384,nan,1.8236752586383411e-13,1.2683670342038507e-12,2.7755575615628914e-17,nan,nan,nan
linear_functional,same_dimension,64,64,64,0,correlated,negative_coefficients,0.3999999910593033,-0.6000000238418579,0.800000011920929,csm,65536,65536,1.0,16384,nan,3.2629045480901198e-06,2.978610640048128e-06,0.6480740955929359,nan,nan,nan
linear_functional,same_dimension,64,64,64,0,correlated,negative_coefficients,0.3999999910593033,-0.6000000238418579,0.800000011920929,hebbian,32768,65536,0.5,8192,nan,3.022167893380186,2.758849151288575,0.6480740955929359,nan,nan,nan
linear_functional,same_dimension,64,64,64,0,correlated,negative_coefficients,0.3999999910593033,-0.6000000238418579,0.800000011920929,softmax,65536,65536,1.0,16704,0.01,0.7470604667085394,0.6819697671511281,0.6480740955929359,0.09898637111560349,9.074273650084042e-07,2.220446049250313e-16
linear_functional,same_dimension,64,64,64,0,correlated,negative_coefficients,0.3999999910593033,-0.6000000238418579,0.800000011920929,linear_attention,33280,65536,0.5078125,8448,nan,1.0969304722495037,1.0013559170610307,0.6480740955929359,nan,nan,nan
linear_functional,same_dimension,64,64,64,0,correlated,negative_coefficients,0.3999999910593033,-0.6000000238418579,0.800000011920929,least_squares,65536,65536,1.0,16384,nan,3.2186503055005148e-12,2.938212229398382e-12,0.6480740955929359,nan,nan,nan
linear_functional,equal_state_budget,64,64,64,0,correlated,negative_coefficients,0.3999999910593033,-0.6000000238418579,0.800000011920929,csm,65536,65536,1.0,16384,nan,3.2629045480901198e-06,2.978610640048128e-06,0.6480740955929359,nan,nan,nan
linear_functional,equal_state_budget,64,64,64,0,correlated,negative_coefficients,0.3999999910593033,-0.6000000238418579,0.800000011920929,hebbian,32768,65536,0.5,8192,nan,3.022167893380186,2.758849151288575,0.6480740955929359,nan,nan,nan
linear_functional,equal_state_budget,64,64,64,0,correlated,negative_coefficients,0.3999999910593033,-0.6000000238418579,0.800000011920929,softmax,65536,65536,1.0,16704,0.01,0.7470604667085394,0.6819697671511281,0.6480740955929359,0.09898637111560349,9.074273650084042e-07,2.220446049250313e-16
linear_functional,equal_state_budget,64,64,64,0,correlated,negative_coefficients,0.3999999910593033,-0.6000000238418579,0.800000011920929,linear_attention,33280,65536,0.5078125,8448,nan,1.0969304722495037,1.0013559170610307,0.6480740955929359,nan,nan,nan
linear_functional,equal_state_budget,64,64,64,0,correlated,negative_coefficients,0.3999999910593033,-0.6000000238418579,0.800000011920929,least_squares,65536,65536,1.0,16384,nan,3.2186503055005148e-12,2.938212229398382e-12,0.6480740955929359,nan,nan,nan
linear_functional,same_dimension,64,64,64,0,correlated,coefficient_gt_one,1.75,0.0,1.5,csm,65536,65536,1.0,16384,nan,2.827986401640384e-06,1.8596724021720021e-06,0.5590169943749475,nan,nan,nan
linear_functional,same_dimension,64,64,64,0,correlated,coefficient_gt_one,1.75,0.0,1.5,hebbian,32768,65536,0.5,8192,nan,12.553081582789172,8.254855599088286,0.5590169943749475,nan,nan,nan
linear_functional,same_dimension,64,64,64,0,correlated,coefficient_gt_one,1.75,0.0,1.5,softmax,65536,65536,1.0,16704,1e-08,0.5590169943749475,0.3676073110469039,0.5590169943749475,0.0,0.0,0.0
linear_functional,same_dimension,64,64,64,0,correlated,coefficient_gt_one,1.75,0.0,1.5,linear_attention,33280,65536,0.5078125,8448,nan,1.5078342896506818,0.9915457209714595,0.5590169943749475,nan,nan,nan
linear_functional,same_dimension,64,64,64,0,correlated,coefficient_gt_one,1.75,0.0,1.5,least_squares,65536,65536,1.0,16384,nan,5.263524788944474e-12,3.461272579836464e-12,0.5590169943749475,nan,nan,nan
linear_functional,equal_state_budget,64,64,64,0,correlated,coefficient_gt_one,1.75,0.0,1.5,csm,65536,65536,1.0,16384,nan,2.827986401640384e-06,1.8596724021720021e-06,0.5590169943749475,nan,nan,nan
linear_functional,equal_state_budget,64,64,64,0,correlated,coefficient_gt_one,1.75,0.0,1.5,hebbian,32768,65536,0.5,8192,nan,12.553081582789172,8.254855599088286,0.5590169943749475,nan,nan,nan
linear_functional,equal_state_budget,64,64,64,0,correlated,coefficient_gt_one,1.75,0.0,1.5,softmax,65536,65536,1.0,16704,1e-08,0.5590169943749475,0.3676073110469039,0.5590169943749475,0.0,0.0,0.0
linear_functional,equal_state_budget,64,64,64,0,correlated,coefficient_gt_one,1.75,0.0,1.5,linear_attention,33280,65536,0.5078125,8448,nan,1.5078342896506818,0.9915457209714595,0.5590169943749475,nan,nan,nan
linear_functional,equal_state_budget,64,64,64,0,correlated,coefficient_gt_one,1.75,0.0,1.5,least_squares,65536,65536,1.0,16384,nan,5.263524788944474e-12,3.461272579836464e-12,0.5590169943749475,nan,nan,nan
linear_functional,same_dimension,64,64,64,0,correlated,positive_sum_two,2.0,0.0009615384615384616,0.06153846153846154,csm,65536,65536,1.0,16384,nan,5.588577417017507e-07,1.943429163241949e-06,0.13087362729884347,nan,nan,nan
linear_functional,same_dimension,64,64,64,0,correlated,positive_sum_two,2.0,0.0009615384615384616,0.06153846153846154,hebbian,32768,65536,0.5,8192,nan,14.214048621085174,49.42938883487494,0.13087362729884347,nan,nan,nan
linear_functional,same_dimension,64,64,64,0,correlated,positive_sum_two,2.0,0.0009615384615384616,0.06153846153846154,softmax,65536,65536,1.0,16704,0.1,0.187999928423313,0.6537702107744121,0.13087362729884347,0.057126301124469536,0.008458818012919044,0.0
linear_functional,same_dimension,64,64,64,0,correlated,positive_sum_two,2.0,0.0009615384615384616,0.06153846153846154,linear_attention,33280,65536,0.5078125,8448,nan,0.18930632165850944,0.6583131964440956,0.13087362729884347,nan,nan,nan
linear_functional,same_dimension,64,64,64,0,correlated,positive_sum_two,2.0,0.0009615384615384616,0.06153846153846154,least_squares,65536,65536,1.0,16384,nan,3.6473505172766823e-13,1.2683670342038507e-12,0.13087362729884347,nan,nan,nan
linear_functional,equal_state_budget,64,64,64,0,correlated,positive_sum_two,2.0,0.0009615384615384616,0.06153846153846154,csm,65536,65536,1.0,16384,nan,5.588577417017507e-07,1.943429163241949e-06,0.13087362729884347,nan,nan,nan
linear_functional,equal_state_budget,64,64,64,0,correlated,positive_sum_two,2.0,0.0009615384615384616,0.06153846153846154,hebbian,32768,65536,0.5,8192,nan,14.214048621085174,49.42938883487494,0.13087362729884347,nan,nan,nan
linear_functional,equal_state_budget,64,64,64,0,correlated,positive_sum_two,2.0,0.0009615384615384616,0.06153846153846154,softmax,65536,65536,1.0,16704,0.1,0.187999928423313,0.6537702107744121,0.13087362729884347,0.057126301124469536,0.008458818012919044,0.0
linear_functional,equal_state_budget,64,64,64,0,correlated,positive_sum_two,2.0,0.0009615384615384616,0.06153846153846154,linear_attention,33280,65536,0.5078125,8448,nan,0.18930632165850944,0.6583131964440956,0.13087362729884347,nan,nan,nan
linear_functional,equal_state_budget,64,64,64,0,correlated,positive_sum_two,2.0,0.0009615384615384616,0.06153846153846154,least_squares,65536,65536,1.0,16384,nan,3.6473505172766823e-13,1.2683670342038507e-12,0.13087362729884347,nan,nan,nan
linear_functional,same_dimension,64,64,64,0,correlated,mixed_nonunit,1.5,-1.5,2.0,csm,65536,65536,1.0,16384,nan,9.964460115138947e-06,3.800295976725925e-06,1.9685019685029528,nan,nan,nan
linear_functional,same_dimension,64,64,64,0,correlated,mixed_nonunit,1.5,-1.5,2.0,hebbian,32768,65536,0.5,8192,nan,10.936014448859476,4.170832260974706,1.9685019685029528,nan,nan,nan
linear_functional,same_dimension,64,64,64,0,correlated,mixed_nonunit,1.5,-1.5,2.0,softmax,65536,65536,1.0,16704,1e-08,1.9685019685029528,0.7507571935295483,1.9685019685029528,0.0,0.0,0.0
linear_functional,same_dimension,64,64,64,0,correlated,mixed_nonunit,1.5,-1.5,2.0,linear_attention,33280,65536,0.5078125,8448,nan,2.616095261676859,0.9977395847646173,1.9685019685029528,nan,nan,nan
linear_functional,same_dimension,64,64,64,0,correlated,mixed_nonunit,1.5,-1.5,2.0,least_squares,65536,65536,1.0,16384,nan,5.498637486005564e-12,2.0970980538918958e-12,1.9685019685029528,nan,nan,nan
linear_functional,equal_state_budget,64,64,64,0,correlated,mixed_nonunit,1.5,-1.5,2.0,csm,65536,65536,1.0,16384,nan,9.964460115138947e-06,3.800295976725925e-06,1.9685019685029528,nan,nan,nan
linear_functional,equal_state_budget,64,64,64,0,correlated,mixed_nonunit,1.5,-1.5,2.0,hebbian,32768,65536,0.5,8192,nan,10.936014448859476,4.170832260974706,1.9685019685029528,nan,nan,nan
linear_functional,equal_state_budget,64,64,64,0,correlated,mixed_nonunit,1.5,-1.5,2.0,softmax,65536,65536,1.0,16704,1e-08,1.9685019685029528,0.7507571935295483,1.9685019685029528,0.0,0.0,0.0
linear_functional,equal_state_budget,64,64,64,0,correlated,mixed_nonunit,1.5,-1.5,2.0,linear_attention,33280,65536,0.5078125,8448,nan,2.616095261676859,0.9977395847646173,1.9685019685029528,nan,nan,nan
linear_functional,equal_state_budget,64,64,64,0,correlated,mixed_nonunit,1.5,-1.5,2.0,least_squares,65536,65536,1.0,16384,nan,5.498637486005564e-12,2.0970980538918958e-12,1.9685019685029528,nan,nan,nan
linear_functional,same_dimension,64,64,64,1,random_gaussian,positive_simplex,1.0,0.0004807692307692308,0.03076923076923077,csm,65536,65536,1.0,16384,nan,6.929924378628176e-09,4.819765794234912e-08,2.7755575615628914e-17,nan,nan,nan
linear_functional,same_dimension,64,64,64,1,random_gaussian,positive_simplex,1.0,0.0004807692307692308,0.03076923076923077,hebbian,32768,65536,0.5,8192,nan,0.1284248790541154,0.8931956618497932,2.7755575615628914e-17,nan,nan,nan
linear_functional,same_dimension,64,64,64,1,random_gaussian,positive_simplex,1.0,0.0004807692307692308,0.03076923076923077,softmax,65536,65536,1.0,16704,0.1,0.06470864990198404,0.45004897650909687,2.7755575615628914e-17,0.06470864990198401,0.01013735286563061,0.0
linear_functional,same_dimension,64,64,64,1,random_gaussian,positive_simplex,1.0,0.0004807692307692308,0.03076923076923077,linear_attention,33280,65536,0.5078125,8448,nan,0.07101595952442492,0.4939163457774281,2.7755575615628914e-17,nan,nan,nan
linear_functional,same_dimension,64,64,64,1,random_gaussian,positive_simplex,1.0,0.0004807692307692308,0.03076923076923077,least_squares,65536,65536,1.0,16384,nan,1.3934824227192876e-14,9.691677064475477e-14,2.7755575615628914e-17,nan,nan,nan
linear_functional,equal_state_budget,64,64,64,1,random_gaussian,positive_simplex,1.0,0.0004807692307692308,0.03076923076923077,csm,65536,65536,1.0,16384,nan,6.929924378628176e-09,4.819765794234912e-08,2.7755575615628914e-17,nan,nan,nan
linear_functional,equal_state_budget,64,64,64,1,random_gaussian,positive_simplex,1.0,0.0004807692307692308,0.03076923076923077,hebbian,32768,65536,0.5,8192,nan,0.1284248790541154,0.8931956618497932,2.7755575615628914e-17,nan,nan,nan
linear_functional,equal_state_budget,64,64,64,1,random_gaussian,positive_simplex,1.0,0.0004807692307692308,0.03076923076923077,softmax,65536,65536,1.0,16704,0.1,0.06470864990198404,0.45004897650909687,2.7755575615628914e-17,0.06470864990198401,0.01013735286563061,0.0
linear_functional,equal_state_budget,64,64,64,1,random_gaussian,positive_simplex,1.0,0.0004807692307692308,0.03076923076923077,linear_attention,33280,65536,0.5078125,8448,nan,0.07101595952442492,0.4939163457774281,2.7755575615628914e-17,nan,nan,nan
linear_functional,equal_state_budget,64,64,64,1,random_gaussian,positive_simplex,1.0,0.0004807692307692308,0.03076923076923077,least_squares,65536,65536,1.0,16384,nan,1.3934824227192876e-14,9.691677064475477e-14,2.7755575615628914e-17,nan,nan,nan
linear_functional,same_dimension,64,64,64,1,random_gaussian,negative_coefficients,0.3999999910593033,-0.6000000238418579,0.800000011920929,csm,65536,65536,1.0,16384,nan,1.4233657932409545e-07,1.2993492251894565e-07,0.6480740955929359,nan,nan,nan
linear_functional,same_dimension,64,64,64,1,random_gaussian,negative_coefficients,0.3999999910593033,-0.6000000238418579,0.800000011920929,hebbian,32768,65536,0.5,8192,nan,0.9958901858722724,0.9091191790133631,0.6480740955929359,nan,nan,nan
linear_functional,same_dimension,64,64,64,1,random_gaussian,negative_coefficients,0.3999999910593033,-0.6000000238418579,0.800000011920929,softmax,65536,65536,1.0,16704,0.1,0.7651083777835328,0.6984451801355759,0.6480740955929359,0.11703428219059686,2.5029642199246676e-07,2.220446049250313e-16
linear_functional,same_dimension,64,64,64,1,random_gaussian,negative_coefficients,0.3999999910593033,-0.6000000238418579,0.800000011920929,linear_attention,33280,65536,0.5078125,8448,nan,1.0966005008225994,1.001054695744684,0.6480740955929359,nan,nan,nan
linear_functional,same_dimension,64,64,64,1,random_gaussian,negative_coefficients,0.3999999910593033,-0.6000000238418579,0.800000011920929,least_squares,65536,65536,1.0,16384,nan,2.5121207313556475e-14,2.2932419349751542e-14,0.6480740955929359,nan,nan,nan
linear_functional,equal_state_budget,64,64,64,1,random_gaussian,negative_coefficients,0.3999999910593033,-0.6000000238418579,0.800000011920929,csm,65536,65536,1.0,16384,nan,1.4233657932409545e-07,1.2993492251894565e-07,0.6480740955929359,nan,nan,nan
linear_functional,equal_state_budget,64,64,64,1,random_gaussian,negative_coefficients,0.3999999910593033,-0.6000000238418579,0.800000011920929,hebbian,32768,65536,0.5,8192,nan,0.9958901858722724,0.9091191790133631,0.6480740955929359,nan,nan,nan
linear_functional,equal_state_budget,64,64,64,1,random_gaussian,negative_coefficients,0.3999999910593033,-0.6000000238418579,0.800000011920929,softmax,65536,65536,1.0,16704,0.1,0.7651083777835328,0.6984451801355759,0.6480740955929359,0.11703428219059686,2.5029642199246676e-07,2.220446049250313e-16
linear_functional,equal_state_budget,64,64,64,1,random_gaussian,negative_coefficients,0.3999999910593033,-0.6000000238418579,0.800000011920929,linear_attention,33280,65536,0.5078125,8448,nan,1.0966005008225994,1.001054695744684,0.6480740955929359,nan,nan,nan
linear_functional,equal_state_budget,64,64,64,1,random_gaussian,negative_coefficients,0.3999999910593033,-0.6000000238418579,0.800000011920929,least_squares,65536,65536,1.0,16384,nan,2.5121207313556475e-14,2.2932419349751542e-14,0.6480740955929359,nan,nan,nan
linear_functional,same_dimension,64,64,64,1,random_gaussian,coefficient_gt_one,1.75,0.0,1.5,csm,65536,65536,1.0,16384,nan,7.819354608301292e-08,5.1419759159448446e-08,0.5590169943749475,nan,nan,nan
linear_functional,same_dimension,64,64,64,1,random_gaussian,coefficient_gt_one,1.75,0.0,1.5,hebbian,32768,65536,0.5,8192,nan,1.2619098298358569,0.8298267923827625,0.5590169943749475,nan,nan,nan
linear_functional,same_dimension,64,64,64,1,random_gaussian,coefficient_gt_one,1.75,0.0,1.5,softmax,65536,65536,1.0,16704,1e-08,0.5590169943749475,0.3676073110469039,0.5590169943749475,0.0,0.0,0.0
linear_functional,same_dimension,64,64,64,1,random_gaussian,coefficient_gt_one,1.75,0.0,1.5,linear_attention,33280,65536,0.5078125,8448,nan,1.507287797554975,0.9911863499830412,0.5590169943749475,nan,nan,nan
linear_functional,same_dimension,64,64,64,1,random_gaussian,coefficient_gt_one,1.75,0.0,1.5,least_squares,65536,65536,1.0,16384,nan,6.896354748461017e-14,4.535014946981933e-14,0.5590169943749475,nan,nan,nan
linear_functional,equal_state_budget,64,64,64,1,random_gaussian,coefficient_gt_one,1.75,0.0,1.5,csm,65536,65536,1.0,16384,nan,7.819354608301292e-08,5.1419759159448446e-08,0.5590169943749475,nan,nan,nan
linear_functional,equal_state_budget,64,64,64,1,random_gaussian,coefficient_gt_one,1.75,0.0,1.5,hebbian,32768,65536,0.5,8192,nan,1.2619098298358569,0.8298267923827625,0.5590169943749475,nan,nan,nan
linear_functional,equal_state_budget,64,64,64,1,random_gaussian,coefficient_gt_one,1.75,0.0,1.5,softmax,65536,65536,1.0,16704,1e-08,0.5590169943749475,0.3676073110469039,0.5590169943749475,0.0,0.0,0.0
linear_functional,equal_state_budget,64,64,64,1,random_gaussian,coefficient_gt_one,1.75,0.0,1.5,linear_attention,33280,65536,0.5078125,8448,nan,1.507287797554975,0.9911863499830412,0.5590169943749475,nan,nan,nan
linear_functional,equal_state_budget,64,64,64,1,random_gaussian,coefficient_gt_one,1.75,0.0,1.5,least_squares,65536,65536,1.0,16384,nan,6.896354748461017e-14,4.535014946981933e-14,0.5590169943749475,nan,nan,nan
linear_functional,same_dimension,64,64,64,1,random_gaussian,positive_sum_two,2.0,0.0009615384615384616,0.06153846153846154,csm,65536,65536,1.0,16384,nan,1.3859848757256351e-08,4.819765794234912e-08,0.13087362729884347,nan,nan,nan
linear_functional,same_dimension,64,64,64,1,random_gaussian,positive_sum_two,2.0,0.0009615384615384616,0.06153846153846154,hebbian,32768,65536,0.5,8192,nan,0.2568497581082308,0.8931956618497932,0.13087362729884347,nan,nan,nan
linear_functional,same_dimension,64,64,64,1,random_gaussian,positive_sum_two,2.0,0.0009615384615384616,0.06153846153846154,softmax,65536,65536,1.0,16704,0.1,0.17980044757164906,0.625256496064038,0.13087362729884347,0.04892682027280559,0.006375610818944762,0.0
linear_functional,same_dimension,64,64,64,1,random_gaussian,positive_sum_two,2.0,0.0009615384615384616,0.06153846153846154,linear_attention,33280,65536,0.5078125,8448,nan,0.18921200002355093,0.6579851927278997,0.13087362729884347,nan,nan,nan
linear_functional,same_dimension,64,64,64,1,random_gaussian,positive_sum_two,2.0,0.0009615384615384616,0.06153846153846154,least_squares,65536,65536,1.0,16384,nan,2.7869648454385752e-14,9.691677064475477e-14,0.13087362729884347,nan,nan,nan
linear_functional,equal_state_budget,64,64,64,1,random_gaussian,positive_sum_two,2.0,0.0009615384615384616,0.06153846153846154,csm,65536,65536,1.0,16384,nan,1.3859848757256351e-08,4.819765794234912e-08,0.13087362729884347,nan,nan,nan
linear_functional,equal_state_budget,64,64,64,1,random_gaussian,positive_sum_two,2.0,0.0009615384615384616,0.06153846153846154,hebbian,32768,65536,0.5,8192,nan,0.2568497581082308,0.8931956618497932,0.13087362729884347,nan,nan,nan
linear_functional,equal_state_budget,64,64,64,1,random_gaussian,positive_sum_two,2.0,0.0009615384615384616,0.06153846153846154,softmax,65536,65536,1.0,16704,0.1,0.17980044757164906,0.625256496064038,0.13087362729884347,0.04892682027280559,0.006375610818944762,0.0
linear_functional,equal_state_budget,64,64,64,1,random_gaussian,positive_sum_two,2.0,0.0009615384615384616,0.06153846153846154,linear_attention,33280,65536,0.5078125,8448,nan,0.18921200002355093,0.6579851927278997,0.13087362729884347,nan,nan,nan
linear_functional,equal_state_budget,64,64,64,1,random_gaussian,positive_sum_two,2.0,0.0009615384615384616,0.06153846153846154,least_squares,65536,65536,1.0,16384,nan,2.7869648454385752e-14,9.691677064475477e-14,0.13087362729884347,nan,nan,nan
linear_functional,same_dimension,64,64,64,1,random_gaussian,mixed_nonunit,1.5,-1.5,2.0,csm,65536,65536,1.0,16384,nan,4.2978186571747753e-07,1.6391237219911504e-07,1.9685019685029528,nan,nan,nan
linear_functional,same_dimension,64,64,64,1,random_gaussian,mixed_nonunit,1.5,-1.5,2.0,hebbian,32768,65536,0.5,8192,nan,2.422884728734657,0.9240519787611802,1.9685019685029528,nan,nan,nan
linear_functional,same_dimension,64,64,64,1,random_gaussian,mixed_nonunit,1.5,-1.5,2.0,softmax,65536,65536,1.0,16704,1e-08,1.9685019685029528,0.7507571935295483,1.9685019685029528,0.0,0.0,0.0
linear_functional,same_dimension,64,64,64,1,random_gaussian,mixed_nonunit,1.5,-1.5,2.0,linear_attention,33280,65536,0.5078125,8448,nan,2.6154914297936496,0.9975092923202837,1.9685019685029528,nan,nan,nan
linear_functional,same_dimension,64,64,64,1,random_gaussian,mixed_nonunit,1.5,-1.5,2.0,least_squares,65536,65536,1.0,16384,nan,9.528811773203842e-14,3.6341462182851276e-14,1.9685019685029528,nan,nan,nan
linear_functional,equal_state_budget,64,64,64,1,random_gaussian,mixed_nonunit,1.5,-1.5,2.0,csm,65536,65536,1.0,16384,nan,4.2978186571747753e-07,1.6391237219911504e-07,1.9685019685029528,nan,nan,nan
linear_functional,equal_state_budget,64,64,64,1,random_gaussian,mixed_nonunit,1.5,-1.5,2.0,hebbian,32768,65536,0.5,8192,nan,2.422884728734657,0.9240519787611802,1.9685019685029528,nan,nan,nan
linear_functional,equal_state_budget,64,64,64,1,random_gaussian,mixed_nonunit,1.5,-1.5,2.0,softmax,65536,65536,1.0,16704,1e-08,1.9685019685029528,0.7507571935295483,1.9685019685029528,0.0,0.0,0.0
linear_functional,equal_state_budget,64,64,64,1,random_gaussian,mixed_nonunit,1.5,-1.5,2.0,linear_attention,33280,65536,0.5078125,8448,nan,2.6154914297936496,0.9975092923202837,1.9685019685029528,nan,nan,nan
linear_functional,equal_state_budget,64,64,64,1,random_gaussian,mixed_nonunit,1.5,-1.5,2.0,least_squares,65536,65536,1.0,16384,nan,9.528811773203842e-14,3.6341462182851276e-14,1.9685019685029528,nan,nan,nan
linear_functional,same_dimension,64,64,64,1,correlated,positive_simplex,1.0,0.0004807692307692308,0.03076923076923077,csm,65536,65536,1.0,16384,nan,2.17285323160134e-07,1.5112204851560092e-06,2.7755575615628914e-17,nan,nan,nan
linear_functional,same_dimension,64,64,64,1,correlated,positive_simplex,1.0,0.0004807692307692308,0.03076923076923077,hebbian,32768,65536,0.5,8192,nan,7.096208868741916,49.35416738426117,2.7755575615628914e-17,nan,nan,nan
linear_functional,same_dimension,64,64,64,1,correlated,positive_simplex,1.0,0.0004807692307692308,0.03076923076923077,softmax,65536,65536,1.0,16704,0.1,0.06957145373323086,0.48386980093569404,2.7755575615628914e-17,0.06957145373323083,0.012351401527524172,0.0
linear_functional,same_dimension,64,64,64,1,correlated,positive_simplex,1.0,0.0004807692307692308,0.03076923076923077,linear_attention,33280,65536,0.5078125,8448,nan,0.07102794083869947,0.49399967587679905,2.7755575615628914e-17,nan,nan,nan
linear_functional,same_dimension,64,64,64,1,correlated,positive_simplex,1.0,0.0004807692307692308,0.03076923076923077,least_squares,65536,65536,1.0,16384,nan,1.9968879808931094e-12,1.3888365672372122e-11,2.7755575615628914e-17,nan,nan,nan
linear_functional,equal_state_budget,64,64,64,1,correlated,positive_simplex,1.0,0.0004807692307692308,0.03076923076923077,csm,65536,65536,1.0,16384,nan,2.17285323160134e-07,1.5112204851560092e-06,2.7755575615628914e-17,nan,nan,nan
linear_functional,equal_state_budget,64,64,64,1,correlated,positive_simplex,1.0,0.0004807692307692308,0.03076923076923077,hebbian,32768,65536,0.5,8192,nan,7.096208868741916,49.35416738426117,2.7755575615628914e-17,nan,nan,nan
linear_functional,equal_state_budget,64,64,64,1,correlated,positive_simplex,1.0,0.0004807692307692308,0.03076923076923077,softmax,65536,65536,1.0,16704,0.1,0.06957145373323086,0.48386980093569404,2.7755575615628914e-17,0.06957145373323083,0.012351401527524172,0.0
linear_functional,equal_state_budget,64,64,64,1,correlated,positive_simplex,1.0,0.0004807692307692308,0.03076923076923077,linear_attention,33280,65536,0.5078125,8448,nan,0.07102794083869947,0.49399967587679905,2.7755575615628914e-17,nan,nan,nan
linear_functional,equal_state_budget,64,64,64,1,correlated,positive_simplex,1.0,0.0004807692307692308,0.03076923076923077,least_squares,65536,65536,1.0,16384,nan,1.9968879808931094e-12,1.3888365672372122e-11,2.7755575615628914e-17,nan,nan,nan
linear_functional,same_dimension,64,64,64,1,correlated,negative_coefficients,0.3999999910593033,-0.6000000238418579,0.800000011920929,csm,65536,65536,1.0,16384,nan,2.712193668838161e-06,2.475882699235304e-06,0.6480740955929359,nan,nan,nan
linear_functional,same_dimension,64,64,64,1,correlated,negative_coefficients,0.3999999910593033,-0.6000000238418579,0.800000011920929,hebbian,32768,65536,0.5,8192,nan,3.132442994591405,2.859516083146077,0.6480740955929359,nan,nan,nan
linear_functional,same_dimension,64,64,64,1,correlated,negative_coefficients,0.3999999910593033,-0.6000000238418579,0.800000011920929,softmax,65536,65536,1.0,16704,0.01,0.7108760489729513,0.6489380648494915,0.6480740955929359,0.06280195338001537,4.535325223942319e-07,2.220446049250313e-16
linear_functional,same_dimension,64,64,64,1,correlated,negative_coefficients,0.3999999910593033,-0.6000000238418579,0.800000011920929,linear_attention,33280,65536,0.5078125,8448,nan,1.0969400598506251,1.0013646693031792,0.6480740955929359,nan,nan,nan
linear_functional,same_dimension,64,64,64,1,correlated,negative_coefficients,0.3999999910593033,-0.6000000238418579,0.800000011920929,least_squares,65536,65536,1.0,16384,nan,2.632703471404358e-11,2.4033184104655204e-11,0.6480740955929359,nan,nan,nan
linear_functional,equal_state_budget,64,64,64,1,correlated,negative_coefficients,0.3999999910593033,-0.6000000238418579,0.800000011920929,csm,65536,65536,1.0,16384,nan,2.712193668838161e-06,2.475882699235304e-06,0.6480740955929359,nan,nan,nan
linear_functional,equal_state_budget,64,64,64,1,correlated,negative_coefficients,0.3999999910593033,-0.6000000238418579,0.800000011920929,hebbian,32768,65536,0.5,8192,nan,3.132442994591405,2.859516083146077,0.6480740955929359,nan,nan,nan
linear_functional,equal_state_budget,64,64,64,1,correlated,negative_coefficients,0.3999999910593033,-0.6000000238418579,0.800000011920929,softmax,65536,65536,1.0,16704,0.01,0.7108760489729513,0.6489380648494915,0.6480740955929359,0.06280195338001537,4.535325223942319e-07,2.220446049250313e-16
linear_functional,equal_state_budget,64,64,64,1,correlated,negative_coefficients,0.3999999910593033,-0.6000000238418579,0.800000011920929,linear_attention,33280,65536,0.5078125,8448,nan,1.0969400598506251,1.0013646693031792,0.6480740955929359,nan,nan,nan
linear_functional,equal_state_budget,64,64,64,1,correlated,negative_coefficients,0.3999999910593033,-0.6000000238418579,0.800000011920929,least_squares,65536,65536,1.0,16384,nan,2.632703471404358e-11,2.4033184104655204e-11,0.6480740955929359,nan,nan,nan
linear_functional,same_dimension,64,64,64,1,correlated,coefficient_gt_one,1.75,0.0,1.5,csm,65536,65536,1.0,16384,nan,7.298216943610532e-06,4.799277898657486e-06,0.5590169943749475,nan,nan,nan
linear_functional,same_dimension,64,64,64,1,correlated,coefficient_gt_one,1.75,0.0,1.5,hebbian,32768,65536,0.5,8192,nan,12.606009216611218,8.289660596691538,0.5590169943749475,nan,nan,nan
linear_functional,same_dimension,64,64,64,1,correlated,coefficient_gt_one,1.75,0.0,1.5,softmax,65536,65536,1.0,16704,1e-08,0.5590169943749475,0.3676073110469039,0.5590169943749475,0.0,0.0,0.0
linear_functional,same_dimension,64,64,64,1,correlated,coefficient_gt_one,1.75,0.0,1.5,linear_attention,33280,65536,0.5078125,8448,nan,1.5077545104653243,0.9914932585023362,0.5590169943749475,nan,nan,nan
linear_functional,same_dimension,64,64,64,1,correlated,coefficient_gt_one,1.75,0.0,1.5,least_squares,65536,65536,1.0,16384,nan,5.0653672693303215e-11,3.3309649976304317e-11,0.5590169943749475,nan,nan,nan
linear_functional,equal_state_budget,64,64,64,1,correlated,coefficient_gt_one,1.75,0.0,1.5,csm,65536,65536,1.0,16384,nan,7.298216943610532e-06,4.799277898657486e-06,0.5590169943749475,nan,nan,nan
linear_functional,equal_state_budget,64,64,64,1,correlated,coefficient_gt_one,1.75,0.0,1.5,hebbian,32768,65536,0.5,8192,nan,12.606009216611218,8.289660596691538,0.5590169943749475,nan,nan,nan
linear_functional,equal_state_budget,64,64,64,1,correlated,coefficient_gt_one,1.75,0.0,1.5,softmax,65536,65536,1.0,16704,1e-08,0.5590169943749475,0.3676073110469039,0.5590169943749475,0.0,0.0,0.0
linear_functional,equal_state_budget,64,64,64,1,correlated,coefficient_gt_one,1.75,0.0,1.5,linear_attention,33280,65536,0.5078125,8448,nan,1.5077545104653243,0.9914932585023362,0.5590169943749475,nan,nan,nan
linear_functional,equal_state_budget,64,64,64,1,correlated,coefficient_gt_one,1.75,0.0,1.5,least_squares,65536,65536,1.0,16384,nan,5.0653672693303215e-11,3.3309649976304317e-11,0.5590169943749475,nan,nan,nan
linear_functional,same_dimension,64,64,64,1,correlated,positive_sum_two,2.0,0.0009615384615384616,0.06153846153846154,csm,65536,65536,1.0,16384,nan,4.34570646320268e-07,1.5112204851560092e-06,0.13087362729884347,nan,nan,nan
linear_functional,same_dimension,64,64,64,1,correlated,positive_sum_two,2.0,0.0009615384615384616,0.06153846153846154,hebbian,32768,65536,0.5,8192,nan,14.192417737483831,49.35416738426117,0.13087362729884347,nan,nan,nan
linear_functional,same_dimension,64,64,64,1,correlated,positive_sum_two,2.0,0.0009615384615384616,0.06153846153846154,softmax,65536,65536,1.0,16704,0.1,0.18705761948191224,0.6504933291266327,0.13087362729884347,0.05618399218306877,0.009685016412148485,1.1102230246251565e-16
linear_functional,same_dimension,64,64,64,1,correlated,positive_sum_two,2.0,0.0009615384615384616,0.06153846153846154,linear_attention,33280,65536,0.5078125,8448,nan,0.18923637752256542,0.6580699655403285,0.13087362729884347,nan,nan,nan
linear_functional,same_dimension,64,64,64,1,correlated,positive_sum_two,2.0,0.0009615384615384616,0.06153846153846154,least_squares,65536,65536,1.0,16384,nan,3.993775961786219e-12,1.3888365672372122e-11,0.13087362729884347,nan,nan,nan
linear_functional,equal_state_budget,64,64,64,1,correlated,positive_sum_two,2.0,0.0009615384615384616,0.06153846153846154,csm,65536,65536,1.0,16384,nan,4.34570646320268e-07,1.5112204851560092e-06,0.13087362729884347,nan,nan,nan
linear_functional,equal_state_budget,64,64,64,1,correlated,positive_sum_two,2.0,0.0009615384615384616,0.06153846153846154,hebbian,32768,65536,0.5,8192,nan,14.192417737483831,49.35416738426117,0.13087362729884347,nan,nan,nan
linear_functional,equal_state_budget,64,64,64,1,correlated,positive_sum_two,2.0,0.0009615384615384616,0.06153846153846154,softmax,65536,65536,1.0,16704,0.1,0.18705761948191224,0.6504933291266327,0.13087362729884347,0.05618399218306877,0.009685016412148485,1.1102230246251565e-16
linear_functional,equal_state_budget,64,64,64,1,correlated,positive_sum_two,2.0,0.0009615384615384616,0.06153846153846154,linear_attention,33280,65536,0.5078125,8448,nan,0.18923637752256542,0.6580699655403285,0.13087362729884347,nan,nan,nan
linear_functional,equal_state_budget,64,64,64,1,correlated,positive_sum_two,2.0,0.0009615384615384616,0.06153846153846154,least_squares,65536,65536,1.0,16384,nan,3.993775961786219e-12,1.3888365672372122e-11,0.13087362729884347,nan,nan,nan
linear_functional,same_dimension,64,64,64,1,correlated,mixed_nonunit,1.5,-1.5,2.0,csm,65536,65536,1.0,16384,nan,4.473541072504278e-06,1.7061416216345731e-06,1.9685019685029528,nan,nan,nan
linear_functional,same_dimension,64,64,64,1,correlated,mixed_nonunit,1.5,-1.5,2.0,hebbian,32768,65536,0.5,8192,nan,11.109572353925127,4.237024648793881,1.9685019685029528,nan,nan,nan
linear_functional,same_dimension,64,64,64,1,correlated,mixed_nonunit,1.5,-1.5,2.0,softmax,65536,65536,1.0,16704,1e-08,1.9685019685029528,0.7507571935295483,1.9685019685029528,0.0,0.0,0.0
linear_functional,same_dimension,64,64,64,1,correlated,mixed_nonunit,1.5,-1.5,2.0,linear_attention,33280,65536,0.5078125,8448,nan,2.616102642173203,0.997742399575479,1.9685019685029528,nan,nan,nan
linear_functional,same_dimension,64,64,64,1,correlated,mixed_nonunit,1.5,-1.5,2.0,least_squares,65536,65536,1.0,16384,nan,4.577396781162663e-11,1.745750634788717e-11,1.9685019685029528,nan,nan,nan
linear_functional,equal_state_budget,64,64,64,1,correlated,mixed_nonunit,1.5,-1.5,2.0,csm,65536,65536,1.0,16384,nan,4.473541072504278e-06,1.7061416216345731e-06,1.9685019685029528,nan,nan,nan
linear_functional,equal_state_budget,64,64,64,1,correlated,mixed_nonunit,1.5,-1.5,2.0,hebbian,32768,65536,0.5,8192,nan,11.109572353925127,4.237024648793881,1.9685019685029528,nan,nan,nan
linear_functional,equal_state_budget,64,64,64,1,correlated,mixed_nonunit,1.5,-1.5,2.0,softmax,65536,65536,1.0,16704,1e-08,1.9685019685029528,0.7507571935295483,1.9685019685029528,0.0,0.0,0.0
linear_functional,equal_state_budget,64,64,64,1,correlated,mixed_nonunit,1.5,-1.5,2.0,linear_attention,33280,65536,0.5078125,8448,nan,2.616102642173203,0.997742399575479,1.9685019685029528,nan,nan,nan
linear_functional,equal_state_budget,64,64,64,1,correlated,mixed_nonunit,1.5,-1.5,2.0,least_squares,65536,65536,1.0,16384,nan,4.577396781162663e-11,1.745750634788717e-11,1.9685019685029528,nan,nan,nan
linear_functional,same_dimension,64,64,64,2,random_gaussian,positive_simplex,1.0,0.0004807692307692308,0.03076923076923077,csm,65536,65536,1.0,16384,nan,2.925992508972161e-09,2.035029220870562e-08,2.7755575615628914e-17,nan,nan,nan
linear_functional,same_dimension,64,64,64,2,random_gaussian,positive_simplex,1.0,0.0004807692307692308,0.03076923076923077,hebbian,32768,65536,0.5,8192,nan,0.14216117306349474,0.9887316538587945,2.7755575615628914e-17,nan,nan,nan
linear_functional,same_dimension,64,64,64,2,random_gaussian,positive_simplex,1.0,0.0004807692307692308,0.03076923076923077,softmax,65536,65536,1.0,16704,0.1,0.06473813206539021,0.45025402509976165,2.7755575615628914e-17,0.06473813206539018,0.008717043861174117,0.0
linear_functional,same_dimension,64,64,64,2,random_gaussian,positive_simplex,1.0,0.0004807692307692308,0.03076923076923077,linear_attention,33280,65536,0.5078125,8448,nan,0.07090109932194334,0.4931174925074748,2.7755575615628914e-17,nan,nan,nan
linear_functional,same_dimension,64,64,64,2,random_gaussian,positive_simplex,1.0,0.0004807692307692308,0.03076923076923077,least_squares,65536,65536,1.0,16384,nan,1.994017670623903e-15,1.3868402650413288e-14,2.7755575615628914e-17,nan,nan,nan
linear_functional,equal_state_budget,64,64,64,2,random_gaussian,positive_simplex,1.0,0.0004807692307692308,0.03076923076923077,csm,65536,65536,1.0,16384,nan,2.925992508972161e-09,2.035029220870562e-08,2.7755575615628914e-17,nan,nan,nan
linear_functional,equal_state_budget,64,64,64,2,random_gaussian,positive_simplex,1.0,0.0004807692307692308,0.03076923076923077,hebbian,32768,65536,0.5,8192,nan,0.14216117306349474,0.9887316538587945,2.7755575615628914e-17,nan,nan,nan
linear_functional,equal_state_budget,64,64,64,2,random_gaussian,positive_simplex,1.0,0.0004807692307692308,0.03076923076923077,softmax,65536,65536,1.0,16704,0.1,0.06473813206539021,0.45025402509976165,2.7755575615628914e-17,0.06473813206539018,0.008717043861174117,0.0
linear_functional,equal_state_budget,64,64,64,2,random_gaussian,positive_simplex,1.0,0.0004807692307692308,0.03076923076923077,linear_attention,33280,65536,0.5078125,8448,nan,0.07090109932194334,0.4931174925074748,2.7755575615628914e-17,nan,nan,nan
linear_functional,equal_state_budget,64,64,64,2,random_gaussian,positive_simplex,1.0,0.0004807692307692308,0.03076923076923077,least_squares,65536,65536,1.0,16384,nan,1.994017670623903e-15,1.3868402650413288e-14,2.7755575615628914e-17,nan,nan,nan
linear_functional,same_dimension,64,64,64,2,random_gaussian,negative_coefficients,0.3999999910593033,-0.6000000238418579,0.800000011920929,csm,65536,65536,1.0,16384,nan,3.781549265227501e-08,3.452066314310619e-08,0.6480740955929359,nan,nan,nan
linear_functional,same_dimension,64,64,64,2,random_gaussian,negative_coefficients,0.3999999910593033,-0.6000000238418579,0.800000011920929,hebbian,32768,65536,0.5,8192,nan,0.9395689284212227,0.8577051415408968,0.6480740955929359,nan,nan,nan
linear_functional,same_dimension,64,64,64,2,random_gaussian,negative_coefficients,0.3999999910593033,-0.6000000238418579,0.800000011920929,softmax,65536,65536,1.0,16704,0.1,0.7617363203748633,0.6953669270244957,0.6480740955929359,0.11366222478192733,3.1900228717084207e-06,0.0
linear_functional,same_dimension,64,64,64,2,random_gaussian,negative_coefficients,0.3999999910593033,-0.6000000238418579,0.800000011920929,linear_attention,33280,65536,0.5078125,8448,nan,1.096973858529853,1.0013955231342013,0.6480740955929359,nan,nan,nan
linear_functional,same_dimension,64,64,64,2,random_gaussian,negative_coefficients,0.3999999910593033,-0.6000000238418579,0.800000011920929,least_squares,65536,65536,1.0,16384,nan,1.096735519532059e-14,1.0011779503966896e-14,0.6480740955929359,nan,nan,nan
linear_functional,equal_state_budget,64,64,64,2,random_gaussian,negative_coefficients,0.3999999910593033,-0.6000000238418579,0.800000011920929,csm,65536,65536,1.0,16384,nan,3.781549265227501e-08,3.452066314310619e-08,0.6480740955929359,nan,nan,nan
linear_functional,equal_state_budget,64,64,64,2,random_gaussian,negative_coefficients,0.3999999910593033,-0.6000000238418579,0.800000011920929,hebbian,32768,65536,0.5,8192,nan,0.9395689284212227,0.8577051415408968,0.6480740955929359,nan,nan,nan
linear_functional,equal_state_budget,64,64,64,2,random_gaussian,negative_coefficients,0.3999999910593033,-0.6000000238418579,0.800000011920929,softmax,65536,65536,1.0,16704,0.1,0.7617363203748633,0.6953669270244957,0.6480740955929359,0.11366222478192733,3.1900228717084207e-06,0.0
linear_functional,equal_state_budget,64,64,64,2,random_gaussian,negative_coefficients,0.3999999910593033,-0.6000000238418579,0.800000011920929,linear_attention,33280,65536,0.5078125,8448,nan,1.096973858529853,1.0013955231342013,0.6480740955929359,nan,nan,nan
linear_functional,equal_state_budget,64,64,64,2,random_gaussian,negative_coefficients,0.3999999910593033,-0.6000000238418579,0.800000011920929,least_squares,65536,65536,1.0,16384,nan,1.096735519532059e-14,1.0011779503966896e-14,0.6480740955929359,nan,nan,nan
linear_functional,same_dimension,64,64,64,2,random_gaussian,coefficient_gt_one,1.75,0.0,1.5,csm,65536,65536,1.0,16384,nan,4.9463682915863986e-08,3.252711751904537e-08,0.5590169943749475,nan,nan,nan
linear_functional,same_dimension,64,64,64,2,random_gaussian,coefficient_gt_one,1.75,0.0,1.5,hebbian,32768,65536,0.5,8192,nan,1.4522853679439833,0.9550169750735162,0.5590169943749475,nan,nan,nan
linear_functional,same_dimension,64,64,64,2,random_gaussian,coefficient_gt_one,1.75,0.0,1.5,softmax,65536,65536,1.0,16704,1e-08,0.5590169943749475,0.3676073110469039,0.5590169943749475,0.0,0.0,0.0
linear_functional,same_dimension,64,64,64,2,random_gaussian,coefficient_gt_one,1.75,0.0,1.5,linear_attention,33280,65536,0.5078125,8448,nan,1.5079082584030588,0.9915943625233915,0.5590169943749475,nan,nan,nan
linear_functional,same_dimension,64,64,64,2,random_gaussian,coefficient_gt_one,1.75,0.0,1.5,least_squares,65536,65536,1.0,16384,nan,1.9300523770272112e-14,1.2691946249182846e-14,0.5590169943749475,nan,nan,nan
linear_functional,equal_state_budget,64,64,64,2,random_gaussian,coefficient_gt_one,1.75,0.0,1.5,csm,65536,65536,1.0,16384,nan,4.9463682915863986e-08,3.252711751904537e-08,0.5590169943749475,nan,nan,nan
linear_functional,equal_state_budget,64,64,64,2,random_gaussian,coefficient_gt_one,1.75,0.0,1.5,hebbian,32768,65536,0.5,8192,nan,1.4522853679439833,0.9550169750735162,0.5590169943749475,nan,nan,nan
linear_functional,equal_state_budget,64,64,64,2,random_gaussian,coefficient_gt_one,1.75,0.0,1.5,softmax,65536,65536,1.0,16704,1e-08,0.5590169943749475,0.3676073110469039,0.5590169943749475,0.0,0.0,0.0
linear_functional,equal_state_budget,64,64,64,2,random_gaussian,coefficient_gt_one,1.75,0.0,1.5,linear_attention,33280,65536,0.5078125,8448,nan,1.5079082584030588,0.9915943625233915,0.5590169943749475,nan,nan,nan
linear_functional,equal_state_budget,64,64,64,2,random_gaussian,coefficient_gt_one,1.75,0.0,1.5,least_squares,65536,65536,1.0,16384,nan,1.9300523770272112e-14,1.2691946249182846e-14,0.5590169943749475,nan,nan,nan
linear_functional,same_dimension,64,64,64,2,random_gaussian,positive_sum_two,2.0,0.0009615384615384616,0.06153846153846154,csm,65536,65536,1.0,16384,nan,5.851985017944322e-09,2.035029220870562e-08,0.13087362729884347,nan,nan,nan
linear_functional,same_dimension,64,64,64,2,random_gaussian,positive_sum_two,2.0,0.0009615384615384616,0.06153846153846154,hebbian,32768,65536,0.5,8192,nan,0.2843223461269895,0.9887316538587945,0.13087362729884347,nan,nan,nan
linear_functional,same_dimension,64,64,64,2,random_gaussian,positive_sum_two,2.0,0.0009615384615384616,0.06153846153846154,softmax,65536,65536,1.0,16704,0.1,0.18029978848217712,0.6269929553013477,0.13087362729884347,0.04942616118333365,0.00468049798811926,1.1102230246251565e-16
linear_functional,same_dimension,64,64,64,2,random_gaussian,positive_sum_two,2.0,0.0009615384615384616,0.06153846153846154,linear_attention,33280,65536,0.5078125,8448,nan,0.18912079096185722,0.6576680129928427,0.13087362729884347,nan,nan,nan
linear_functional,same_dimension,64,64,64,2,random_gaussian,positive_sum_two,2.0,0.0009615384615384616,0.06153846153846154,least_squares,65536,65536,1.0,16384,nan,3.988035341247806e-15,1.3868402650413288e-14,0.13087362729884347,nan,nan,nan
linear_functional,equal_state_budget,64,64,64,2,random_gaussian,positive_sum_two,2.0,0.0009615384615384616,0.06153846153846154,csm,65536,65536,1.0,16384,nan,5.851985017944322e-09,2.035029220870562e-08,0.13087362729884347,nan,nan,nan
linear_functional,equal_state_budget,64,64,64,2,random_gaussian,positive_sum_two,2.0,0.0009615384615384616,0.06153846153846154,hebbian,32768,65536,0.5,8192,nan,0.2843223461269895,0.9887316538587945,0.13087362729884347,nan,nan,nan
linear_functional,equal_state_budget,64,64,64,2,random_gaussian,positive_sum_two,2.0,0.0009615384615384616,0.06153846153846154,softmax,65536,65536,1.0,16704,0.1,0.18029978848217712,0.6269929553013477,0.13087362729884347,0.04942616118333365,0.00468049798811926,1.1102230246251565e-16
linear_functional,equal_state_budget,64,64,64,2,random_gaussian,positive_sum_two,2.0,0.0009615384615384616,0.06153846153846154,linear_attention,33280,65536,0.5078125,8448,nan,0.18912079096185722,0.6576680129928427,0.13087362729884347,nan,nan,nan
linear_functional,equal_state_budget,64,64,64,2,random_gaussian,positive_sum_two,2.0,0.0009615384615384616,0.06153846153846154,least_squares,65536,65536,1.0,16384,nan,3.988035341247806e-15,1.3868402650413288e-14,0.13087362729884347,nan,nan,nan
linear_functional,same_dimension,64,64,64,2,random_gaussian,mixed_nonunit,1.5,-1.5,2.0,csm,65536,65536,1.0,16384,nan,1.0975912923811956e-07,4.186048942268763e-08,1.9685019685029528,nan,nan,nan
linear_functional,same_dimension,64,64,64,2,random_gaussian,mixed_nonunit,1.5,-1.5,2.0,hebbian,32768,65536,0.5,8192,nan,2.3614938347426393,0.9006384104644879,1.9685019685029528,nan,nan,nan
linear_functional,same_dimension,64,64,64,2,random_gaussian,mixed_nonunit,1.5,-1.5,2.0,softmax,65536,65536,1.0,16704,1e-08,1.9685019685029528,0.7507571935295483,1.9685019685029528,0.0,0.0,0.0
linear_functional,same_dimension,64,64,64,2,random_gaussian,mixed_nonunit,1.5,-1.5,2.0,linear_attention,33280,65536,0.5078125,8448,nan,2.6158120844833657,0.9976315852205679,1.9685019685029528,nan,nan,nan
linear_functional,same_dimension,64,64,64,2,random_gaussian,mixed_nonunit,1.5,-1.5,2.0,least_squares,65536,65536,1.0,16384,nan,2.4841282422834716e-14,9.474093383622804e-15,1.9685019685029528,nan,nan,nan
linear_functional,equal_state_budget,64,64,64,2,random_gaussian,mixed_nonunit,1.5,-1.5,2.0,csm,65536,65536,1.0,16384,nan,1.0975912923811956e-07,4.186048942268763e-08,1.9685019685029528,nan,nan,nan
linear_functional,equal_state_budget,64,64,64,2,random_gaussian,mixed_nonunit,1.5,-1.5,2.0,hebbian,32768,65536,0.5,8192,nan,2.3614938347426393,0.9006384104644879,1.9685019685029528,nan,nan,nan
linear_functional,equal_state_budget,64,64,64,2,random_gaussian,mixed_nonunit,1.5,-1.5,2.0,softmax,65536,65536,1.0,16704,1e-08,1.9685019685029528,0.7507571935295483,1.9685019685029528,0.0,0.0,0.0
linear_functional,equal_state_budget,64,64,64,2,random_gaussian,mixed_nonunit,1.5,-1.5,2.0,linear_attention,33280,65536,0.5078125,8448,nan,2.6158120844833657,0.9976315852205679,1.9685019685029528,nan,nan,nan
linear_functional,equal_state_budget,64,64,64,2,random_gaussian,mixed_nonunit,1.5,-1.5,2.0,least_squares,65536,65536,1.0,16384,nan,2.4841282422834716e-14,9.474093383622804e-15,1.9685019685029528,nan,nan,nan
linear_functional,same_dimension,64,64,64,2,correlated,positive_simplex,1.0,0.0004807692307692308,0.03076923076923077,csm,65536,65536,1.0,16384,nan,5.4272743684681063e-08,3.774671977336735e-07,2.7755575615628914e-17,nan,nan,nan
linear_functional,same_dimension,64,64,64,2,correlated,positive_simplex,1.0,0.0004807692307692308,0.03076923076923077,hebbian,32768,65536,0.5,8192,nan,7.089124943594804,49.30489865022091,2.7755575615628914e-17,nan,nan,nan
linear_functional,same_dimension,64,64,64,2,correlated,positive_simplex,1.0,0.0004807692307692308,0.03076923076923077,softmax,65536,65536,1.0,16704,0.1,0.07044393920711751,0.4899379416732387,2.7755575615628914e-17,0.07044393920711749,0.010410337656329758,0.0
linear_functional,same_dimension,64,64,64,2,correlated,positive_simplex,1.0,0.0004807692307692308,0.03076923076923077,linear_attention,33280,65536,0.5078125,8448,nan,0.07100579618544017,0.493845659705088,2.7755575615628914e-17,nan,nan,nan
linear_functional,same_dimension,64,64,64,2,correlated,positive_simplex,1.0,0.0004807692307692308,0.03076923076923077,least_squares,65536,65536,1.0,16384,nan,2.070970760507058e-13,1.4403611766869672e-12,2.7755575615628914e-17,nan,nan,nan
linear_functional,equal_state_budget,64,64,64,2,correlated,positive_simplex,1.0,0.0004807692307692308,0.03076923076923077,csm,65536,65536,1.0,16384,nan,5.4272743684681063e-08,3.774671977336735e-07,2.7755575615628914e-17,nan,nan,nan
linear_functional,equal_state_budget,64,64,64,2,correlated,positive_simplex,1.0,0.0004807692307692308,0.03076923076923077,hebbian,32768,65536,0.5,8192,nan,7.089124943594804,49.30489865022091,2.7755575615628914e-17,nan,nan,nan
linear_functional,equal_state_budget,64,64,64,2,correlated,positive_simplex,1.0,0.0004807692307692308,0.03076923076923077,softmax,65536,65536,1.0,16704,0.1,0.07044393920711751,0.4899379416732387,2.7755575615628914e-17,0.07044393920711749,0.010410337656329758,0.0
linear_functional,equal_state_budget,64,64,64,2,correlated,positive_simplex,1.0,0.0004807692307692308,0.03076923076923077,linear_attention,33280,65536,0.5078125,8448,nan,0.07100579618544017,0.493845659705088,2.7755575615628914e-17,nan,nan,nan
linear_functional,equal_state_budget,64,64,64,2,correlated,positive_simplex,1.0,0.0004807692307692308,0.03076923076923077,least_squares,65536,65536,1.0,16384,nan,2.070970760507058e-13,1.4403611766869672e-12,2.7755575615628914e-17,nan,nan,nan
linear_functional,same_dimension,64,64,64,2,correlated,negative_coefficients,0.3999999910593033,-0.6000000238418579,0.800000011920929,csm,65536,65536,1.0,16384,nan,1.4794248115408103e-06,1.3505238721696573e-06,0.6480740955929359,nan,nan,nan
linear_functional,same_dimension,64,64,64,2,correlated,negative_coefficients,0.3999999910593033,-0.6000000238418579,0.800000011920929,hebbian,32768,65536,0.5,8192,nan,2.9861791532721536,2.7259960774006315,0.6480740955929359,nan,nan,nan
linear_functional,same_dimension,64,64,64,2,correlated,negative_coefficients,0.3999999910593033,-0.6000000238418579,0.800000011920929,softmax,65536,65536,1.0,16704,0.01,0.7647525074161918,0.6981203164299367,0.6480740955929359,0.11667841182325589,4.1475515886301487e-07,0.0
linear_functional,same_dimension,64,64,64,2,correlated,negative_coefficients,0.3999999910593033,-0.6000000238418579,0.800000011920929,linear_attention,33280,65536,0.5078125,8448,nan,1.0967755948866211,1.001214534022028,0.6480740955929359,nan,nan,nan
linear_functional,same_dimension,64,64,64,2,correlated,negative_coefficients,0.3999999910593033,-0.6000000238418579,0.800000011920929,least_squares,65536,65536,1.0,16384,nan,2.3520233442299554e-12,2.1470936876978573e-12,0.6480740955929359,nan,nan,nan
linear_functional,equal_state_budget,64,64,64,2,correlated,negative_coefficients,0.3999999910593033,-0.6000000238418579,0.800000011920929,csm,65536,65536,1.0,16384,nan,1.4794248115408103e-06,1.3505238721696573e-06,0.6480740955929359,nan,nan,nan
linear_functional,equal_state_budget,64,64,64,2,correlated,negative_coefficients,0.3999999910593033,-0.6000000238418579,0.800000011920929,hebbian,32768,65536,0.5,8192,nan,2.9861791532721536,2.7259960774006315,0.6480740955929359,nan,nan,nan
linear_functional,equal_state_budget,64,64,64,2,correlated,negative_coefficients,0.3999999910593033,-0.6000000238418579,0.800000011920929,softmax,65536,65536,1.0,16704,0.01,0.7647525074161918,0.6981203164299367,0.6480740955929359,0.11667841182325589,4.1475515886301487e-07,0.0
linear_functional,equal_state_budget,64,64,64,2,correlated,negative_coefficients,0.3999999910593033,-0.6000000238418579,0.800000011920929,linear_attention,33280,65536,0.5078125,8448,nan,1.0967755948866211,1.001214534022028,0.6480740955929359,nan,nan,nan
linear_functional,equal_state_budget,64,64,64,2,correlated,negative_coefficients,0.3999999910593033,-0.6000000238418579,0.800000011920929,least_squares,65536,65536,1.0,16384,nan,2.3520233442299554e-12,2.1470936876978573e-12,0.6480740955929359,nan,nan,nan
linear_functional,same_dimension,64,64,64,2,correlated,coefficient_gt_one,1.75,0.0,1.5,csm,65536,65536,1.0,16384,nan,1.0720656226733642e-06,7.049860107695535e-07,0.5590169943749475,nan,nan,nan
linear_functional,same_dimension,64,64,64,2,correlated,coefficient_gt_one,1.75,0.0,1.5,hebbian,32768,65536,0.5,8192,nan,12.44766853101487,8.185536403246436,0.5590169943749475,nan,nan,nan
linear_functional,same_dimension,64,64,64,2,correlated,coefficient_gt_one,1.75,0.0,1.5,softmax,65536,65536,1.0,16704,1e-08,0.5590169943749475,0.3676073110469039,0.5590169943749475,0.0,0.0,0.0
linear_functional,same_dimension,64,64,64,2,correlated,coefficient_gt_one,1.75,0.0,1.5,linear_attention,33280,65536,0.5078125,8448,nan,1.507711935452675,0.9914652613464799,0.5590169943749475,nan,nan,nan
linear_functional,same_dimension,64,64,64,2,correlated,coefficient_gt_one,1.75,0.0,1.5,least_squares,65536,65536,1.0,16384,nan,3.2210408465806953e-12,2.118143412988228e-12,0.5590169943749475,nan,nan,nan
linear_functional,equal_state_budget,64,64,64,2,correlated,coefficient_gt_one,1.75,0.0,1.5,csm,65536,65536,1.0,16384,nan,1.0720656226733642e-06,7.049860107695535e-07,0.5590169943749475,nan,nan,nan
linear_functional,equal_state_budget,64,64,64,2,correlated,coefficient_gt_one,1.75,0.0,1.5,hebbian,32768,65536,0.5,8192,nan,12.44766853101487,8.185536403246436,0.5590169943749475,nan,nan,nan
linear_functional,equal_state_budget,64,64,64,2,correlated,coefficient_gt_one,1.75,0.0,1.5,softmax,65536,65536,1.0,16704,1e-08,0.5590169943749475,0.3676073110469039,0.5590169943749475,0.0,0.0,0.0
linear_functional,equal_state_budget,64,64,64,2,correlated,coefficient_gt_one,1.75,0.0,1.5,linear_attention,33280,65536,0.5078125,8448,nan,1.507711935452675,0.9914652613464799,0.5590169943749475,nan,nan,nan
linear_functional,equal_state_budget,64,64,64,2,correlated,coefficient_gt_one,1.75,0.0,1.5,least_squares,65536,65536,1.0,16384,nan,3.2210408465806953e-12,2.118143412988228e-12,0.5590169943749475,nan,nan,nan
linear_functional,same_dimension,64,64,64,2,correlated,positive_sum_two,2.0,0.0009615384615384616,0.06153846153846154,csm,65536,65536,1.0,16384,nan,1.0854548736936213e-07,3.774671977336735e-07,0.13087362729884347,nan,nan,nan
linear_functional,same_dimension,64,64,64,2,correlated,positive_sum_two,2.0,0.0009615384615384616,0.06153846153846154,hebbian,32768,65536,0.5,8192,nan,14.178249887189608,49.30489865022091,0.13087362729884347,nan,nan,nan
linear_functional,same_dimension,64,64,64,2,correlated,positive_sum_two,2.0,0.0009615384615384616,0.06153846153846154,softmax,65536,65536,1.0,16704,0.1,0.1881598821588452,0.6543264502808313,0.13087362729884347,0.05728625486000172,0.006883647807419008,0.0
linear_functional,same_dimension,64,64,64,2,correlated,positive_sum_two,2.0,0.0009615384615384616,0.06153846153846154,linear_attention,33280,65536,0.5078125,8448,nan,0.18922079268808756,0.6580157692403249,0.13087362729884347,nan,nan,nan
linear_functional,same_dimension,64,64,64,2,correlated,positive_sum_two,2.0,0.0009615384615384616,0.06153846153846154,least_squares,65536,65536,1.0,16384,nan,4.141941521014116e-13,1.4403611766869672e-12,0.13087362729884347,nan,nan,nan
linear_functional,equal_state_budget,64,64,64,2,correlated,positive_sum_two,2.0,0.0009615384615384616,0.06153846153846154,csm,65536,65536,1.0,16384,nan,1.0854548736936213e-07,3.774671977336735e-07,0.13087362729884347,nan,nan,nan
linear_functional,equal_state_budget,64,64,64,2,correlated,positive_sum_two,2.0,0.0009615384615384616,0.06153846153846154,hebbian,32768,65536,0.5,8192,nan,14.178249887189608,49.30489865022091,0.13087362729884347,nan,nan,nan
linear_functional,equal_state_budget,64,64,64,2,correlated,positive_sum_two,2.0,0.0009615384615384616,0.06153846153846154,softmax,65536,65536,1.0,16704,0.1,0.1881598821588452,0.6543264502808313,0.13087362729884347,0.05728625486000172,0.006883647807419008,0.0
linear_functional,equal_state_budget,64,64,64,2,correlated,positive_sum_two,2.0,0.0009615384615384616,0.06153846153846154,linear_attention,33280,65536,0.5078125,8448,nan,0.18922079268808756,0.6580157692403249,0.13087362729884347,nan,nan,nan
linear_functional,equal_state_budget,64,64,64,2,correlated,positive_sum_two,2.0,0.0009615384615384616,0.06153846153846154,least_squares,65536,65536,1.0,16384,nan,4.141941521014116e-13,1.4403611766869672e-12,0.13087362729884347,nan,nan,nan
linear_functional,same_dimension,64,64,64,2,correlated,mixed_nonunit,1.5,-1.5,2.0,csm,65536,65536,1.0,16384,nan,1.813562574223566e-06,6.916656271112412e-07,1.9685019685029528,nan,nan,nan
linear_functional,same_dimension,64,64,64,2,correlated,mixed_nonunit,1.5,-1.5,2.0,hebbian,32768,65536,0.5,8192,nan,10.831453843903931,4.130954410921106,1.9685019685029528,nan,nan,nan
linear_functional,same_dimension,64,64,64,2,correlated,mixed_nonunit,1.5,-1.5,2.0,softmax,65536,65536,1.0,16704,1e-08,1.9685019685029528,0.7507571935295483,1.9685019685029528,0.0,0.0,0.0
linear_functional,same_dimension,64,64,64,2,correlated,mixed_nonunit,1.5,-1.5,2.0,linear_attention,33280,65536,0.5078125,8448,nan,2.6159401402202493,0.9976804237623507,1.9685019685029528,nan,nan,nan
linear_functional,same_dimension,64,64,64,2,correlated,mixed_nonunit,1.5,-1.5,2.0,least_squares,65536,65536,1.0,16384,nan,5.580347110986392e-12,2.1282608821320984e-12,1.9685019685029528,nan,nan,nan
linear_functional,equal_state_budget,64,64,64,2,correlated,mixed_nonunit,1.5,-1.5,2.0,csm,65536,65536,1.0,16384,nan,1.813562574223566e-06,6.916656271112412e-07,1.9685019685029528,nan,nan,nan
linear_functional,equal_state_budget,64,64,64,2,correlated,mixed_nonunit,1.5,-1.5,2.0,hebbian,32768,65536,0.5,8192,nan,10.831453843903931,4.130954410921106,1.9685019685029528,nan,nan,nan
linear_functional,equal_state_budget,64,64,64,2,correlated,mixed_nonunit,1.5,-1.5,2.0,softmax,65536,65536,1.0,16704,1e-08,1.9685019685029528,0.7507571935295483,1.9685019685029528,0.0,0.0,0.0
linear_functional,equal_state_budget,64,64,64,2,correlated,mixed_nonunit,1.5,-1.5,2.0,linear_attention,33280,65536,0.5078125,8448,nan,2.6159401402202493,0.9976804237623507,1.9685019685029528,nan,nan,nan
linear_functional,equal_state_budget,64,64,64,2,correlated,mixed_nonunit,1.5,-1.5,2.0,least_squares,65536,65536,1.0,16384,nan,5.580347110986392e-12,2.1282608821320984e-12,1.9685019685029528,nan,nan,nan
